{
"type": "FeatureCollection",
"name": "sempadan_pbt_selangor_2024",
"crs": { "type": "name", "properties": { "name": "urn:ogc:def:crs:OGC:1.3:CRS84" } },
"features": [
{ "type": "Feature", "properties": { "OBJECTID": 12, "KATEGORI": "Majlis Daerah", "NAMA_PBT": "Majlis Daerah Sabak Bernam", "Shape_area": 99812.092181500004, "web_name": "Majlis Daerah Sabak Bernam", "web_type": "Majlis Daerah", "web_area": 99812.092181500004 }, "geometry": { "type": "Polygon", "coordinates": [ [ [ 100.965572753329596, 3.827520842225749 ], [ 100.969384928824738, 3.825764129457679 ], [ 100.970373923348461, 3.824867372580489 ], [ 100.973400180478635, 3.822727431016648 ], [ 100.974091323373955, 3.822009972671714 ], [ 100.976164630406359, 3.820096858111899 ], [ 100.97753513219952, 3.818374811852176 ], [ 100.978381544219829, 3.816724291135763 ], [ 100.978727417660195, 3.815719544682182 ], [ 100.979002021814281, 3.814308013697637 ], [ 100.979109803071509, 3.813063888140424 ], [ 100.979122478195663, 3.811448856559569 ], [ 100.978992191738811, 3.809917499321152 ], [ 100.978421242723442, 3.808362004949275 ], [ 100.978111971366872, 3.807536393330575 ], [ 100.977421708402559, 3.806435444628751 ], [ 100.976921814783239, 3.805741337027525 ], [ 100.976136120243083, 3.804963349263902 ], [ 100.974826533283775, 3.803874064445463 ], [ 100.974159753700533, 3.803490919325104 ], [ 100.97280226713282, 3.802951917597243 ], [ 100.967205730980723, 3.800520655163955 ], [ 100.964669473589666, 3.799347012062738 ], [ 100.963383576236055, 3.798568767653074 ], [ 100.962597829146191, 3.797934328077039 ], [ 100.962038190084684, 3.797670859869413 ], [ 100.960966723684152, 3.796797012909837 ], [ 100.960312018684107, 3.796102820628167 ], [ 100.959657491928766, 3.795049731542136 ], [ 100.959217090768661, 3.794511167230481 ], [ 100.95902103851607, 3.793577938565217 ], [ 100.958974593429232, 3.793570737463381 ], [ 100.958885446623754, 3.793211796497856 ], [ 100.958714149993384, 3.792795391090912 ], [ 100.958446667575529, 3.791804703279796 ], [ 100.958329218017781, 3.790878691726956 ], [ 100.958140394720772, 3.789780374214885 ], [ 100.957977063768553, 3.787709459954168 ], [ 100.958031639742742, 3.78572478957595 ], [ 100.958160820856733, 3.784601507933993 ], [ 100.958254201250767, 3.783621766974905 ], [ 100.958576122890904, 3.782896956351178 ], [ 100.958651297826918, 3.782606287572934 ], [ 100.959144973663214, 3.781364751028545 ], [ 100.95990658136742, 3.78019512629833 ], [ 100.960171130650991, 3.779883017417022 ], [ 100.961104363592483, 3.778451481735157 ], [ 100.962658316681967, 3.776062713938222 ], [ 100.96330167186828, 3.775584501375278 ], [ 100.96467912101825, 3.774159160389697 ], [ 100.965308472027132, 3.773615332720851 ], [ 100.965818196968826, 3.773097382557705 ], [ 100.966556843520536, 3.772580931282153 ], [ 100.966971506127848, 3.772150456872394 ], [ 100.967629163502451, 3.7716387503666 ], [ 100.968124796560346, 3.771237026404953 ], [ 100.96858700639018, 3.770993200631139 ], [ 100.969916424719145, 3.770352614623574 ], [ 100.97034525466178, 3.770175765812897 ], [ 100.970588244565363, 3.770104103644614 ], [ 100.971412582035128, 3.769697750759525 ], [ 100.971970023386987, 3.769544889470623 ], [ 100.973103872138381, 3.76942580146071 ], [ 100.973999499571775, 3.769368806868842 ], [ 100.975481057663387, 3.769355158568558 ], [ 100.975928832888158, 3.769408010223654 ], [ 100.976781542823616, 3.769441912998134 ], [ 100.977448434157296, 3.769537935696842 ], [ 100.978744068464394, 3.769811311678801 ], [ 100.979882519405535, 3.770036758654675 ], [ 100.981139977592946, 3.770453672281691 ], [ 100.983064230059838, 3.771181941390607 ], [ 100.984011735801374, 3.772259077942616 ], [ 100.984601910552001, 3.773431753067147 ], [ 100.984901431574713, 3.774733495592539 ], [ 100.984933818176685, 3.776810332712353 ], [ 100.984923557575812, 3.778394263535274 ], [ 100.984936996437298, 3.780236611767858 ], [ 100.98498391743324, 3.781787072062201 ], [ 100.985063147935577, 3.785577069360983 ], [ 100.985086264324764, 3.787094021255134 ], [ 100.985237665041737, 3.789347969780263 ], [ 100.98535631975524, 3.790305085872509 ], [ 100.985741611671344, 3.791573371368174 ], [ 100.986112592689295, 3.792884717813026 ], [ 100.986331364804514, 3.793683965646287 ], [ 100.986997810810379, 3.794784896536742 ], [ 100.987726161314043, 3.795948064851646 ], [ 100.988711759817875, 3.79713049356929 ], [ 100.98944979851278, 3.797953908711071 ], [ 100.990225974624821, 3.798724702670844 ], [ 100.991668920848767, 3.799912125764031 ], [ 100.992411863987613, 3.800438852162954 ], [ 100.992983382477064, 3.800793228085522 ], [ 100.993678774247485, 3.801128519388819 ], [ 100.994488539666676, 3.80138251243592 ], [ 100.995579481754547, 3.80141650929134 ], [ 100.996627578164123, 3.80138349091315 ], [ 100.996980142676691, 3.801321442670668 ], [ 100.997351782593128, 3.801216335187324 ], [ 100.998562042124917, 3.800767066335561 ], [ 100.999486441071994, 3.80036073406188 ], [ 101.000534743757825, 3.799863535752186 ], [ 101.001635434210257, 3.799399856798273 ], [ 101.002874281362566, 3.798931452994283 ], [ 101.00475135778467, 3.798788733700633 ], [ 101.005585018242627, 3.798875241126065 ], [ 101.006285282863288, 3.798971259079437 ], [ 101.007123625567047, 3.799244394386991 ], [ 101.007866672077782, 3.799555769244006 ], [ 101.008171492232393, 3.799728175533981 ], [ 101.009552660089128, 3.800623639711857 ], [ 101.011862539486529, 3.802146386158106 ], [ 101.012629322943368, 3.802658751022625 ], [ 101.013610458976856, 3.803238203356641 ], [ 101.014191563445735, 3.803482508112254 ], [ 101.015201368024051, 3.803870558588866 ], [ 101.015677664893602, 3.80411481683367 ], [ 101.017020888798555, 3.804651354972528 ], [ 101.018087892921059, 3.804972432591088 ], [ 101.019254897490285, 3.805398829044438 ], [ 101.020493406358042, 3.805724762957614 ], [ 101.021255598288818, 3.805849507907144 ], [ 101.022027298238967, 3.806022109479734 ], [ 101.02283241949516, 3.806022453041019 ], [ 101.023751927909856, 3.805903211426547 ], [ 101.024633364061017, 3.805688246195356 ], [ 101.025200385965121, 3.805444435000136 ], [ 101.025762687625544, 3.805095344281348 ], [ 101.026124901810377, 3.804741383355071 ], [ 101.026525215860914, 3.804416150260602 ], [ 101.027030401965348, 3.803937830737453 ], [ 101.027611883536537, 3.803287271241116 ], [ 101.028398425565641, 3.802134338116694 ], [ 101.028899006023138, 3.801268403925563 ], [ 101.029304222111122, 3.80060341316032 ], [ 101.029604637504434, 3.79991923706039 ], [ 101.030710992475832, 3.797235130000745 ], [ 101.030973407867023, 3.796273388352898 ], [ 101.031150069104839, 3.795316396257908 ], [ 101.03105045325222, 3.794277938771697 ], [ 101.030714428629096, 3.793652632387385 ], [ 101.030322158464116, 3.79284203770246 ], [ 101.029998262591235, 3.792712699031627 ], [ 101.028650835416428, 3.790845859407393 ], [ 101.027998535796684, 3.789974657189459 ], [ 101.02720806131309, 3.789156035249148 ], [ 101.026274895435563, 3.78779661092616 ], [ 101.025955971333033, 3.787174384492706 ], [ 101.025779931460349, 3.786633568633806 ], [ 101.025685034070435, 3.785719531482878 ], [ 101.025709035199867, 3.785284076925572 ], [ 101.025756746173542, 3.785111825258695 ], [ 101.025761633734405, 3.7848151371049 ], [ 101.025952483295058, 3.784111774397739 ], [ 101.026343372811183, 3.783513772763154 ], [ 101.027029615888921, 3.782935035950999 ], [ 101.027744270966153, 3.782767848518496 ], [ 101.028487497314956, 3.782629384351905 ], [ 101.028782853370629, 3.782643863479616 ], [ 101.029011544420086, 3.782586534824914 ], [ 101.029364025865092, 3.782701529434402 ], [ 101.029554580028062, 3.78270639403119 ], [ 101.030464402951495, 3.782907755733602 ], [ 101.032121820632781, 3.783937287557396 ], [ 101.033045792547554, 3.784492766967304 ], [ 101.03364118220162, 3.784737063919506 ], [ 101.034650986169069, 3.785096378530341 ], [ 101.03585137871849, 3.785379204688628 ], [ 101.037051835814481, 3.785504113328193 ], [ 101.037742594383218, 3.785528321202008 ], [ 101.038323779002639, 3.78556205470735 ], [ 101.039448077329439, 3.785529013156553 ], [ 101.040777191567386, 3.785577403411818 ], [ 101.041177356953213, 3.785587135334765 ], [ 101.041672787381614, 3.785630402729831 ], [ 101.04254451233723, 3.785812595585794 ], [ 101.043339908602647, 3.786262735799334 ], [ 101.043816213679037, 3.786483051751936 ], [ 101.044335322375602, 3.786885227293286 ], [ 101.045297393799146, 3.787498133814053 ], [ 101.046618640706555, 3.788578229587002 ], [ 101.048338231988922, 3.790181614082861 ], [ 101.049499970751086, 3.79134698031398 ], [ 101.050777139984319, 3.792515731482138 ], [ 101.051824235910232, 3.793372029997157 ], [ 101.052377296128583, 3.793894535321378 ], [ 101.053682341917039, 3.794622415665691 ], [ 101.055244622307868, 3.795407817995741 ], [ 101.056883176644746, 3.796068828292789 ], [ 101.057540616361678, 3.796040369518402 ], [ 101.058522057373366, 3.79587804506644 ], [ 101.059284500409817, 3.795332808324589 ], [ 101.059951702917701, 3.794682256921856 ], [ 101.060247376598994, 3.793868861604708 ], [ 101.060495193145186, 3.793629688986194 ], [ 101.060857644343201, 3.792596193044373 ], [ 101.060791198095032, 3.791935790445665 ], [ 101.060638930405304, 3.791277808433298 ], [ 101.060325172840535, 3.789705643214695 ], [ 101.060066670554022, 3.789315195837435 ], [ 101.059382358063402, 3.788528089256908 ], [ 101.058220364989893, 3.787455728026515 ], [ 101.057429891494095, 3.786565351191254 ], [ 101.056829863223371, 3.785971738206328 ], [ 101.05576569284591, 3.784903565799116 ], [ 101.055041515424293, 3.783708594284076 ], [ 101.054439752092804, 3.782381810065294 ], [ 101.054020966099245, 3.781242736790673 ], [ 101.053831307136804, 3.778907417000561 ], [ 101.054012731257245, 3.777873853604873 ], [ 101.054222583996335, 3.777242269771249 ], [ 101.054499167223426, 3.776515004808967 ], [ 101.054899647042348, 3.775692080685896 ], [ 101.055385919373293, 3.774754341137006 ], [ 101.055919818182005, 3.773845331570105 ], [ 101.057120963568096, 3.772123069033898 ], [ 101.057845665952982, 3.770544182829727 ], [ 101.058208401306018, 3.768735461252772 ], [ 101.058399257997294, 3.767931596175858 ], [ 101.058353714101273, 3.764110168663345 ], [ 101.058163018400265, 3.762763334098568 ], [ 101.058182272185931, 3.762236953502491 ], [ 101.057858945014758, 3.760619383821847 ], [ 101.057592386461607, 3.760054611564261 ], [ 101.05754020057671, 3.759383219898427 ], [ 101.05727267901608, 3.758216690103801 ], [ 101.057158718881922, 3.757236847285388 ], [ 101.057162571096498, 3.75649751296464 ], [ 101.057227090656454, 3.755944830213848 ], [ 101.057227219439085, 3.755603874426776 ], [ 101.057531316471184, 3.754523698576346 ], [ 101.057710042349896, 3.754297659022649 ], [ 101.057828057398808, 3.753999816154006 ], [ 101.058307028726148, 3.753429345679851 ], [ 101.059214760337397, 3.752794435129561 ], [ 101.059679235820411, 3.752765898764138 ], [ 101.060147327040767, 3.752622515189951 ], [ 101.061204742121774, 3.752985403765435 ], [ 101.062744269954948, 3.753933480639266 ], [ 101.063397765739623, 3.754820210966012 ], [ 101.064036903777904, 3.755889975112496 ], [ 101.064364789672197, 3.758090161367186 ], [ 101.064313786081371, 3.760749599513911 ], [ 101.064538473908485, 3.7618335647196 ], [ 101.065149025650712, 3.762928440841753 ], [ 101.065631048843784, 3.763772038015992 ], [ 101.065898890891887, 3.764102326722687 ], [ 101.066484643075441, 3.764633718120416 ], [ 101.067084767800139, 3.76494618480155 ], [ 101.067935004722827, 3.765226442519142 ], [ 101.068560198113559, 3.765381000996173 ], [ 101.070176988886587, 3.765567055470957 ], [ 101.071400461859582, 3.765816315196909 ], [ 101.073332078029509, 3.766206147713647 ], [ 101.074901571151287, 3.766632295225446 ], [ 101.076816248987583, 3.767688156359272 ], [ 101.077427106940377, 3.767975497115865 ], [ 101.078206341143698, 3.768529980351399 ], [ 101.079265926279618, 3.769565192099277 ], [ 101.079813513321184, 3.770283190601037 ], [ 101.080196729868746, 3.771053975883377 ], [ 101.080765591234638, 3.772239543153582 ], [ 101.081467637897916, 3.774004392014041 ], [ 101.082270875149817, 3.775894891875152 ], [ 101.082919604019494, 3.776888082564073 ], [ 101.08423502652721, 3.778599311187966 ], [ 101.084674800484208, 3.779036746718239 ], [ 101.084824327543657, 3.779257504923575 ], [ 101.085895904539427, 3.780113263390376 ], [ 101.08754493830304, 3.781453739522254 ], [ 101.08832479545714, 3.782123961012037 ], [ 101.088979722700103, 3.782441218464753 ], [ 101.089342935294397, 3.782543033300846 ], [ 101.089991992418774, 3.782615038448799 ], [ 101.090442843116506, 3.782483482514259 ], [ 101.091403535452045, 3.781921648757904 ], [ 101.091891989964992, 3.781467207761512 ], [ 101.092100497985641, 3.781210066388769 ], [ 101.09245211786147, 3.780378731036 ], [ 101.092476366132814, 3.779116601031661 ], [ 101.092375365301223, 3.778434652801802 ], [ 101.092137399068989, 3.777764620984094 ], [ 101.091536475080616, 3.776251045020908 ], [ 101.090959164172389, 3.775347610077239 ], [ 101.090000901222439, 3.773989434380439 ], [ 101.089346252382356, 3.772876612457724 ], [ 101.088197664846305, 3.770866364310858 ], [ 101.087602617676609, 3.769610001307076 ], [ 101.087454022027316, 3.768814383962839 ], [ 101.087502280335386, 3.767013909906277 ], [ 101.087895669590679, 3.765925377536104 ], [ 101.088795199871441, 3.764872910205287 ], [ 101.089527876320332, 3.764167322759112 ], [ 101.091856602545619, 3.762935892416606 ], [ 101.09265473649603, 3.762349958373347 ], [ 101.093905612509502, 3.761219842525546 ], [ 101.09550212538295, 3.759294274902421 ], [ 101.096562567810466, 3.757787242936365 ], [ 101.096985610854887, 3.757009763564894 ], [ 101.097789781624499, 3.756148667668041 ], [ 101.097795707365805, 3.756236002533165 ], [ 101.098710695547084, 3.755188313525725 ], [ 101.099530302440343, 3.754456425707994 ], [ 101.100087809075234, 3.754006786602612 ], [ 101.100793055556025, 3.753360996031029 ], [ 101.10131726943122, 3.752743857223619 ], [ 101.101793945207959, 3.751820438970073 ], [ 101.101937079106492, 3.751140964213188 ], [ 101.10189915514502, 3.750571493198859 ], [ 101.101646857293218, 3.750021093003382 ], [ 101.101032634256697, 3.749111670871252 ], [ 101.100480237184385, 3.748518102957333 ], [ 101.100151617621776, 3.748283511276437 ], [ 101.099641942441323, 3.748154137467281 ], [ 101.099122661174576, 3.748264028421829 ], [ 101.09828414751135, 3.74856522727895 ], [ 101.097807687040387, 3.748833048711685 ], [ 101.097583716157729, 3.749062671369164 ], [ 101.097383585967322, 3.749225306836943 ], [ 101.096564081123375, 3.749660500455267 ], [ 101.096120903452629, 3.750114961208654 ], [ 101.095734816654655, 3.750789567611668 ], [ 101.095610849524661, 3.751119715940844 ], [ 101.095353313969639, 3.752000135972256 ], [ 101.095005194720684, 3.753095866617333 ], [ 101.09488599226971, 3.753421231024876 ], [ 101.094600002501849, 3.75391402672107 ], [ 101.094161553135791, 3.754464195025762 ], [ 101.093761269501925, 3.754846888339376 ], [ 101.093546837899694, 3.755033444704412 ], [ 101.093275250820795, 3.755191269425065 ], [ 101.092956021257024, 3.755363433935984 ], [ 101.092589165311907, 3.755502084574024 ], [ 101.092026980680814, 3.755683736677572 ], [ 101.090869269276226, 3.756032672236187 ], [ 101.09051194673782, 3.756152183773031 ], [ 101.088730160145971, 3.756563111782101 ], [ 101.088148902576606, 3.756792608269568 ], [ 101.08756765948371, 3.75697903611805 ], [ 101.086657660361496, 3.757328051571667 ], [ 101.085781051501087, 3.75754787298331 ], [ 101.084732964800793, 3.7577149945846 ], [ 101.083437185060632, 3.757815032926075 ], [ 101.08291314387894, 3.757891414411147 ], [ 101.082532027366355, 3.75793434844061 ], [ 101.081437370284647, 3.757962900577807 ], [ 101.080740815049296, 3.758034208036285 ], [ 101.079935645380672, 3.758297116889824 ], [ 101.07955452010961, 3.758363976361248 ], [ 101.078635053079637, 3.758531136187392 ], [ 101.077865732739397, 3.75880219994663 ], [ 101.07739155909529, 3.758951802753777 ], [ 101.076891315151798, 3.759085613284072 ], [ 101.076266585019155, 3.759265256565119 ], [ 101.075852696098991, 3.759410643952887 ], [ 101.074938026996506, 3.759477309032874 ], [ 101.074848879985041, 3.759351910109878 ], [ 101.074752287674897, 3.759343252048563 ], [ 101.074466558859456, 3.759070383638658 ], [ 101.074399934628275, 3.758878945428219 ], [ 101.073980909744975, 3.758357190315797 ], [ 101.073838219962539, 3.757735042784216 ], [ 101.073924089712136, 3.757395313843544 ], [ 101.073909849934765, 3.757251748104156 ], [ 101.073948083679298, 3.756907216547737 ], [ 101.074119725002987, 3.756500523677188 ], [ 101.074348510683691, 3.756151275653505 ], [ 101.074663038661384, 3.75581641457991 ], [ 101.075311550364248, 3.754022140916373 ], [ 101.075559328384301, 3.753845172041679 ], [ 101.076517562692558, 3.751816526118455 ], [ 101.076584402903947, 3.751400224236298 ], [ 101.077089687869687, 3.750472046387269 ], [ 101.077294596013871, 3.750280705485208 ], [ 101.077704566105211, 3.749462556232869 ], [ 101.07816690415882, 3.748735347133213 ], [ 101.078834217723241, 3.747620596789 ], [ 101.07892483108624, 3.747328722280991 ], [ 101.079363397129129, 3.746462728550867 ], [ 101.079573109516261, 3.746151754768605 ], [ 101.079668465976681, 3.745917306101876 ], [ 101.079683125118734, 3.744869318185075 ], [ 101.079164176550719, 3.744031696751786 ], [ 101.078859404598759, 3.743734896447933 ], [ 101.077835697429805, 3.74235634969653 ], [ 101.077659662495819, 3.741729405319338 ], [ 101.076550319941362, 3.740049349423238 ], [ 101.075964585282421, 3.739494038595421 ], [ 101.075307537545356, 3.738541517347353 ], [ 101.074975356835793, 3.737724654517561 ], [ 101.074036428201396, 3.736330226418686 ], [ 101.073607855078237, 3.735894604734808 ], [ 101.073146039512551, 3.735171849587246 ], [ 101.073151070092166, 3.734425336044558 ], [ 101.073046557480609, 3.733621358706012 ], [ 101.072856335552686, 3.732716857965965 ], [ 101.072885221976406, 3.731865075201324 ], [ 101.072999790213416, 3.731190381462774 ], [ 101.073338244978956, 3.730525339073271 ], [ 101.073891019335008, 3.729980007474138 ], [ 101.074286534107827, 3.729602106471886 ], [ 101.075063154594659, 3.729176488265969 ], [ 101.075787344102437, 3.728836986995814 ], [ 101.076559113375652, 3.728655418819085 ], [ 101.0773023175296, 3.728425986206545 ], [ 101.078059709539076, 3.728488464788005 ], [ 101.078516895151225, 3.72883317258285 ], [ 101.078935388077582, 3.728918037904548 ], [ 101.079331373882255, 3.72911579679996 ], [ 101.079831384322461, 3.729599294497217 ], [ 101.079902786716403, 3.72974766579336 ], [ 101.080326700142862, 3.729886590591517 ], [ 101.080593280810632, 3.730408288542636 ], [ 101.080683599383178, 3.730953851219799 ], [ 101.080592968699634, 3.731303150503993 ], [ 101.080726148285535, 3.731882225772814 ], [ 101.080764077089569, 3.732399057849677 ], [ 101.0810640491041, 3.732791562780575 ], [ 101.08121153171767, 3.733337145519427 ], [ 101.081259023076711, 3.733753488416572 ], [ 101.081173209236553, 3.733949657952178 ], [ 101.081263456663564, 3.734700990978515 ], [ 101.081563186383448, 3.735792158072191 ], [ 101.081815556565815, 3.736088938939878 ], [ 101.082149726114167, 3.737289863118035 ], [ 101.082029375061751, 3.737658611620374 ], [ 101.082214647027797, 3.739127781710061 ], [ 101.082362052906063, 3.739898276144618 ], [ 101.082766825391587, 3.740300388173363 ], [ 101.083109658831617, 3.740735975874223 ], [ 101.083509547305653, 3.741487417096178 ], [ 101.083747578864362, 3.741927753308283 ], [ 101.083942681176666, 3.742530776682209 ], [ 101.084523744992055, 3.742837242406348 ], [ 101.085228706341269, 3.743024116893586 ], [ 101.08573841601573, 3.743038650109486 ], [ 101.086124294482488, 3.742981359697116 ], [ 101.086900873997493, 3.742694507050264 ], [ 101.087610776139684, 3.742364562422189 ], [ 101.08871611229867, 3.741891192354097 ], [ 101.089702278920555, 3.741642691966088 ], [ 101.090569273636248, 3.741628632457426 ], [ 101.091426665051941, 3.741839480842093 ], [ 101.092126861789211, 3.742031133561316 ], [ 101.092550761956346, 3.742232262746882 ], [ 101.093027005001332, 3.742605682541943 ], [ 101.094098510844418, 3.743572688348586 ], [ 101.09505099839852, 3.744324311580034 ], [ 101.09605595505603, 3.744874966214561 ], [ 101.096660862119819, 3.745124007941277 ], [ 101.097384911151707, 3.745224742791711 ], [ 101.097842267468423, 3.745100475993192 ], [ 101.09783272583357, 3.745143541092142 ], [ 101.098614095590833, 3.744770542921212 ], [ 101.09892857840579, 3.744531379219604 ], [ 101.099052505376392, 3.744316078952503 ], [ 101.099190748547827, 3.744024217568817 ], [ 101.099233796462386, 3.743493056299119 ], [ 101.099481984648563, 3.742043172844767 ], [ 101.099501334778978, 3.741143530500327 ], [ 101.099497039202021, 3.739717490052453 ], [ 101.099449870498631, 3.738291435364184 ], [ 101.0995408414812, 3.736884567824319 ], [ 101.099822428402746, 3.735262421722685 ], [ 101.100013227886407, 3.734487255346205 ], [ 101.1005327054893, 3.733750480180118 ], [ 101.101052126043896, 3.733185977830681 ], [ 101.101609614503545, 3.732745907164932 ], [ 101.10190500791181, 3.732597657655071 ], [ 101.102233729556758, 3.732502057997286 ], [ 101.10281490961323, 3.7324496090541 ], [ 101.103920064279492, 3.732473896328278 ], [ 101.104648864426622, 3.732584196739298 ], [ 101.105544339699648, 3.732857253074867 ], [ 101.106220669949963, 3.733187662225933 ], [ 101.106796840520317, 3.733905653553105 ], [ 101.107044300779847, 3.73468574854107 ], [ 101.107074598699597, 3.735417637230176 ], [ 101.107015277342569, 3.736068710985884 ], [ 101.106643224354144, 3.737595123781704 ], [ 101.106371384698988, 3.738566465880429 ], [ 101.106142510982153, 3.739245914238778 ], [ 101.105875439947653, 3.740198116135581 ], [ 101.10573705981129, 3.740925447300698 ], [ 101.105722524334439, 3.741686316157057 ], [ 101.106026896022058, 3.743256015614618 ], [ 101.10667431463321, 3.744639196642986 ], [ 101.107674305788123, 3.745845432395769 ], [ 101.108441094307622, 3.746372069830447 ], [ 101.110050979847628, 3.747152601211666 ], [ 101.110508264250427, 3.747253240074118 ], [ 101.111089474745782, 3.747133791178591 ], [ 101.111713632319308, 3.746779872395971 ], [ 101.112318826275782, 3.746134039513316 ], [ 101.112952648012694, 3.745339868694576 ], [ 101.113700879509551, 3.744282537984752 ], [ 101.114587282923594, 3.743139113213123 ], [ 101.116083599718607, 3.741464701754171 ], [ 101.116402900881525, 3.741029332522169 ], [ 101.117537237836601, 3.739139463227837 ], [ 101.117847052674676, 3.738565314553616 ], [ 101.118566723738539, 3.737397906207869 ], [ 101.119181473997727, 3.736618080068621 ], [ 101.119734170179271, 3.736249776523409 ], [ 101.120158177416073, 3.736111131049488 ], [ 101.120610759145322, 3.735996421000057 ], [ 101.120906109811102, 3.735982155422438 ], [ 101.121272894903058, 3.736034906857657 ], [ 101.122034979116734, 3.73636533062272 ], [ 101.122773159032107, 3.736982869027697 ], [ 101.123120760293844, 3.737466297703588 ], [ 101.1234587769992, 3.738141138384709 ], [ 101.123734777331109, 3.739112653447576 ], [ 101.123715493848351, 3.739873522338189 ], [ 101.123560960644781, 3.740631733813613 ], [ 101.123005044292498, 3.742069793683282 ], [ 101.122642686248952, 3.743122465765989 ], [ 101.122285002573193, 3.744467046893363 ], [ 101.122341890232477, 3.745381070822627 ], [ 101.122465494446843, 3.746213763752658 ], [ 101.122651063260321, 3.746926841223964 ], [ 101.122784338584935, 3.74728578499354 ], [ 101.122993803046541, 3.747745244851683 ], [ 101.123169991075201, 3.747974996547824 ], [ 101.124189126530439, 3.74897066456171 ], [ 101.125279669882602, 3.750133841263231 ], [ 101.125851116623593, 3.750803966514486 ], [ 101.126465334928113, 3.751818651363567 ], [ 101.127076288588341, 3.752818863828783 ], [ 101.127741400205267, 3.753891102663054 ], [ 101.12813488996494, 3.754722876728507 ], [ 101.128874476207329, 3.756241061491994 ], [ 101.130240914955806, 3.758820786656976 ], [ 101.130554947673986, 3.760098575472447 ], [ 101.130973667637278, 3.761773581503162 ], [ 101.131292554607967, 3.762749892862152 ], [ 101.131573459710538, 3.763290723649305 ], [ 101.132064003235712, 3.763726338128858 ], [ 101.132354546003228, 3.763893912203205 ], [ 101.132616542466437, 3.763937057973131 ], [ 101.132854739528256, 3.763913201375327 ], [ 101.133021503321217, 3.763807972257921 ], [ 101.133707788880017, 3.76278410359576 ], [ 101.133985606157282, 3.762108020420561 ], [ 101.13416072772543, 3.761482613976498 ], [ 101.13424666356218, 3.760836613229258 ], [ 101.134208720085326, 3.760262356818671 ], [ 101.134246958179759, 3.759822113297172 ], [ 101.134523582109225, 3.75870241593373 ], [ 101.134676862895773, 3.755802521738691 ], [ 101.134829775259433, 3.754170752425359 ], [ 101.135263657696228, 3.752850114485038 ], [ 101.135864113703292, 3.752070272432606 ], [ 101.136207190826667, 3.751764107786419 ], [ 101.137031489822093, 3.751161388747964 ], [ 101.137512697924549, 3.750912688012357 ], [ 101.138298799436228, 3.750611435568965 ], [ 101.138746677113303, 3.750305299955041 ], [ 101.140109330631105, 3.74950174616412 ], [ 101.141762608791808, 3.748554711070058 ], [ 101.143182440015167, 3.747684172940173 ], [ 101.144063798878847, 3.747426010239256 ], [ 101.144278734879634, 3.747302589569168 ], [ 101.144940544745651, 3.74662231168337 ], [ 101.145107445500429, 3.746005043959177 ], [ 101.144902783957733, 3.745363745421482 ], [ 101.144626603498907, 3.744952125206351 ], [ 101.144097985962745, 3.744401658032631 ], [ 101.14341687754883, 3.744042562999659 ], [ 101.142821470671251, 3.743846194637498 ], [ 101.141078167897589, 3.743103967183448 ], [ 101.140144663307964, 3.74247203130396 ], [ 101.139835095470829, 3.742218317830246 ], [ 101.139349347449169, 3.741696572569498 ], [ 101.138744624828831, 3.74076325021789 ], [ 101.138130403300977, 3.739734217165241 ], [ 101.137635142493536, 3.739169399923064 ], [ 101.13639211305015, 3.738164111695217 ], [ 101.135345622822641, 3.737587409699758 ], [ 101.135055090584942, 3.737410266318657 ], [ 101.134164420596605, 3.7369458254032 ], [ 101.133740579812368, 3.736515017636331 ], [ 101.133678700761735, 3.736347511284192 ], [ 101.133683530837473, 3.736117814460166 ], [ 101.133750306333923, 3.735825925768826 ], [ 101.134131613724236, 3.735079517622222 ], [ 101.134593823767347, 3.734605899452744 ], [ 101.134979710473132, 3.734495947778086 ], [ 101.135613313300894, 3.734362140766704 ], [ 101.136475555636736, 3.734281038464309 ], [ 101.137637900354008, 3.73422394843693 ], [ 101.139052731395282, 3.734119075166212 ], [ 101.14033425023645, 3.733765321834897 ], [ 101.141801608761469, 3.733201062187976 ], [ 101.142716306721425, 3.732914196941591 ], [ 101.143935932261201, 3.732426429956412 ], [ 101.14520320855911, 3.731881249829774 ], [ 101.146527674335346, 3.731235590506331 ], [ 101.147289940602363, 3.730919965725099 ], [ 101.147814012210219, 3.730652128563607 ], [ 101.148662030459448, 3.730307813806077 ], [ 101.149348098007621, 3.72991560004659 ], [ 101.150062740164259, 3.729547320430597 ], [ 101.151068005899205, 3.729016415976046 ], [ 101.151930353140713, 3.728518969359587 ], [ 101.152730722665652, 3.728208135243516 ], [ 101.153330927102516, 3.728246579888771 ], [ 101.153683409942744, 3.728337596937622 ], [ 101.153850113360463, 3.728423778649588 ], [ 101.154092996448256, 3.728653542387438 ], [ 101.154250140994705, 3.7288593561678 ], [ 101.154421547261592, 3.729175237665317 ], [ 101.154550053200808, 3.72959638619648 ], [ 101.154526066378423, 3.730232836381401 ], [ 101.154282872818158, 3.731170707284414 ], [ 101.154011188504882, 3.731764022517125 ], [ 101.153372534550243, 3.732993695486056 ], [ 101.153252875622471, 3.733371559683822 ], [ 101.153162712400814, 3.733826296359834 ], [ 101.152838514289613, 3.734804025043012 ], [ 101.152461826967169, 3.736180517529406 ], [ 101.152156669549782, 3.737238005372812 ], [ 101.152047024503645, 3.737539455012968 ], [ 101.151722924601799, 3.738175823499973 ], [ 101.151103356942883, 3.739257152358539 ], [ 101.150777242321396, 3.740032200699388 ], [ 101.15069808187161, 3.740601735318866 ], [ 101.150685366910764, 3.741319654663817 ], [ 101.150859668111565, 3.74200389731622 ], [ 101.150978658093095, 3.742381975196234 ], [ 101.151121489848379, 3.74267392261995 ], [ 101.15201202119205, 3.743707808026782 ], [ 101.152497782876296, 3.744210405244865 ], [ 101.152997875932385, 3.744564659135344 ], [ 101.153740951227618, 3.744794558249343 ], [ 101.15434593828148, 3.744804291871082 ], [ 101.154855690825869, 3.744665652552159 ], [ 101.155503628451058, 3.744383488296759 ], [ 101.155915675204128, 3.743915571062761 ], [ 101.156342338331143, 3.743249575489219 ], [ 101.156518782928288, 3.742536599782417 ], [ 101.156552300280623, 3.74195692710558 ], [ 101.156595768788137, 3.73962710468783 ], [ 101.156653134489559, 3.738861457908065 ], [ 101.156743810413445, 3.738229810812816 ], [ 101.156882131577746, 3.737564678622501 ], [ 101.157139693446894, 3.736330116814152 ], [ 101.157316103023973, 3.735741560794418 ], [ 101.15755918331439, 3.735229588566757 ], [ 101.157954711155824, 3.734674588008523 ], [ 101.158259674317662, 3.734330120471879 ], [ 101.159756027532893, 3.732134019925036 ], [ 101.160165886726404, 3.7314115332687 ], [ 101.160795002718572, 3.730181852159983 ], [ 101.161719718981175, 3.727947315136593 ], [ 101.161839013069141, 3.727152971196054 ], [ 101.161848773610373, 3.726243749473134 ], [ 101.162020410355282, 3.725669546991103 ], [ 101.162339691242465, 3.725200661210947 ], [ 101.162901842756355, 3.72501417598831 ], [ 101.163301656107706, 3.725042754817487 ], [ 101.163706817807409, 3.725296721142868 ], [ 101.163859166375317, 3.725636523052032 ], [ 101.163964864577551, 3.726252028885531 ], [ 101.164035118987286, 3.726818559905183 ], [ 101.164163291187393, 3.728570046043 ], [ 101.164158054350608, 3.730431561896373 ], [ 101.16404353509013, 3.731187624291008 ], [ 101.164000445656143, 3.732039412817342 ], [ 101.164071376281441, 3.734097149095513 ], [ 101.164065378405695, 3.734594985084646 ], [ 101.164175707341499, 3.735939551301164 ], [ 101.164332681271389, 3.736829674268552 ], [ 101.164670549222961, 3.738212738852686 ], [ 101.164970229740916, 3.739906843915541 ], [ 101.165165194077986, 3.741270730125585 ], [ 101.165250597758344, 3.742620232053208 ], [ 101.165159961318153, 3.743117889400485 ], [ 101.164954924372765, 3.743897855386175 ], [ 101.164354334176636, 3.745328532566232 ], [ 101.163920515724996, 3.74658697819753 ], [ 101.163806038629843, 3.747165980754383 ], [ 101.163782029060712, 3.747912495264946 ], [ 101.163891465967197, 3.748414989377651 ], [ 101.164062898625261, 3.748654303073109 ], [ 101.164272447242581, 3.748869699618358 ], [ 101.16478208964277, 3.749166524964476 ], [ 101.165034554691104, 3.749214443750498 ], [ 101.165701469640339, 3.749238541769129 ], [ 101.16594919772848, 3.749181180508224 ], [ 101.166249340043322, 3.749071193280308 ], [ 101.166773476238347, 3.748568861084913 ], [ 101.167092811875463, 3.747908558568389 ], [ 101.167367025559571, 3.746909428641019 ], [ 101.167526754155475, 3.746142859804165 ], [ 101.167732071963258, 3.744238326396089 ], [ 101.167765796302774, 3.742730936810135 ], [ 101.167890069866999, 3.741065652175871 ], [ 101.168395673193203, 3.738452956219716 ], [ 101.168648325409507, 3.737739996557943 ], [ 101.169306126108992, 3.736070060216889 ], [ 101.170030454950208, 3.735046167815883 ], [ 101.170511706221433, 3.734548607259535 ], [ 101.170964416435723, 3.733883550538875 ], [ 101.171236073597612, 3.733357224921284 ], [ 101.171474443884421, 3.732591621262667 ], [ 101.171543718888415, 3.732091963649344 ], [ 101.171508211559001, 3.731198282617769 ], [ 101.171397584498663, 3.730681432654422 ], [ 101.171158341611772, 3.730157372622783 ], [ 101.170836920418509, 3.729658415397823 ], [ 101.170547667257253, 3.729105630413578 ], [ 101.170487000345076, 3.728825669780067 ], [ 101.170472781323696, 3.728534953587612 ], [ 101.170526494241685, 3.728039678754895 ], [ 101.170644500690628, 3.727605433690433 ], [ 101.170858923961575, 3.727357842940722 ], [ 101.171116201857316, 3.727182043684922 ], [ 101.17130914100953, 3.727128255920972 ], [ 101.171494919739786, 3.727135480109185 ], [ 101.171684251786019, 3.727221664138531 ], [ 101.171773568459884, 3.727225275313461 ], [ 101.17247016284152, 3.727562817880376 ], [ 101.173348943829765, 3.727990130896893 ], [ 101.174920845580814, 3.72835659883096 ], [ 101.176049765631518, 3.72858657275398 ], [ 101.176717811158085, 3.728798488529941 ], [ 101.177968181235897, 3.729125393708802 ], [ 101.178789864419045, 3.729294276370608 ], [ 101.179843775842627, 3.729456035639014 ], [ 101.180661888666222, 3.729617737635984 ], [ 101.181583623918812, 3.72972203865818 ], [ 101.18216239323759, 3.72976524402784 ], [ 101.183019837542929, 3.729794158375892 ], [ 101.184163093101361, 3.729848262081309 ], [ 101.185906529143608, 3.730056832697619 ], [ 101.187406996871331, 3.73037301548557 ], [ 101.188035750648055, 3.730566968569746 ], [ 101.189286075479188, 3.73112355709916 ], [ 101.189818364360292, 3.731328254100471 ], [ 101.190615066151722, 3.731393037793467 ], [ 101.190804425894527, 3.731367957314976 ], [ 101.191050965202251, 3.731271108728819 ], [ 101.191304683602226, 3.731023521608577 ], [ 101.191390482573794, 3.730783074644037 ], [ 101.191365547367454, 3.730452876453873 ], [ 101.190583306341892, 3.72963439636334 ], [ 101.19007960885061, 3.729390226810058 ], [ 101.189715215784645, 3.729286061592915 ], [ 101.188207663923805, 3.728704291547642 ], [ 101.187715705634162, 3.728382918952087 ], [ 101.186440351166439, 3.727937583141371 ], [ 101.185429431680589, 3.727259018816222 ], [ 101.18499016439641, 3.726906486632441 ], [ 101.183729249003107, 3.725431796890003 ], [ 101.182715033724975, 3.72429282786571 ], [ 101.181972028393872, 3.723098502744 ], [ 101.181075562236899, 3.721913905031716 ], [ 101.180568401084855, 3.721235454736631 ], [ 101.179767106122227, 3.720601412709155 ], [ 101.179289658260444, 3.720068709830165 ], [ 101.178828953524672, 3.719350790199802 ], [ 101.178261111254955, 3.718456981340476 ], [ 101.177846791244392, 3.717997483812119 ], [ 101.177532457459932, 3.717742585875916 ], [ 101.176830748726914, 3.716841951689178 ], [ 101.176482453517181, 3.716242110868873 ], [ 101.17629686794028, 3.715438119376375 ], [ 101.176114770981911, 3.714985855347581 ], [ 101.175904028389439, 3.714802762909207 ], [ 101.175528906814264, 3.714773959595863 ], [ 101.174774994101753, 3.715118324883287 ], [ 101.17437835235296, 3.71543765339753 ], [ 101.17386733487119, 3.715965118466968 ], [ 101.173413414792819, 3.716758186653544 ], [ 101.172873603063664, 3.718154193243858 ], [ 101.172155248966334, 3.719169716422057 ], [ 101.171701400310525, 3.719657714585979 ], [ 101.171254754656687, 3.719908837235115 ], [ 101.17087962137316, 3.719919511327023 ], [ 101.170608138904299, 3.719754347784057 ], [ 101.170332031020166, 3.719029291872594 ], [ 101.170408745529599, 3.71700987447149 ], [ 101.170466246255202, 3.71563648047997 ], [ 101.170633190270749, 3.714741653093641 ], [ 101.171023979927213, 3.714009584543557 ], [ 101.171328936277263, 3.713641184590767 ], [ 101.171752979395677, 3.713277599310284 ], [ 101.172410432604011, 3.712923642053862 ], [ 101.173005986221924, 3.712459604982074 ], [ 101.173606313164555, 3.71195250006851 ], [ 101.173954222727474, 3.711239561053663 ], [ 101.174343778352636, 3.710667801205852 ], [ 101.174751199793178, 3.71008288565353 ], [ 101.17508711884382, 3.70970252823483 ], [ 101.175233606233803, 3.709663084264585 ], [ 101.175490820190362, 3.709727749493969 ], [ 101.176019505214441, 3.709997056047306 ], [ 101.17675892454524, 3.710481755979129 ], [ 101.1784840735926, 3.712312584606661 ], [ 101.179541344665807, 3.713292647001385 ], [ 101.180966512680172, 3.714649645397215 ], [ 101.181620166247541, 3.715256348941652 ], [ 101.182002363236805, 3.715586631444805 ], [ 101.1824702650147, 3.716085619219929 ], [ 101.183306137906101, 3.716642117700256 ], [ 101.183909834430551, 3.717001163612386 ], [ 101.184599224072869, 3.717582750111486 ], [ 101.185202910196395, 3.717992041880658 ], [ 101.185895950511323, 3.718239846689861 ], [ 101.186781933228104, 3.718408736292613 ], [ 101.187810800995265, 3.71867456208452 ], [ 101.188882517105995, 3.719048067963424 ], [ 101.189318261537892, 3.719586524595839 ], [ 101.189753933889619, 3.720447995528212 ], [ 101.190111016172054, 3.721273557978665 ], [ 101.190346705944762, 3.721750954988782 ], [ 101.191021883963273, 3.722013108132523 ], [ 101.191907896929962, 3.722067143203326 ], [ 101.19275462163381, 3.722070921897804 ], [ 101.193129786503235, 3.721920265534429 ], [ 101.193372802478876, 3.721586537984797 ], [ 101.193344326415215, 3.721109187884246 ], [ 101.193172885465415, 3.720893806629136 ], [ 101.192908538352512, 3.720753774675027 ], [ 101.192126221906747, 3.720304968358045 ], [ 101.19198694263649, 3.72005729264245 ], [ 101.191962012083238, 3.719705560090263 ], [ 101.192108545820631, 3.719461537492216 ], [ 101.192433708198422, 3.719239089143758 ], [ 101.192680275661388, 3.718998677856875 ], [ 101.19343781761269, 3.718381529981399 ], [ 101.19394878627206, 3.718029916504405 ], [ 101.194513307496976, 3.717846999968633 ], [ 101.194963466355844, 3.717832743240924 ], [ 101.195463522412012, 3.717986290072451 ], [ 101.195988789799031, 3.717976531026096 ], [ 101.196549758925485, 3.71769670798142 ], [ 101.196885656160092, 3.717388122990434 ], [ 101.197224722056845, 3.717021601315423 ], [ 101.197482415529606, 3.716810415813823 ], [ 101.197696768182183, 3.716842763943389 ], [ 101.197818171362158, 3.71715503788057 ], [ 101.197814487336601, 3.717671860577143 ], [ 101.197767916600881, 3.718256865925865 ], [ 101.197678283284475, 3.719724768651604 ], [ 101.197574553366678, 3.720291816243508 ], [ 101.196777477292983, 3.721996441682139 ], [ 101.196527238370237, 3.722692662837892 ], [ 101.196341232449385, 3.723733446912371 ], [ 101.196219571994931, 3.72460197058488 ], [ 101.196258638783263, 3.725671516398235 ], [ 101.19641215929947, 3.726156072011475 ], [ 101.19655856266327, 3.726511420201461 ], [ 101.196840707726196, 3.726963702504059 ], [ 101.197312175224553, 3.727559588181237 ], [ 101.197576523454757, 3.727706797032951 ], [ 101.19798382800181, 3.727631515789236 ], [ 101.199616662746692, 3.727122224672383 ], [ 101.200967153948042, 3.727075857626642 ], [ 101.201299476097532, 3.72678880466268 ], [ 101.201038832829397, 3.726017102656547 ], [ 101.200503038271364, 3.725500164198458 ], [ 101.199720755345496, 3.724857555483756 ], [ 101.199284996022655, 3.724347816018367 ], [ 101.19913504765583, 3.723859672543749 ], [ 101.199356628889873, 3.723511582418982 ], [ 101.19985333280755, 3.723041523782826 ], [ 101.200249997225797, 3.722589388592962 ], [ 101.200368017265646, 3.722018754658603 ], [ 101.200153794817453, 3.721369090163638 ], [ 101.199953828154108, 3.720884525093913 ], [ 101.199953900101036, 3.720547154198612 ], [ 101.200093282618766, 3.720321073889522 ], [ 101.200604193362366, 3.720235046348488 ], [ 101.200900601180734, 3.720820125413547 ], [ 101.201046956101223, 3.721408761342356 ], [ 101.201257619457081, 3.721997411000912 ], [ 101.201502077809224, 3.722336907838707 ], [ 101.201887916911161, 3.722387236885186 ], [ 101.202334585418697, 3.72199253617576 ], [ 101.202481159012578, 3.721547524790946 ], [ 101.202842101392861, 3.721063079251673 ], [ 101.203306607347841, 3.720786820508145 ], [ 101.203624634077812, 3.720506941550357 ], [ 101.203628307311121, 3.720026009219453 ], [ 101.203460501317608, 3.719501972052987 ], [ 101.203403438481615, 3.719024615943878 ], [ 101.203585712139017, 3.71870163963878 ], [ 101.203950119770298, 3.718723250762999 ], [ 101.204257320621764, 3.718956603856465 ], [ 101.20476454789619, 3.719398163903354 ], [ 101.205243270893916, 3.719470045216339 ], [ 101.205779227898248, 3.71919738906954 ], [ 101.206261607848433, 3.71886011847264 ], [ 101.206422425216886, 3.718630452460431 ], [ 101.206576137024143, 3.718206976034476 ], [ 101.206533490172561, 3.717112305765459 ], [ 101.206823037113196, 3.716326362991174 ], [ 101.20715899861537, 3.71568399184382 ], [ 101.207280618049964, 3.714955438984005 ], [ 101.207280755408377, 3.714284285872957 ], [ 101.207463044938933, 3.713871582257214 ], [ 101.207906062129766, 3.71382860488618 ], [ 101.2085884168078, 3.713932827626591 ], [ 101.209524552308523, 3.713430551394395 ], [ 101.209996153244163, 3.71337322256498 ], [ 101.210353393345258, 3.713495323020198 ], [ 101.210474811397731, 3.713753759614005 ], [ 101.210306803780199, 3.714216713592209 ], [ 101.210020899193125, 3.714676054493662 ], [ 101.209977983228768, 3.714894978101014 ], [ 101.210124397625336, 3.715214433756125 ], [ 101.210485208961316, 3.715347302079976 ], [ 101.210974659734077, 3.715361757495148 ], [ 101.211610594377959, 3.715351118807199 ], [ 101.212153528446095, 3.715900353560909 ], [ 101.212550032681037, 3.716205502886996 ], [ 101.212835880927898, 3.716026107435413 ], [ 101.213078913375142, 3.715563167955612 ], [ 101.21315401662963, 3.715171975945325 ], [ 101.214007997584105, 3.71457995208567 ], [ 101.214268881643306, 3.714170851598783 ], [ 101.214243957849362, 3.71374015997329 ], [ 101.214108250941791, 3.713467364784757 ], [ 101.213740262651925, 3.713496004022562 ], [ 101.213154271804001, 3.713883505116446 ], [ 101.212686205681322, 3.714131056273911 ], [ 101.212261101105796, 3.71392639484016 ], [ 101.212189731732408, 3.713506461037726 ], [ 101.212286305306506, 3.712942998750639 ], [ 101.212440005356598, 3.712559000669596 ], [ 101.212479436350421, 3.711895033322517 ], [ 101.212518885079689, 3.711141339576332 ], [ 101.212861910914384, 3.710875818140156 ], [ 101.213294202049909, 3.710865137327569 ], [ 101.213815795642347, 3.710922666131292 ], [ 101.21405874552849, 3.710868878589016 ], [ 101.214180252580221, 3.710678682756144 ], [ 101.214112472774815, 3.710169023362609 ], [ 101.213737494122554, 3.709418836154118 ], [ 101.212912388451485, 3.708550120127833 ], [ 101.212473070006766, 3.707972194255962 ], [ 101.212433828839679, 3.707681472877215 ], [ 101.212533897898425, 3.707502040126339 ], [ 101.212751847803275, 3.70740159016779 ], [ 101.213512805061882, 3.707459166884583 ], [ 101.214234414208448, 3.707767969078819 ], [ 101.214888198067413, 3.707800399976698 ], [ 101.215645553101979, 3.708012303588572 ], [ 101.216034910590636, 3.708313860828489 ], [ 101.21681005719158, 3.708899028843444 ], [ 101.217142249211633, 3.709222108790153 ], [ 101.217560170772074, 3.709616986440385 ], [ 101.217985211724383, 3.710148249441123 ], [ 101.218578186313025, 3.71057905117847 ], [ 101.219135470766872, 3.710823214701915 ], [ 101.219810630003039, 3.711185839418751 ], [ 101.220514355244177, 3.711631017418091 ], [ 101.221103163521548, 3.712274049653369 ], [ 101.221663966238637, 3.71281610406052 ], [ 101.222167656494904, 3.713096146136579 ], [ 101.222982202192995, 3.713189615653712 ], [ 101.223653881637773, 3.713071303205859 ], [ 101.224182633135001, 3.713071402383093 ], [ 101.225297243548994, 3.713369502201078 ], [ 101.225858145745562, 3.713387551649283 ], [ 101.226522637644649, 3.713498935379143 ], [ 101.22716209370742, 3.713761054447739 ], [ 101.227587223165983, 3.713847269928861 ], [ 101.228659090902639, 3.713441902313496 ], [ 101.229227094599267, 3.713704006885765 ], [ 101.229902208641448, 3.714353748793138 ], [ 101.230268012631868, 3.714814287447651 ], [ 101.23081104042754, 3.714900522671365 ], [ 101.231425567891208, 3.714724769092094 ], [ 101.232032943462542, 3.714584904384793 ], [ 101.232440226981424, 3.714577798843194 ], [ 101.232901083225059, 3.71466760721203 ], [ 101.233222602353493, 3.714778925034 ], [ 101.23402639519864, 3.715087726090207 ], [ 101.235130264209587, 3.71555449758933 ], [ 101.235676829001591, 3.715852484967561 ], [ 101.236016201667425, 3.71602481892024 ], [ 101.236719970165339, 3.716286942413896 ], [ 101.236998556350684, 3.716760746467445 ], [ 101.237091371773246, 3.717191449644401 ], [ 101.237220850146443, 3.717678089245902 ], [ 101.237516411892003, 3.717816019340213 ], [ 101.23793802417903, 3.717593570211172 ], [ 101.238041646077178, 3.717507450583569 ], [ 101.238369646766685, 3.717262033599815 ], [ 101.238556155821087, 3.717234770257785 ], [ 101.238788372166994, 3.717274289625123 ], [ 101.239249197118482, 3.717561493030843 ], [ 101.239777757460857, 3.718713671118762 ], [ 101.239806185418288, 3.719625297116954 ], [ 101.240059760084932, 3.720131397563329 ], [ 101.240481372857857, 3.719908947245372 ], [ 101.240849404934863, 3.719629062723455 ], [ 101.241206730729402, 3.719277395036637 ], [ 101.24148540796395, 3.719223605970833 ], [ 101.241606879937663, 3.719216448237237 ], [ 101.242260663101831, 3.71930987323543 ], [ 101.242982366156951, 3.719166431068549 ], [ 101.244079074877575, 3.719783931036556 ], [ 101.244221980596237, 3.71979113272122 ], [ 101.244286292798677, 3.719766019895381 ], [ 101.244511392789903, 3.719633261712375 ], [ 101.244890144989498, 3.719331842842258 ], [ 101.245211754589576, 3.718904797325908 ], [ 101.245497625586836, 3.718549527054194 ], [ 101.245661976404108, 3.718499307028106 ], [ 101.245708432094531, 3.718431122450718 ], [ 101.245912077578083, 3.718409621268991 ], [ 101.246201442779366, 3.718538874527022 ], [ 101.246355039183371, 3.718714763453668 ], [ 101.246651507823842, 3.71910601916309 ], [ 101.246887282729773, 3.719238852582651 ], [ 101.247037327977324, 3.719281945570819 ], [ 101.24741607343357, 3.71901641617963 ], [ 101.247458954630204, 3.718958998113282 ], [ 101.247451850541538, 3.718700584578985 ], [ 101.247244666782919, 3.718506741887832 ], [ 101.24689100551808, 3.718302108292964 ], [ 101.246726696836618, 3.718090327113666 ], [ 101.246698155820383, 3.717839088228062 ], [ 101.246844660946394, 3.717677604193034 ], [ 101.247166214460947, 3.717591518676316 ], [ 101.247469881691714, 3.717648992602683 ], [ 101.247977144583487, 3.717997213067536 ], [ 101.248538040496697, 3.718076262237461 ], [ 101.249095281645765, 3.718058006471064 ], [ 101.249574134902431, 3.717940042891632 ], [ 101.249667058016314, 3.71772471394494 ], [ 101.249638513920274, 3.717487831366639 ], [ 101.249459922546123, 3.717222212489131 ], [ 101.249270604814143, 3.717010427793937 ], [ 101.249092016470513, 3.716726863540174 ], [ 101.249020622157119, 3.716353589790236 ], [ 101.249020700851275, 3.715854710263532 ], [ 101.24903151560946, 3.7152409824719 ], [ 101.248928079667692, 3.714157069421353 ], [ 101.248891603361386, 3.713877515594112 ], [ 101.248763035061316, 3.713579602998963 ], [ 101.248663025893009, 3.713421668343909 ], [ 101.248227219320754, 3.713066281637944 ], [ 101.247827113859202, 3.712872408222474 ], [ 101.247627060050746, 3.712782649571568 ], [ 101.247391301588181, 3.712556500796718 ], [ 101.247302027302325, 3.712294484941415 ], [ 101.247337785774889, 3.712093503253665 ], [ 101.247498582074968, 3.711921254163014 ], [ 101.247662943528894, 3.711795663412922 ], [ 101.247755847007781, 3.711702362722432 ], [ 101.247795163727957, 3.711591108119821 ], [ 101.247784481746947, 3.711364995524425 ], [ 101.247377283910126, 3.71084451618743 ], [ 101.247059378320159, 3.710474791657499 ], [ 101.246884361680756, 3.710209172874525 ], [ 101.246795086605118, 3.70995433509177 ], [ 101.246670075491494, 3.709760505573679 ], [ 101.246484394714741, 3.709161102265603 ], [ 101.246270116448684, 3.708665777074725 ], [ 101.246088007036391, 3.708077141450943 ], [ 101.246020209665389, 3.707563894638224 ], [ 101.246109593276344, 3.707140399854675 ], [ 101.246295437527678, 3.706716920675473 ], [ 101.246366923295369, 3.706508766660905 ], [ 101.24643487033785, 3.706088857417543 ], [ 101.246313468684875, 3.705668917542731 ], [ 101.246209926753153, 3.705270514914963 ], [ 101.246127884523219, 3.704473729885573 ], [ 101.24594574020125, 3.704107616048185 ], [ 101.246085148008461, 3.703633882464066 ], [ 101.245820900862853, 3.70285142410739 ], [ 101.245920984520552, 3.702535602880896 ], [ 101.245981777551748, 3.702169528402814 ], [ 101.245724572756686, 3.702029513267165 ], [ 101.245245839016675, 3.702061736984094 ], [ 101.245170818450504, 3.702036601328455 ], [ 101.245002903883858, 3.702050930197998 ], [ 101.24474926664594, 3.701943216924535 ], [ 101.244606420212591, 3.701587876438816 ], [ 101.244645788002657, 3.701160784505457 ], [ 101.244731587289522, 3.700809070454856 ], [ 101.24507822010942, 3.700245644278218 ], [ 101.245717772675633, 3.699883252996646 ], [ 101.246157216489621, 3.699790008563026 ], [ 101.246500233516244, 3.699488582735906 ], [ 101.246575276272409, 3.699373744842873 ], [ 101.246643191595922, 3.6991476448582 ], [ 101.246532495236906, 3.698810255142013 ], [ 101.246314594361181, 3.698641534039768 ], [ 101.246125266208864, 3.69852306438137 ], [ 101.246003818975097, 3.698393838486156 ], [ 101.245814514543824, 3.69812821721007 ], [ 101.245807407985453, 3.697887748877301 ], [ 101.245986063678956, 3.697722680938192 ], [ 101.246218285641746, 3.69769759505378 ], [ 101.246757699396539, 3.697988396115276 ], [ 101.24689704621585, 3.697887924784432 ], [ 101.24702929525597, 3.697489560092002 ], [ 101.247100803439707, 3.697134254373601 ], [ 101.247150922877893, 3.696484642068593 ], [ 101.247436822001191, 3.695899670664196 ], [ 101.247701280176372, 3.695346997285503 ], [ 101.247772773689945, 3.695081418050134 ], [ 101.247862148179564, 3.694700991644167 ], [ 101.247926530478026, 3.694220067471984 ], [ 101.247955170009106, 3.693846809481353 ], [ 101.247923074742189, 3.693480719928596 ], [ 101.247780256082208, 3.692949515803111 ], [ 101.247501700675727, 3.692289083688264 ], [ 101.247233899222579, 3.691402542235859 ], [ 101.247069585483104, 3.691251775252276 ], [ 101.246573040568819, 3.690996872019204 ], [ 101.246533751028295, 3.690943029750825 ], [ 101.246369428894482, 3.6908460985884 ], [ 101.246251571236371, 3.690616379556427 ], [ 101.246619719973879, 3.68951459644399 ], [ 101.246651908369159, 3.689292079698014 ], [ 101.246666241429693, 3.689022902257538 ], [ 101.246591243059058, 3.688864971418971 ], [ 101.246459065639485, 3.688821881399325 ], [ 101.246498516398319, 3.687863607847636 ], [ 101.246645060415773, 3.687425765673659 ], [ 101.246645119826937, 3.687052503089079 ], [ 101.246584424345201, 3.686815615151398 ], [ 101.246327275873881, 3.686348995548856 ], [ 101.246302291578075, 3.686201839926318 ], [ 101.246230983424923, 3.685308151642263 ], [ 101.246130990861531, 3.685067668281264 ], [ 101.245927409260247, 3.684737441614693 ], [ 101.245781012411712, 3.684256483474499 ], [ 101.245545297334715, 3.683807812441519 ], [ 101.245320272417061, 3.683531418130361 ], [ 101.245334583258355, 3.683402214162074 ], [ 101.245202441280753, 3.683143780179397 ], [ 101.246124210117671, 3.682785022744712 ], [ 101.246624440514765, 3.682300579549217 ], [ 101.246749536933066, 3.681934515101402 ], [ 101.246721019479196, 3.681539713505068 ], [ 101.246681740016527, 3.681424857163206 ], [ 101.246196002202538, 3.680642363225938 ], [ 101.246131768455726, 3.680193719906372 ], [ 101.246510490290902, 3.679971258802567 ], [ 101.246878464233816, 3.679939016202722 ], [ 101.247592939020592, 3.680114994420272 ], [ 101.248003784272328, 3.68007558005385 ], [ 101.248482535375047, 3.679856723031789 ], [ 101.248582615769124, 3.67953731214066 ], [ 101.248589847938533, 3.678981008310205 ], [ 101.248686368597561, 3.678579048351666 ], [ 101.249218735414914, 3.678173568001051 ], [ 101.249661744523323, 3.678055198468852 ], [ 101.250097596828581, 3.678012197950449 ], [ 101.250301236832144, 3.677965571927159 ], [ 101.250551364262449, 3.677628238856291 ], [ 101.250301346750405, 3.677254937125328 ], [ 101.249988194006093, 3.677119855663622 ], [ 101.249583326851678, 3.676913863608754 ], [ 101.249386896300152, 3.676547748171838 ], [ 101.249397642843917, 3.676361118495764 ], [ 101.250212280209283, 3.675664967501719 ], [ 101.250348079970721, 3.675374274435796 ], [ 101.250426727506465, 3.675033325528014 ], [ 101.250480331524756, 3.674925661931978 ], [ 101.250716166926125, 3.674595504660705 ], [ 101.251384283358121, 3.674200811147953 ], [ 101.251891642705871, 3.67377020168619 ], [ 101.25206677510262, 3.673242636063622 ], [ 101.252231155387506, 3.672941179860981 ], [ 101.252391945055109, 3.67275816223036 ], [ 101.252827820775309, 3.672542885126141 ], [ 101.25355666366049, 3.672169733558736 ], [ 101.254178360619306, 3.671602755588358 ], [ 101.25436414623266, 3.671491522675956 ], [ 101.254557067086964, 3.671444893986576 ], [ 101.254674958890547, 3.671444911789363 ], [ 101.255203653153572, 3.67166392445883 ], [ 101.25591088712936, 3.672453625041489 ], [ 101.256146647104927, 3.672615168249947 ], [ 101.25626453534808, 3.672640309309565 ], [ 101.256436018272424, 3.672615211417102 ], [ 101.256968366345291, 3.672288685565812 ], [ 101.257229165449687, 3.672234888237835 ], [ 101.257347042623365, 3.672335399542419 ], [ 101.25739704422719, 3.672425133595448 ], [ 101.257439804633137, 3.673171665685913 ], [ 101.25764342844441, 3.673225531772934 ], [ 101.257947098659315, 3.673164562441813 ], [ 101.258486590441095, 3.67284521486375 ], [ 101.259093980824417, 3.672375136069456 ], [ 101.259476297030702, 3.671955271029212 ], [ 101.259776441202376, 3.671567695478611 ], [ 101.259912247517747, 3.671205219458557 ], [ 101.259915854552361, 3.670964752514622 ], [ 101.259912328492462, 3.670641736000622 ], [ 101.260037456843989, 3.670002900257478 ], [ 101.260369730759038, 3.66976606991957 ], [ 101.260912760794568, 3.669666132881363 ], [ 101.261523680971706, 3.669472410945952 ], [ 101.261773754962448, 3.669465268581541 ], [ 101.26199166859395, 3.66951554663318 ], [ 101.262227418783297, 3.669748869594957 ], [ 101.262323883121226, 3.669695047319245 ], [ 101.262409639133281, 3.669576620301591 ], [ 101.262456098446535, 3.669454598623009 ], [ 101.262584759403481, 3.669084942979539 ], [ 101.262713398565111, 3.668869617199329 ], [ 101.263867375898101, 3.66836731066892 ], [ 101.264178192958411, 3.668277627598785 ], [ 101.264231775967929, 3.668306347646948 ], [ 101.264296082355372, 3.668292000383545 ], [ 101.264456835883365, 3.668345858890772 ], [ 101.264610407742396, 3.668665307363687 ], [ 101.264581767384499, 3.669103169597203 ], [ 101.264578140254173, 3.669497966511216 ], [ 101.264671009607156, 3.669605651508541 ], [ 101.264904408846704, 3.669529800844704 ], [ 101.265153323940595, 3.669383196546662 ], [ 101.265442740946341, 3.66904227533694 ], [ 101.265628530538166, 3.668887971190064 ], [ 101.265792861148341, 3.668909528348635 ], [ 101.265821435488036, 3.668949012046149 ], [ 101.265910745246515, 3.668963380666935 ], [ 101.266260808489093, 3.669246965337768 ], [ 101.266460852625983, 3.669351075855668 ], [ 101.266685915341753, 3.669372641209506 ], [ 101.267293267922824, 3.669132256895951 ], [ 101.267589786303361, 3.669107173902438 ], [ 101.268082795319813, 3.669046226835627 ], [ 101.268443653241775, 3.668759150326337 ], [ 101.268704506348541, 3.668289017685753 ], [ 101.268879597966489, 3.667983970527986 ], [ 101.269004653888871, 3.667836835590448 ], [ 101.269236870301825, 3.667790208958191 ], [ 101.269526230377664, 3.667862029183281 ], [ 101.26971910108513, 3.668181482107887 ], [ 101.269872664321369, 3.668579889236558 ], [ 101.270001258896571, 3.668687578477174 ], [ 101.270265617257692, 3.668719915379843 ], [ 101.270605023946004, 3.668551274360676 ], [ 101.270869432288507, 3.668203169843278 ], [ 101.270948052936362, 3.668002192437781 ], [ 101.271105270589231, 3.667779691019529 ], [ 101.271255340415337, 3.667578723036018 ], [ 101.271505418023352, 3.667539276304543 ], [ 101.271616157359375, 3.667593126932796 ], [ 101.271684024332629, 3.667668506313214 ], [ 101.272044824510274, 3.667812116504241 ], [ 101.272426988842795, 3.668501267773477 ], [ 101.272923502451974, 3.668960733413491 ], [ 101.27305922293607, 3.669219164035153 ], [ 101.273048446244601, 3.669678563407786 ], [ 101.272933663065913, 3.670059217788588 ], [ 101.273001938773234, 3.670184616009976 ], [ 101.273066242840258, 3.670188213456374 ], [ 101.27351998531752, 3.669890379748513 ], [ 101.273730841783561, 3.669262320066033 ], [ 101.273984511516645, 3.66907213223138 ], [ 101.274030946273157, 3.669129563328001 ], [ 101.274138128163059, 3.669068562993484 ], [ 101.274256014156222, 3.669111647018673 ], [ 101.274331001669225, 3.669380836835162 ], [ 101.274427425885918, 3.669635673129445 ], [ 101.274595318346954, 3.669743366783834 ], [ 101.275152669477222, 3.669384531356922 ], [ 101.275406352555549, 3.669086671044942 ], [ 101.275742205401158, 3.668763697626373 ], [ 101.276517482219774, 3.668354642027779 ], [ 101.276799721868557, 3.668236238352409 ], [ 101.277389209980981, 3.667985077583382 ], [ 101.278753897397038, 3.667938589661884 ], [ 101.278907507676763, 3.66798526656626 ], [ 101.279089705155698, 3.667970932792915 ], [ 101.279275455378595, 3.668118107544882 ], [ 101.279325446687579, 3.668308334383025 ], [ 101.279353963366304, 3.668825163889881 ], [ 101.279403975736855, 3.668843115394294 ], [ 101.279561172221349, 3.668778531480282 ], [ 101.279754114741408, 3.668538087521103 ], [ 101.279843473065483, 3.668154068044631 ], [ 101.280025711029666, 3.667805950618476 ], [ 101.280304375408662, 3.667705490723359 ], [ 101.280551409993819, 3.66774048582253 ], [ 101.280797353847689, 3.667885004233549 ], [ 101.280836631093621, 3.668050106207923 ], [ 101.280636485185084, 3.668778663000278 ], [ 101.280672177852253, 3.669044258489537 ], [ 101.280761477049452, 3.669148352367017 ], [ 101.280915096272267, 3.669123247543514 ], [ 101.281072317268112, 3.668854086398313 ], [ 101.28112592540765, 3.668678228484358 ], [ 101.281211696921716, 3.668409058649183 ], [ 101.281447512374427, 3.668136317867011 ], [ 101.281719013347058, 3.66819018666186 ], [ 101.281961932057953, 3.668265586358241 ], [ 101.282233405386492, 3.668552744529503 ], [ 101.282354835206021, 3.66883988466186 ], [ 101.282358308851528, 3.669672549250766 ], [ 101.282111693415956, 3.670637979396444 ], [ 101.282211613057967, 3.671560382265433 ], [ 101.282129390500216, 3.672026951424995 ], [ 101.281804227429603, 3.672590396197724 ], [ 101.281711292242406, 3.673013895175697 ], [ 101.281811296110746, 3.673229251394437 ], [ 101.282004196236102, 3.673347713912673 ], [ 101.28256149305993, 3.673441096596366 ], [ 101.283579648860538, 3.673466341370409 ], [ 101.283872602039025, 3.673387416522712 ], [ 101.284165546781523, 3.673380272967825 ], [ 101.284290579625491, 3.673416178395487 ], [ 101.28437632181776, 3.673394654070103 ], [ 101.284647824961993, 3.673444932947696 ], [ 101.284905022369287, 3.673631594715701 ], [ 101.28546940211929, 3.674266925943828 ], [ 101.286144544329304, 3.674776652212255 ], [ 101.286566089798626, 3.674852071355373 ], [ 101.28694122069659, 3.674683428226874 ], [ 101.287173438365826, 3.67463320788106 ], [ 101.287462807747517, 3.674654775401093 ], [ 101.287459231599982, 3.674687076621288 ], [ 101.28766998996916, 3.674852197885921 ], [ 101.287752056424182, 3.675745885627304 ], [ 101.287912788405336, 3.676015084161659 ], [ 101.288012815898924, 3.676036629954406 ], [ 101.288098559061552, 3.676007927136644 ], [ 101.288623755092502, 3.675659846840784 ], [ 101.288941732831887, 3.675430182224076 ], [ 101.289148953908807, 3.675283053661371 ], [ 101.289377609480098, 3.675139516520998 ], [ 101.289549096733353, 3.675071343395664 ], [ 101.289684853466824, 3.67505341322556 ], [ 101.289942066244151, 3.67511445612165 ], [ 101.289988507075151, 3.675128817576921 ], [ 101.290361218819044, 3.675296348959698 ], [ 101.290655610478908, 3.67559194300537 ], [ 101.290769877918308, 3.676070498326896 ], [ 101.290760269996255, 3.676812238413161 ], [ 101.290788845804926, 3.676850524986654 ], [ 101.29209884226411, 3.67611371309897 ], [ 101.292479915873102, 3.676046758598921 ], [ 101.292813341760734, 3.676113790735962 ], [ 101.292851442756628, 3.676166434557887 ], [ 101.29298005216117, 3.676171233893335 ], [ 101.293127703632578, 3.676281314661874 ], [ 101.293151468621502, 3.67676464536253 ], [ 101.292798910057698, 3.677434567030376 ], [ 101.292960839418441, 3.677659499621613 ], [ 101.293094208279456, 3.677702582876341 ], [ 101.293370483438821, 3.677688256386919 ], [ 101.293775403798435, 3.677343749146061 ], [ 101.294104100358282, 3.677094942113536 ], [ 101.294423250883355, 3.677027980171673 ], [ 101.294637599943329, 3.677037573822937 ], [ 101.294937684517848, 3.677090245351431 ], [ 101.295209162579255, 3.677396541406007 ], [ 101.295390120900862, 3.677860746943513 ], [ 101.295575875668646, 3.678009114750231 ], [ 101.295766416239317, 3.677942138793573 ], [ 101.2957902851889, 3.677439671429392 ], [ 101.295785564644916, 3.677028124179238 ], [ 101.295966599177106, 3.676760159222213 ], [ 101.296276224262158, 3.676678839328155 ], [ 101.296461990790903, 3.676712356691851 ], [ 101.296666812145304, 3.676731519715221 ], [ 101.296914491220775, 3.67687032282498 ], [ 101.297509847409714, 3.677463777370066 ], [ 101.297924304901699, 3.676999633485135 ], [ 101.298067217562235, 3.676875227006724 ], [ 101.298505470858657, 3.676612073234795 ], [ 101.298867514925917, 3.676305842659258 ], [ 101.298929454091976, 3.676147929820246 ], [ 101.298929468992995, 3.675999581556102 ], [ 101.298843763222521, 3.675659807479538 ], [ 101.298705686463322, 3.675066400390287 ], [ 101.298872433591299, 3.674760149922234 ], [ 101.299887069835847, 3.6742721385585 ], [ 101.300182442115187, 3.67380319614801 ], [ 101.300330172112965, 3.673123680064573 ], [ 101.300468345516151, 3.672745644984875 ], [ 101.300625552250452, 3.672568599767698 ], [ 101.300925663394423, 3.672338928970556 ], [ 101.301144788299126, 3.672209744072161 ], [ 101.301511579438099, 3.672042290226823 ], [ 101.301968867714848, 3.671932270231617 ], [ 101.302330879570434, 3.671927520153482 ], [ 101.302454721881887, 3.671965815643509 ], [ 101.302964376572518, 3.672166853104358 ], [ 101.303335891386055, 3.672410945841627 ], [ 101.303545462461287, 3.67256409973001 ], [ 101.304026507952841, 3.673080972152214 ], [ 101.304945741013697, 3.674004647320584 ], [ 101.305250568398804, 3.674272660114304 ], [ 101.305526824495232, 3.674449746973478 ], [ 101.305679246771746, 3.674492830136849 ], [ 101.306369919556133, 3.674588603201399 ], [ 101.306884348682459, 3.674693930323225 ], [ 101.307070108204215, 3.674804012337582 ], [ 101.307155839285201, 3.674899728819304 ], [ 101.307293966512887, 3.675000235541481 ], [ 101.307413031765819, 3.675196449074313 ], [ 101.307503496672183, 3.675617575134315 ], [ 101.307574871398387, 3.676445460897338 ], [ 101.307626753705492, 3.676864190684927 ], [ 101.307704371240888, 3.677037843159439 ], [ 101.307954504054749, 3.677158075900268 ], [ 101.30837130506093, 3.677056423474324 ], [ 101.308686880291702, 3.677008597779083 ], [ 101.308889319879427, 3.677032543208744 ], [ 101.309091748812151, 3.677176124318376 ], [ 101.309145316618512, 3.677397455230935 ], [ 101.309157202045284, 3.677654673110317 ], [ 101.308829642804824, 3.678545929734814 ], [ 101.308960606945959, 3.678856994430258 ], [ 101.309931094574964, 3.679353569664555 ], [ 101.310044214052468, 3.679467233672529 ], [ 101.310068008651584, 3.679718470807403 ], [ 101.309895299733881, 3.680143162240385 ], [ 101.309817856663031, 3.680579825711602 ], [ 101.309907138370519, 3.680932759047534 ], [ 101.310055974244804, 3.681148116598952 ], [ 101.3104310639131, 3.681429293841206 ], [ 101.311306298796026, 3.681800241672147 ], [ 101.311371778397941, 3.681991664558662 ], [ 101.311330079262547, 3.682218968775302 ], [ 101.311210981685022, 3.682374484770838 ], [ 101.310669110897592, 3.682811107436823 ], [ 101.310264195878233, 3.683140069787687 ], [ 101.310162953768852, 3.683373350432035 ], [ 101.310162931632092, 3.683624585426819 ], [ 101.310532048201949, 3.684133069956006 ], [ 101.31085948878642, 3.684605659947698 ], [ 101.311127420302881, 3.684701392101093 ], [ 101.312109876805948, 3.68458184217246 ], [ 101.312842231955344, 3.684743413629092 ], [ 101.313276876325347, 3.684904959095495 ], [ 101.313520991807948, 3.684994706711398 ], [ 101.313634124536108, 3.684964807411383 ], [ 101.313729397614182, 3.684899015864178 ], [ 101.313812769277661, 3.684749478292901 ], [ 101.313997360124873, 3.684629858215423 ], [ 101.314062869564694, 3.684474337320417 ], [ 101.314318914423495, 3.684312850709726 ], [ 101.314759533923151, 3.684223160937329 ], [ 101.315057579932613, 3.684240272013869 ], [ 101.315075085141203, 3.684492367693626 ], [ 101.315039311848352, 3.685072597964663 ], [ 101.315194083109702, 3.6855391901856 ], [ 101.315438193050383, 3.68570071871269 ], [ 101.315682313379554, 3.685736629666665 ], [ 101.316295618640353, 3.685491426979118 ], [ 101.316837455507439, 3.685461562348443 ], [ 101.317105389841046, 3.68553336556828 ], [ 101.317319726596523, 3.685724800099289 ], [ 101.317712655926272, 3.686346937584899 ], [ 101.318099637253397, 3.686897292987112 ], [ 101.318415188040021, 3.687196407509015 ], [ 101.318772434685101, 3.687292144495238 ], [ 101.319183270010114, 3.687381903779662 ], [ 101.319486924946688, 3.687525490544005 ], [ 101.319739153806879, 3.687895382889491 ], [ 101.319951290815112, 3.688362976970783 ], [ 101.32018349757098, 3.68847664899399 ], [ 101.320790819103877, 3.688626240662512 ], [ 101.321195683740655, 3.688943306449876 ], [ 101.321427847356588, 3.689631229638034 ], [ 101.321564766249594, 3.690014074407044 ], [ 101.321707658899413, 3.690139702798829 ], [ 101.322273290391138, 3.690444816743662 ], [ 101.322481685400433, 3.690498668515205 ], [ 101.322850841423787, 3.690606368351472 ], [ 101.32305923871445, 3.690630311056533 ], [ 101.323434367572091, 3.690486776066963 ], [ 101.323940498245776, 3.690229596616168 ], [ 101.324220361311333, 3.690050163556474 ], [ 101.325161186217585, 3.689314472176942 ], [ 101.32564351570511, 3.688818018532512 ], [ 101.325887628657568, 3.688744983559933 ], [ 101.326250853931555, 3.688746280362187 ], [ 101.326506875226585, 3.688907806728728 ], [ 101.326977226712003, 3.68939834635778 ], [ 101.32780484829955, 3.689679547980568 ], [ 101.328233543904034, 3.689835103994968 ], [ 101.32850742336062, 3.690074394249617 ], [ 101.328924157218552, 3.691025526793556 ], [ 101.329233742768267, 3.691563908600398 ], [ 101.329650518255448, 3.691910880318806 ], [ 101.329858912859848, 3.691982675727429 ], [ 101.330222121235622, 3.692012608885062 ], [ 101.330775868955897, 3.692000681954355 ], [ 101.330894958602684, 3.691934890131711 ], [ 101.331657074873377, 3.692401519290673 ], [ 101.332085774735404, 3.692521182740721 ], [ 101.332413266500879, 3.69241353159842 ], [ 101.332508557182152, 3.692060612247924 ], [ 101.332425223594697, 3.691647863597638 ], [ 101.332365713966453, 3.691127444290959 ], [ 101.332853975515789, 3.690936058232568 ], [ 101.33328864851795, 3.690744668526483 ], [ 101.333592329132955, 3.690529343255457 ], [ 101.333645931183895, 3.690308020471996 ], [ 101.333586399756555, 3.690128563115843 ], [ 101.332937424586788, 3.689512398094816 ], [ 101.332830273649492, 3.689105629737572 ], [ 101.333133961297278, 3.688770668854551 ], [ 101.333318928074974, 3.688681247384895 ], [ 101.333669847566966, 3.688704902864314 ], [ 101.333985417821651, 3.688782685785005 ], [ 101.334229531660995, 3.688950190990809 ], [ 101.334289067541064, 3.689057866855642 ], [ 101.334491490077369, 3.689416786620608 ], [ 101.334586727099264, 3.689925244444897 ], [ 101.334711756615974, 3.690086760397278 ], [ 101.334878469599559, 3.690188461006854 ], [ 101.335069003985026, 3.690218381585553 ], [ 101.335503672576792, 3.690086808655283 ], [ 101.335896655920848, 3.69004495982537 ], [ 101.336462304518363, 3.690140702216861 ], [ 101.336825503625434, 3.690320177357723 ], [ 101.33700411495181, 3.690601331909722 ], [ 101.337129122047429, 3.691157645522706 ], [ 101.337182663158814, 3.691971171799106 ], [ 101.33737317411132, 3.692413835237551 ], [ 101.337653005555609, 3.692748831650488 ], [ 101.337903077827448, 3.692874463687279 ], [ 101.338480635958305, 3.692988150863881 ], [ 101.3389331420247, 3.693323156733173 ], [ 101.339762734213451, 3.694848451079825 ], [ 101.340087781456575, 3.694811524680555 ], [ 101.340727773400488, 3.694454713669721 ], [ 101.341020720717452, 3.694519332941277 ], [ 101.341356526651452, 3.694813655078318 ], [ 101.341706634908093, 3.694885455352065 ], [ 101.34195314713989, 3.694795741704719 ], [ 101.342828463917485, 3.694088740581501 ], [ 101.343918147986955, 3.693091034628007 ], [ 101.344754183639367, 3.691974875205164 ], [ 101.345375844675488, 3.691249913355294 ], [ 101.346547694728557, 3.690176837539538 ], [ 101.347358707107148, 3.68926166242176 ], [ 101.349055764543735, 3.687111885688717 ], [ 101.349220112320566, 3.686867836088687 ], [ 101.349027206872208, 3.686605825015882 ], [ 101.348516352139285, 3.686200236461784 ], [ 101.347287433537517, 3.685464419280178 ], [ 101.346990931044957, 3.685083963445735 ], [ 101.347035971955293, 3.684914986250282 ], [ 101.347317028376622, 3.684546521294561 ], [ 101.348036335050082, 3.683737816909642 ], [ 101.34854128893808, 3.682929102144617 ], [ 101.348941478394309, 3.681440850983379 ], [ 101.348979655506085, 3.679871230954269 ], [ 101.348870152123979, 3.678674867922142 ], [ 101.348560576960168, 3.677741694533017 ], [ 101.348246218834703, 3.677253566028752 ], [ 101.347810397200931, 3.676740308259091 ], [ 101.347169119652307, 3.676270982846252 ], [ 101.346397488741431, 3.675667981630025 ], [ 101.345887864966301, 3.674581663819787 ], [ 101.345845015583691, 3.674155758230549 ], [ 101.345930792137182, 3.673390093158855 ], [ 101.345959406041459, 3.67268185048985 ], [ 101.346111882156293, 3.671633848057428 ], [ 101.346183370137709, 3.670829898758334 ], [ 101.346154821644689, 3.670174293047776 ], [ 101.345940518461617, 3.669231552355599 ], [ 101.345649998014338, 3.668394087417253 ], [ 101.345440449293307, 3.667652335011764 ], [ 101.34545002136413, 3.666714390532425 ], [ 101.345888336409999, 3.664771525845412 ], [ 101.345993248816328, 3.662254392723492 ], [ 101.345707514713069, 3.660981453430445 ], [ 101.345255041121987, 3.660258830780166 ], [ 101.344759685655106, 3.659808975517997 ], [ 101.344454856067287, 3.659445267339241 ], [ 101.34413573437935, 3.65913419811352 ], [ 101.343068793017807, 3.65865560036666 ], [ 101.342011390246824, 3.657966442755015 ], [ 101.341735159358549, 3.657267754767297 ], [ 101.341806647942178, 3.656502089069408 ], [ 101.342254512392373, 3.654166820628444 ], [ 101.342773842835342, 3.651434364416669 ], [ 101.343255035925608, 3.649266587101593 ], [ 101.34375528102936, 3.647065312310251 ], [ 101.344365103616909, 3.644313717462202 ], [ 101.344851051581202, 3.642155509961442 ], [ 101.345379876269035, 3.639772388647303 ], [ 101.345799124283616, 3.637848663501573 ], [ 101.346185027740987, 3.63594407821313 ], [ 101.348613417407989, 3.610085034204559 ], [ 101.349442661179381, 3.598894677654605 ], [ 101.338520035643072, 3.595269644494731 ], [ 101.337255509287033, 3.594824527306501 ], [ 101.332724850600542, 3.593148605910149 ], [ 101.330499441582901, 3.592308620539001 ], [ 101.329049175926514, 3.591780931218201 ], [ 101.326477274285679, 3.590933735016675 ], [ 101.325602114560994, 3.590642958917767 ], [ 101.322726601892739, 3.589573208041801 ], [ 101.318575873582787, 3.58802959184485 ], [ 101.310113704321452, 3.585035605575079 ], [ 101.308906359597614, 3.584594043463961 ], [ 101.30587728789186, 3.583473979458248 ], [ 101.303519761468152, 3.582594437045961 ], [ 101.298979745927156, 3.580939434800175 ], [ 101.295900687799701, 3.579826511401562 ], [ 101.2917393275047, 3.578322253581575 ], [ 101.285174049629688, 3.575952739296087 ], [ 101.281255617595249, 3.574527421871071 ], [ 101.276819265870827, 3.5729225707346 ], [ 101.271286348806626, 3.570926348747131 ], [ 101.267485831286052, 3.569551235780054 ], [ 101.257852422457702, 3.566097216177881 ], [ 101.251862387085566, 3.563939305605497 ], [ 101.249854998444377, 3.563221188335752 ], [ 101.245515197274585, 3.561634149093785 ], [ 101.238935871892096, 3.559232006980077 ], [ 101.235821244789662, 3.558072222283091 ], [ 101.228449046684659, 3.555282254867116 ], [ 101.223444977683556, 3.553389927068317 ], [ 101.216947931750553, 3.550940989213808 ], [ 101.210043740934296, 3.548341187150682 ], [ 101.20577552241889, 3.546721678430287 ], [ 101.20168590993859, 3.545141666709082 ], [ 101.197785612842893, 3.543626279998827 ], [ 101.193724602270009, 3.542049829322893 ], [ 101.191981621053699, 3.541378303594184 ], [ 101.187563448887943, 3.539729969246074 ], [ 101.186477658924275, 3.539327756525247 ], [ 101.178895016496128, 3.536505059119059 ], [ 101.17727348935567, 3.53589095937119 ], [ 101.176769886839097, 3.535704212635385 ], [ 101.175369896294455, 3.534770734066225 ], [ 101.172384212591666, 3.532774521354085 ], [ 101.169755678859445, 3.531015262385829 ], [ 101.167994995056233, 3.529837631831189 ], [ 101.164198645921886, 3.527302841764685 ], [ 101.162212977488821, 3.525992351223096 ], [ 101.158620219422019, 3.523611919387417 ], [ 101.157498825486968, 3.522868705088889 ], [ 101.154391817757272, 3.520689366547951 ], [ 101.149452771371898, 3.51724261079314 ], [ 101.144385181651742, 3.513763495718317 ], [ 101.14063183219875, 3.511185559710496 ], [ 101.135285742190973, 3.507559173761843 ], [ 101.133828697343787, 3.506575375266176 ], [ 101.131075318469414, 3.504719077149096 ], [ 101.128639783015529, 3.503078203513332 ], [ 101.12667207717557, 3.50174970319682 ], [ 101.125040055991875, 3.500676116718507 ], [ 101.122368837038053, 3.498909544746221 ], [ 101.120390426743498, 3.497602563652482 ], [ 101.116869296260859, 3.495283019005647 ], [ 101.115862239932625, 3.494625929391352 ], [ 101.115005215796131, 3.493915047030738 ], [ 101.113480428770202, 3.492654843152053 ], [ 101.112823350310606, 3.49220960745584 ], [ 101.111976822778374, 3.492259603889107 ], [ 101.110594839454507, 3.491250671377697 ], [ 101.109095013747805, 3.490162742780595 ], [ 101.106020254663619, 3.488356528232419 ], [ 101.104298965330543, 3.487347484791488 ], [ 101.102249135128261, 3.486148118612443 ], [ 101.100802828688302, 3.485304249492036 ], [ 101.100082813390401, 3.484863443611435 ], [ 101.099462518273768, 3.485675544296179 ], [ 101.098407940647874, 3.48732974433047 ], [ 101.09789552690215, 3.488143646137555 ], [ 101.096896032096481, 3.489210288310368 ], [ 101.09633790313984, 3.489716406148442 ], [ 101.094889238763571, 3.490760508743542 ], [ 101.094276215206165, 3.491406599944175 ], [ 101.093910683969881, 3.492096572509072 ], [ 101.093508921122591, 3.492756233350799 ], [ 101.092552747429494, 3.493905550022771 ], [ 101.091493563136382, 3.495420461940842 ], [ 101.090998090163367, 3.496424015437954 ], [ 101.090664877422455, 3.496876058158003 ], [ 101.089545285912919, 3.499066695848008 ], [ 101.089727922897708, 3.499362512256292 ], [ 101.090033860293047, 3.49964291871354 ], [ 101.09020328800348, 3.499692285193781 ], [ 101.089985892208418, 3.50091916477468 ], [ 101.089708927704848, 3.501659460020754 ], [ 101.089420350171622, 3.502735456205323 ], [ 101.08776512044146, 3.50633505897043 ], [ 101.086988624661529, 3.508115347390779 ], [ 101.086290807011281, 3.509213495094911 ], [ 101.085389879279361, 3.51143931347572 ], [ 101.084563156343094, 3.513287223915517 ], [ 101.08296996329031, 3.516622671041119 ], [ 101.081708562310851, 3.519904728082765 ], [ 101.081401837662909, 3.521333422149416 ], [ 101.081257963839519, 3.521622757945648 ], [ 101.078527940933157, 3.528042063426815 ], [ 101.07854554423929, 3.528828793683521 ], [ 101.077820137638, 3.530573550760364 ], [ 101.07618473242978, 3.534615281888164 ], [ 101.075238495713407, 3.537553897201763 ], [ 101.070815115776753, 3.546423057262274 ], [ 101.069626424534761, 3.547742794089506 ], [ 101.068905594161606, 3.549560073381536 ], [ 101.064429335683982, 3.559240660078641 ], [ 101.063454322805867, 3.561955496696276 ], [ 101.06310901606814, 3.562348462472239 ], [ 101.062460287774826, 3.564275920912902 ], [ 101.061002981112864, 3.568736603564562 ], [ 101.059857427243983, 3.573610284155705 ], [ 101.059749013629656, 3.574207030496245 ], [ 101.059442886926362, 3.574921339220727 ], [ 101.058288768787506, 3.578899675428244 ], [ 101.057125774158095, 3.582633911670796 ], [ 101.056476930079882, 3.584107635123543 ], [ 101.053819391115979, 3.589107066625526 ], [ 101.052485771006985, 3.591991182308842 ], [ 101.05211636574326, 3.592831977791126 ], [ 101.051720002826599, 3.593681802060479 ], [ 101.050864344551854, 3.59483888254799 ], [ 101.050152550170637, 3.596384916921606 ], [ 101.049219589541124, 3.597847455333561 ], [ 101.04799038668277, 3.600037141116558 ], [ 101.047378034069283, 3.60096833748074 ], [ 101.047008310668815, 3.601809128990425 ], [ 101.045900473278792, 3.603526697507131 ], [ 101.045558208700797, 3.603978710656335 ], [ 101.045080670731963, 3.604810401379527 ], [ 101.044747582591995, 3.604882580401283 ], [ 101.043279570292469, 3.606916490305446 ], [ 101.042856205634834, 3.607223759635508 ], [ 101.04213570200605, 3.608181935353549 ], [ 101.040370628916847, 3.610089072945922 ], [ 101.039235203826237, 3.612385416660858 ], [ 101.037929091073494, 3.614627406023865 ], [ 101.036884271498153, 3.616037594133234 ], [ 101.036496829439685, 3.61636296665599 ], [ 101.03545213644675, 3.617519926284228 ], [ 101.034641802093958, 3.618414741569477 ], [ 101.032687124066754, 3.620828208747126 ], [ 101.031885806496831, 3.621650673774522 ], [ 101.027788391326624, 3.625229539599728 ], [ 101.026716422050598, 3.626368385506306 ], [ 101.02559973834579, 3.627688079795277 ], [ 101.024194920417671, 3.628998572931342 ], [ 101.023267306305343, 3.629585822836674 ], [ 101.02177273090328, 3.63071538814285 ], [ 101.019845334045286, 3.632405425738537 ], [ 101.016783379929279, 3.635749656397999 ], [ 101.016621199757168, 3.636011834996332 ], [ 101.016585141617782, 3.636228774338883 ], [ 101.015540646006357, 3.636363854522017 ], [ 101.014946613005989, 3.636544400933732 ], [ 101.011642218024974, 3.63842348285177 ], [ 101.010003103752823, 3.639788080917244 ], [ 101.008760141829072, 3.641351859024307 ], [ 101.008435897364834, 3.641650028795722 ], [ 101.008192786468143, 3.642020685756688 ], [ 101.007148350076534, 3.643148664171318 ], [ 101.004824706998178, 3.644695547904085 ], [ 101.00355525135943, 3.645409192146256 ], [ 101.002913579658411, 3.645989164083504 ], [ 101.002348560027229, 3.646348963279418 ], [ 101.001871183996556, 3.64677374577064 ], [ 101.00146619687699, 3.64684586586815 ], [ 101.001160030619857, 3.646945172650369 ], [ 100.999656336298742, 3.647658677077644 ], [ 100.999512251568959, 3.647685725534575 ], [ 100.998638895542015, 3.64813741106614 ], [ 100.998350719484463, 3.648200552331942 ], [ 100.997261365700368, 3.648733415911527 ], [ 100.995856970891211, 3.649166706447017 ], [ 100.994551348744849, 3.649708484820985 ], [ 100.993759159887915, 3.650169256305514 ], [ 100.993515906881981, 3.650232420687699 ], [ 100.993182730551567, 3.650422145786354 ], [ 100.992813691545365, 3.650476194766796 ], [ 100.992480572591774, 3.650566438388368 ], [ 100.992048462020108, 3.650927845053247 ], [ 100.991697304230129, 3.651135646050672 ], [ 100.991256147715546, 3.651063040370548 ], [ 100.990860127370738, 3.651162291037023 ], [ 100.990733870125254, 3.651433528602827 ], [ 100.99055390540731, 3.651352030345923 ], [ 100.990175855323329, 3.651451291162431 ], [ 100.989770656014883, 3.651885061365239 ], [ 100.989149017521882, 3.652626281532261 ], [ 100.98838210557355, 3.653298593188757 ], [ 100.987875121016074, 3.65347293024735 ], [ 100.985686450698694, 3.655640140806632 ], [ 100.985294955334808, 3.655945496590683 ], [ 100.984614101451172, 3.656207090839621 ], [ 100.984179338525593, 3.65632322749148 ], [ 100.983628915203695, 3.656599367039625 ], [ 100.983358301350421, 3.656823671559336 ], [ 100.982874884370631, 3.657486740216939 ], [ 100.982526926773744, 3.658039554747549 ], [ 100.982092030014627, 3.658912464486367 ], [ 100.981540935205444, 3.65979986494622 ], [ 100.981457433677491, 3.660064070756749 ], [ 100.980729088069793, 3.660992786175934 ], [ 100.980540606782995, 3.661167306928424 ], [ 100.979734943223804, 3.661854327425646 ], [ 100.979439811340853, 3.662142735699888 ], [ 100.978368811259287, 3.661979310132071 ], [ 100.978019376981308, 3.661878897790547 ], [ 100.977151917573124, 3.661751768096021 ], [ 100.976603141555756, 3.661852275815297 ], [ 100.97623741913857, 3.662052464453819 ], [ 100.975841585096433, 3.662347683508024 ], [ 100.975390672837506, 3.662521593432877 ], [ 100.975165234257119, 3.662837714871613 ], [ 100.974887711706813, 3.663209062203421 ], [ 100.974715515927301, 3.663608780001718 ], [ 100.974266356960811, 3.663957775870069 ], [ 100.974005476176657, 3.663957618223309 ], [ 100.973324777362919, 3.663942647474423 ], [ 100.972208914923357, 3.664189317511068 ], [ 100.971687297143831, 3.664465557953725 ], [ 100.970803150058856, 3.66529459666768 ], [ 100.970567007406657, 3.665374309142607 ], [ 100.968600440677449, 3.666472009747156 ], [ 100.967918010710818, 3.666756920883956 ], [ 100.966977366858757, 3.667751691032296 ], [ 100.966578186919591, 3.667935214350561 ], [ 100.966078825613522, 3.66828960087001 ], [ 100.966018599549955, 3.668484273428696 ], [ 100.965897644167015, 3.668679814016001 ], [ 100.965527690421808, 3.669206108192874 ], [ 100.96506404289029, 3.669424138689203 ], [ 100.964839665150748, 3.669514889210444 ], [ 100.964049503514445, 3.670151167082496 ], [ 100.963817666113158, 3.670282067304477 ], [ 100.963310329344367, 3.671009406841102 ], [ 100.963034795189188, 3.671154749826461 ], [ 100.96278855445118, 3.671532984252513 ], [ 100.962310244139033, 3.671911075178182 ], [ 100.961962419471575, 3.672216444795216 ], [ 100.960539212768396, 3.673425876950306 ], [ 100.959962720040679, 3.673742047423735 ], [ 100.959278308085288, 3.674211891064076 ], [ 100.957873659251035, 3.674961550690678 ], [ 100.957567465495799, 3.675078926893904 ], [ 100.957306453518498, 3.675286768385429 ], [ 100.956207778688537, 3.675765305012272 ], [ 100.955568684428982, 3.676099520411249 ], [ 100.95532537152306, 3.676244067037925 ], [ 100.955109177967401, 3.676623672749749 ], [ 100.955121639515497, 3.677014728055295 ], [ 100.955120708247833, 3.677016174484503 ], [ 100.954730921501138, 3.677030400152952 ], [ 100.954334430328373, 3.677364765999799 ], [ 100.954379313231669, 3.677934452087611 ], [ 100.954297825793603, 3.678431801563801 ], [ 100.954450213438946, 3.67951704201987 ], [ 100.954180106232855, 3.679896705202708 ], [ 100.953306661522504, 3.68040250965295 ], [ 100.95273902263186, 3.680917640200561 ], [ 100.951685557936599, 3.68142332959378 ], [ 100.95119034733105, 3.681558671375117 ], [ 100.950875206037068, 3.681612734398628 ], [ 100.950001836101038, 3.681992013905149 ], [ 100.949785770126653, 3.682163706999193 ], [ 100.949659528316445, 3.682380583586476 ], [ 100.949134279573116, 3.682983007802711 ], [ 100.94799370914896, 3.683546064370731 ], [ 100.94759734275344, 3.683672423249314 ], [ 100.946408980409913, 3.683861583485316 ], [ 100.945166585422427, 3.684240624027734 ], [ 100.944959564738312, 3.684312839751043 ], [ 100.944653338584942, 3.684475430053992 ], [ 100.944141795062365, 3.684956222944602 ], [ 100.943950601086954, 3.685478731974317 ], [ 100.943842511770256, 3.685406313027087 ], [ 100.943644488968388, 3.685460448548421 ], [ 100.943383435269865, 3.685722455635714 ], [ 100.943059173628143, 3.685984513431143 ], [ 100.942338415802212, 3.687060149486933 ], [ 100.941617943814435, 3.687683695751486 ], [ 100.941455827379116, 3.687792115108679 ], [ 100.941275687510981, 3.687981824825176 ], [ 100.941077341702112, 3.688054046352458 ], [ 100.94052822528063, 3.688171259194026 ], [ 100.940429286442651, 3.68832493687635 ], [ 100.940312183469459, 3.688297731252017 ], [ 100.940132153260365, 3.688315702153796 ], [ 100.938367385503113, 3.689128396734982 ], [ 100.93776403907701, 3.689254617375543 ], [ 100.936989765155616, 3.68969725204953 ], [ 100.936728474885086, 3.689841780252338 ], [ 100.936719407552545, 3.689968385028929 ], [ 100.936251250873852, 3.68994095002226 ], [ 100.935918000300987, 3.690202907649957 ], [ 100.935566697574671, 3.690591553635212 ], [ 100.934972679832697, 3.690663516524419 ], [ 100.934008866288565, 3.691449590714374 ], [ 100.933774858510077, 3.691567005430307 ], [ 100.933018451929115, 3.692163389399624 ], [ 100.930020736222787, 3.692116208541865 ], [ 100.929075810936325, 3.691961846204628 ], [ 100.928211650167199, 3.691970320993326 ], [ 100.92731129513551, 3.691888335471398 ], [ 100.926591293209682, 3.69177029278486 ], [ 100.925808453277767, 3.691561773617808 ], [ 100.924476058169489, 3.691660370962283 ], [ 100.923881562581528, 3.691985545132714 ], [ 100.923215064157219, 3.692491453041169 ], [ 100.921936454783804, 3.693250263297789 ], [ 100.921621276463824, 3.693349533359758 ], [ 100.921216088038463, 3.693683784789525 ], [ 100.920819777792133, 3.694180916681407 ], [ 100.920440887746366, 3.695039713026393 ], [ 100.920269111372491, 3.696160911427405 ], [ 100.919239399441381, 3.697234870352939 ], [ 100.918007857597473, 3.698953679061357 ], [ 100.915828032721535, 3.701348577878108 ], [ 100.91572893733445, 3.701267119069549 ], [ 100.915584809053541, 3.701339369890382 ], [ 100.915314659135589, 3.701746057876678 ], [ 100.915152234674025, 3.702306649632434 ], [ 100.915007919280839, 3.70265916038399 ], [ 100.91505222949398, 3.703581634601671 ], [ 100.915051939400172, 3.704015634128173 ], [ 100.915015839179389, 3.704250742633471 ], [ 100.914844524460563, 3.70466663123233 ], [ 100.914511182483253, 3.70504614517361 ], [ 100.914303996882794, 3.705353486334307 ], [ 100.914123664671251, 3.705814585516647 ], [ 100.913772181447371, 3.706447306379475 ], [ 100.913483748126424, 3.706854071140337 ], [ 100.913321599414132, 3.706998658747689 ], [ 100.9131503682204, 3.707287845438411 ], [ 100.912375377828056, 3.708291063697858 ], [ 100.912294373926315, 3.708489967566103 ], [ 100.912112375639012, 3.708661761401413 ], [ 100.91172671993516, 3.709420977345387 ], [ 100.911438321076247, 3.709773480110349 ], [ 100.911249086062085, 3.710107962157863 ], [ 100.91111389988717, 3.710243524186053 ], [ 100.911014892986387, 3.710487542066352 ], [ 100.910960460873568, 3.710794985593008 ], [ 100.911086186388928, 3.711364816500881 ], [ 100.910651754898225, 3.714601841454313 ], [ 100.910003272522147, 3.715460445962779 ], [ 100.908705326815166, 3.717702177811568 ], [ 100.908416868058282, 3.718136070544479 ], [ 100.908299844931733, 3.718443380360543 ], [ 100.908173654638574, 3.718560860696615 ], [ 100.908182547713736, 3.718696519804178 ], [ 100.908128645356584, 3.718678395327418 ], [ 100.907993512046957, 3.718732564269803 ], [ 100.907722919585922, 3.71932020907277 ], [ 100.907722851638809, 3.719419688145479 ], [ 100.907605957421012, 3.719537083442998 ], [ 100.906695283879827, 3.721372207090002 ], [ 100.906397950155949, 3.722095395776567 ], [ 100.906172333933299, 3.722610722536047 ], [ 100.905819325471526, 3.723186824546405 ], [ 100.905514607288396, 3.723831057511875 ], [ 100.904658556642914, 3.725069341773743 ], [ 100.903631427156327, 3.72636167560115 ], [ 100.902838477518756, 3.727301655137294 ], [ 100.902342941100798, 3.727861919115982 ], [ 100.90173055650159, 3.728467320964916 ], [ 100.901685217528268, 3.728611986191073 ], [ 100.901252915163482, 3.729136210164208 ], [ 100.900686049138287, 3.729782700426494 ], [ 100.90038784857056, 3.730401613295452 ], [ 100.900279627376065, 3.730519102949597 ], [ 100.900180588758303, 3.73079929304359 ], [ 100.900218896768592, 3.730963821638938 ], [ 100.899846909105065, 3.731640108705133 ], [ 100.899846715408813, 3.731920367944535 ], [ 100.898711058619483, 3.733746277335913 ], [ 100.897945427316444, 3.734595742499758 ], [ 100.897494944176842, 3.734966212164283 ], [ 100.896630318036813, 3.73558047499972 ], [ 100.896423167952804, 3.735815461569099 ], [ 100.896017701446212, 3.736059351231895 ], [ 100.895585505531557, 3.736420697873082 ], [ 100.894715088916882, 3.73733583215314 ], [ 100.89418894138808, 3.738228329019289 ], [ 100.89392754648857, 3.738490406312246 ], [ 100.89326064253126, 3.739493675810644 ], [ 100.892710935239762, 3.740397547978182 ], [ 100.891927515108776, 3.740966644665569 ], [ 100.891539730781687, 3.741617503316833 ], [ 100.891134367166501, 3.742150692052368 ], [ 100.890134564347107, 3.742855376680167 ], [ 100.88980116986815, 3.743271050965525 ], [ 100.888738272531612, 3.744246902735013 ], [ 100.888431992873635, 3.744436598050971 ], [ 100.88809867416181, 3.744743839033454 ], [ 100.887873456876022, 3.745105418445916 ], [ 100.88768414073003, 3.74553023874214 ], [ 100.88647695800698, 3.746777289267578 ], [ 100.885567444929478, 3.747301160181712 ], [ 100.8838378339467, 3.748972785380546 ], [ 100.883117244134269, 3.749189311762465 ], [ 100.882306838038062, 3.749776554703907 ], [ 100.881792964705824, 3.750807052240599 ], [ 100.880793099730212, 3.751574936502978 ], [ 100.88018931194766, 3.752243628282201 ], [ 100.879765819949966, 3.752975843378635 ], [ 100.879045171208546, 3.753698710841576 ], [ 100.878504782310898, 3.754105275594452 ], [ 100.877531737969591, 3.755054043870475 ], [ 100.876504818817935, 3.755939467139639 ], [ 100.875198310177893, 3.757376338458009 ], [ 100.874928113370459, 3.757792140809467 ], [ 100.874432683241849, 3.758153427737473 ], [ 100.873811116737684, 3.758541841830869 ], [ 100.873180865969559, 3.758939202308537 ], [ 100.872721378819918, 3.759300604352353 ], [ 100.87229823832574, 3.759535423819626 ], [ 100.870955855516414, 3.760854693958237 ], [ 100.870181038624779, 3.761478033076828 ], [ 100.869361348915575, 3.762020036928952 ], [ 100.869009981972312, 3.762408555544197 ], [ 100.868181295884284, 3.763384638705606 ], [ 100.86773041203017, 3.764261430404975 ], [ 100.867766111713053, 3.764595975189107 ], [ 100.867487114967687, 3.76474950793066 ], [ 100.867352018449893, 3.764740364085021 ], [ 100.867036841816073, 3.764794391586884 ], [ 100.86653255056612, 3.764974886662595 ], [ 100.866226284797989, 3.765128397588934 ], [ 100.865199448940217, 3.765869108054486 ], [ 100.862866874431347, 3.767368494161179 ], [ 100.86239839131521, 3.76772988236573 ], [ 100.861902996997529, 3.768027855469557 ], [ 100.861686962227679, 3.768100041659078 ], [ 100.861470835518077, 3.768298836321317 ], [ 100.861164540878477, 3.768488518318308 ], [ 100.860903300630724, 3.768515454126518 ], [ 100.860849349104569, 3.76856063072898 ], [ 100.860471204688793, 3.768695999042269 ], [ 100.860282002497215, 3.768940030749964 ], [ 100.860065301241292, 3.769491427521491 ], [ 100.860195392999685, 3.769564868123648 ], [ 100.859786396930517, 3.769518348870683 ], [ 100.859471122560436, 3.769698981796553 ], [ 100.856516488604527, 3.772192567288716 ], [ 100.853147535504263, 3.7746858261641 ], [ 100.852643201136601, 3.774911437858768 ], [ 100.851787500954813, 3.775507654057916 ], [ 100.851193281614869, 3.775760418543816 ], [ 100.84967095196167, 3.776880552064195 ], [ 100.849031407132159, 3.777241710081638 ], [ 100.848544830147517, 3.77774777023017 ], [ 100.846464533102832, 3.778704688596646 ], [ 100.844248890859078, 3.779968972237122 ], [ 100.840989162668919, 3.780970182079115 ], [ 100.840295852891316, 3.781123383301153 ], [ 100.838936249715488, 3.781755275841217 ], [ 100.838584833101237, 3.782180041908692 ], [ 100.837990246136471, 3.782496099876133 ], [ 100.836639680452365, 3.782657737366181 ], [ 100.834892446750231, 3.783651147109373 ], [ 100.834280088120295, 3.783704837840749 ], [ 100.833137030477744, 3.783604554510449 ], [ 100.832643514622532, 3.783454317463578 ], [ 100.831426533621922, 3.783576080454538 ], [ 100.831237368274586, 3.78375670932437 ], [ 100.831075380060838, 3.783657194711239 ], [ 100.830589240609982, 3.783584463734561 ], [ 100.830031025952806, 3.783746715239319 ], [ 100.829462942689091, 3.783847553781052 ], [ 100.829211733240669, 3.783718938310629 ], [ 100.828370175352489, 3.783632994590946 ], [ 100.82725208551858, 3.783702738960617 ], [ 100.826852458885185, 3.783952110623658 ], [ 100.826841012714254, 3.78432206705258 ], [ 100.826227186790717, 3.784665501242685 ], [ 100.825870017248519, 3.784513922189334 ], [ 100.825260960301705, 3.784703259110428 ], [ 100.824831120765495, 3.783966786248539 ], [ 100.821924016552174, 3.783371406047227 ], [ 100.821613918963664, 3.783650961689369 ], [ 100.818102723026016, 3.78323993392025 ], [ 100.817274998460576, 3.782904664846396 ], [ 100.816527677892537, 3.782777456898981 ], [ 100.815825534887239, 3.782731675135334 ], [ 100.815024129661452, 3.782812420427064 ], [ 100.814051593104281, 3.783381369250034 ], [ 100.811051831027939, 3.785503953340369 ], [ 100.810628318238116, 3.786163685226984 ], [ 100.810268183127874, 3.786235740106811 ], [ 100.809574673566289, 3.786624041056144 ], [ 100.808934703336789, 3.787482549072869 ], [ 100.808699979858787, 3.788431821339688 ], [ 100.808600679960648, 3.78860356438839 ], [ 100.808386046614316, 3.789615974449456 ], [ 100.808356523371671, 3.790104472808832 ], [ 100.808472559759821, 3.791081158753268 ], [ 100.808426984224155, 3.79187684779374 ], [ 100.808309565078829, 3.792229442679428 ], [ 100.807929326518305, 3.793015995477709 ], [ 100.807452262612301, 3.794742615180677 ], [ 100.807407000690574, 3.795149439281897 ], [ 100.807712394095134, 3.796099241054106 ], [ 100.807658255488121, 3.796370406544897 ], [ 100.807207456147765, 3.797039247289779 ], [ 100.807144396173143, 3.7972290149486 ], [ 100.807245730211989, 3.797608286082226 ], [ 100.807116726435652, 3.798104932253862 ], [ 100.807043731042071, 3.799082730731456 ], [ 100.807101170890121, 3.799327308942932 ], [ 100.807376209829286, 3.799878726927829 ], [ 100.809849666624373, 3.802593574050074 ], [ 100.810586899098951, 3.804104234553658 ], [ 100.811008984730535, 3.805225865705591 ], [ 100.811612693601774, 3.805543779457336 ], [ 100.81173123520216, 3.802649366098052 ], [ 100.811701977295002, 3.805497731093588 ], [ 100.81156424753145, 3.807976223749193 ], [ 100.814935784249712, 3.825692565921393 ], [ 100.815716447017863, 3.829093236042092 ], [ 100.818786379270847, 3.840480428237899 ], [ 100.819181851823004, 3.841195175908636 ], [ 100.820252117994684, 3.84249811061934 ], [ 100.822015107662622, 3.844452817968631 ], [ 100.822191345322551, 3.844569438972948 ], [ 100.819744519455767, 3.846888833724453 ], [ 100.821085490746086, 3.850737015611094 ], [ 100.829490342063664, 3.849723350073489 ], [ 100.831891843113496, 3.849251194827839 ], [ 100.833135429150587, 3.849079742607041 ], [ 100.834664852167606, 3.848937186188838 ], [ 100.838195036139695, 3.849154815944369 ], [ 100.839852698172422, 3.849629623429676 ], [ 100.842096468512267, 3.849946894041543 ], [ 100.848684535078135, 3.851415382422748 ], [ 100.85165684330272, 3.852379094843152 ], [ 100.856301103066301, 3.853860651394831 ], [ 100.858573502828435, 3.854134831930514 ], [ 100.861960422723385, 3.854940858229803 ], [ 100.864817734579418, 3.855458474798931 ], [ 100.868307303374735, 3.855927182912325 ], [ 100.870367902266395, 3.855868630359735 ], [ 100.871844945695145, 3.85569008662425 ], [ 100.875013503381481, 3.855201527575677 ], [ 100.877491291121359, 3.854616835492174 ], [ 100.879551985906673, 3.854390777288494 ], [ 100.88181506297397, 3.854332317890194 ], [ 100.884721185979799, 3.85450153326273 ], [ 100.886043159380122, 3.854705690319168 ], [ 100.887758258308594, 3.85479044700019 ], [ 100.890354453491341, 3.855390131231644 ], [ 100.891831262537806, 3.855606333723914 ], [ 100.892819841941545, 3.855630838831895 ], [ 100.893617662177633, 3.855978234793553 ], [ 100.896380602046676, 3.856601925150027 ], [ 100.897154768112458, 3.856662190054311 ], [ 100.902930468330027, 3.858471949649758 ], [ 100.903906977646585, 3.858783549924958 ], [ 100.907276920170474, 3.860233008872953 ], [ 100.907812745717663, 3.860520428120933 ], [ 100.909658521850616, 3.861239261618163 ], [ 100.912313818267037, 3.862712224164391 ], [ 100.915612430558198, 3.863970203326743 ], [ 100.918184646019171, 3.864940651745542 ], [ 100.919494607305822, 3.865372052429359 ], [ 100.92307874262039, 3.86728813597577 ], [ 100.924579388962044, 3.867528224325906 ], [ 100.925282101243383, 3.867588425724245 ], [ 100.927425744875279, 3.868187755923573 ], [ 100.931308087828853, 3.869350292405725 ], [ 100.934797436526765, 3.870404932689898 ], [ 100.937334460259947, 3.870430219092433 ], [ 100.940121835008284, 3.870036920179246 ], [ 100.941027187717097, 3.869810100498042 ], [ 100.943004914110759, 3.868842129916803 ], [ 100.943326759781058, 3.868363772868603 ], [ 100.944280832480587, 3.866067346256178 ], [ 100.944746049141145, 3.864739678465541 ], [ 100.944806985141582, 3.862083885778129 ], [ 100.94468841169288, 3.861054990550993 ], [ 100.944188816532431, 3.859786631850605 ], [ 100.943618318611698, 3.857441550084591 ], [ 100.942809639152003, 3.855036527042744 ], [ 100.941870064205716, 3.852404134397572 ], [ 100.94088297022904, 3.84954441589152 ], [ 100.939978930472407, 3.847306825583313 ], [ 100.939337586532602, 3.843813240774535 ], [ 100.938445773192768, 3.840989460843145 ], [ 100.938279552627776, 3.839984466573414 ], [ 100.938232525483585, 3.838812050996466 ], [ 100.938316733429275, 3.837220993843398 ], [ 100.938686829949702, 3.835558308617648 ], [ 100.938985011380964, 3.834756933503697 ], [ 100.939366515395179, 3.834051307526257 ], [ 100.940152992865805, 3.833310004961441 ], [ 100.941237646880055, 3.831767325171945 ], [ 100.941702296674677, 3.831492415758549 ], [ 100.94304821224479, 3.831421341054669 ], [ 100.94614529863685, 3.830693199498199 ], [ 100.947932130790988, 3.830167744380932 ], [ 100.951576868136129, 3.829870539821821 ], [ 100.955066695417088, 3.829716799100976 ], [ 100.959021182360075, 3.829252234736473 ], [ 100.960057464365704, 3.829097234224258 ], [ 100.96249937372167, 3.828536186387267 ], [ 100.965572753329596, 3.827520842225749 ] ] ] } },
{ "type": "Feature", "properties": { "OBJECTID": 10, "KATEGORI": "Majlis Perbandaran", "NAMA_PBT": "Majlis Perbandaran Kuala Selangor", "Shape_area": 120199.195899, "web_name": "Majlis Perbandaran Kuala Selangor", "web_type": "Majlis Perbandaran", "web_area": 120199.195899 }, "geometry": { "type": "Polygon", "coordinates": [ [ [ 101.458691504655192, 3.299502696167651 ], [ 101.462416137541453, 3.299509605705028 ], [ 101.462390189164893, 3.297882730173358 ], [ 101.46239018914136, 3.297882408907467 ], [ 101.462390234168282, 3.296982031728641 ], [ 101.462384926430929, 3.296958864854093 ], [ 101.462112178981997, 3.274667408511792 ], [ 101.463372763316528, 3.275015458482509 ], [ 101.49233696879476, 3.275089943459739 ], [ 101.492856666290507, 3.235526028061613 ], [ 101.492542378135994, 3.234999658538896 ], [ 101.492228087413494, 3.234444576078847 ], [ 101.491970831234269, 3.232903680716403 ], [ 101.49222780518474, 3.231649861167788 ], [ 101.492589566573088, 3.230826723215759 ], [ 101.492628481434849, 3.229632064904639 ], [ 101.492652645430667, 3.227669591978163 ], [ 101.492668869902516, 3.226141256215644 ], [ 101.492730840033786, 3.21540791910387 ], [ 101.492768467757429, 3.210842574424066 ], [ 101.492796785912404, 3.20838283846542 ], [ 101.492806206667282, 3.207377888162165 ], [ 101.49285827637236, 3.199565278553266 ], [ 101.492970242585471, 3.183944719002551 ], [ 101.49257034248744, 3.184095501868518 ], [ 101.49192051374655, 3.184432943193177 ], [ 101.490970786083921, 3.185158037449721 ], [ 101.490513783921514, 3.18561031016045 ], [ 101.490263877197535, 3.186026671205056 ], [ 101.489949700143072, 3.186464573153678 ], [ 101.489699799270412, 3.186945537986224 ], [ 101.489793382103301, 3.187438687574124 ], [ 101.489807001356979, 3.187785378401239 ], [ 101.489999892433204, 3.188546250010841 ], [ 101.489907088821582, 3.188897991576936 ], [ 101.488850238500092, 3.189658985581826 ], [ 101.488614600526574, 3.189946137019574 ], [ 101.488436118310176, 3.190491698533422 ], [ 101.488457586582015, 3.190951102081356 ], [ 101.488728984979588, 3.191216669590772 ], [ 101.488857556335731, 3.191489429160156 ], [ 101.488750461012856, 3.191755033461241 ], [ 101.488479965559691, 3.191976784933225 ], [ 101.488093494520143, 3.192192968177251 ], [ 101.487803634881899, 3.192189451097666 ], [ 101.487565031702687, 3.192200197355996 ], [ 101.487305855033938, 3.192142827796656 ], [ 101.487143681013649, 3.192114099239685 ], [ 101.486893730043562, 3.192092588507499 ], [ 101.486358129245801, 3.192135708809808 ], [ 101.485586881670628, 3.192387019257949 ], [ 101.485208384802391, 3.192358342010087 ], [ 101.484894169859686, 3.192430153597222 ], [ 101.484522851485409, 3.192803455382655 ], [ 101.484258637413973, 3.19299729174718 ], [ 101.484107010527296, 3.193023483394059 ], [ 101.483967825783509, 3.19304752579571 ], [ 101.483769540000338, 3.193025438712235 ], [ 101.483594411974508, 3.1930258342633 ], [ 101.483487368379429, 3.193026076021436 ], [ 101.48262319417843, 3.192315512175018 ], [ 101.482216124066412, 3.192200697858553 ], [ 101.481859059280694, 3.192258155987469 ], [ 101.481330597026457, 3.192272560164071 ], [ 101.480766411856607, 3.192107511908422 ], [ 101.480187940913169, 3.191906573534504 ], [ 101.479780880672706, 3.191899431454625 ], [ 101.479395250893674, 3.191964069469728 ], [ 101.478574021276231, 3.192323052310236 ], [ 101.478174129484742, 3.192631750422501 ], [ 101.477974191828835, 3.192883005321401 ], [ 101.477724253167182, 3.193005056646491 ], [ 101.477395752861142, 3.193055332543656 ], [ 101.476960122299857, 3.192997944313725 ], [ 101.476374527153354, 3.192997994416589 ], [ 101.47588178411776, 3.193163135265185 ], [ 101.475524743849803, 3.193522076240017 ], [ 101.475096283859855, 3.193816419162431 ], [ 101.474753530682875, 3.194232784398133 ], [ 101.474603601394989, 3.194720915576232 ], [ 101.47448221629827, 3.194950628602349 ], [ 101.47431799743282, 3.195359800563963 ], [ 101.473511045059681, 3.195704421819059 ], [ 101.473139709168322, 3.195926977078615 ], [ 101.47251128352076, 3.196171087857867 ], [ 101.472025675185691, 3.196278800589889 ], [ 101.471561495616896, 3.196443937089827 ], [ 101.470997318248536, 3.1963865567135 ], [ 101.470190305369997, 3.195984640953619 ], [ 101.469804637587373, 3.195589869589252 ], [ 101.469461826435207, 3.195295589727449 ], [ 101.468676192844285, 3.194290700877963 ], [ 101.468583928420131, 3.19403372799016 ], [ 101.468361913976509, 3.193551368980415 ], [ 101.467997665467124, 3.193070456616896 ], [ 101.467704844410605, 3.192761815830016 ], [ 101.466812145891723, 3.192453220669227 ], [ 101.466223304033605, 3.192461710866646 ], [ 101.465463957015672, 3.192428342853669 ], [ 101.440281827592102, 3.19214144194437 ], [ 101.434949580960577, 3.192084268852318 ], [ 101.428632923709642, 3.191993153468542 ], [ 101.427741753826481, 3.1919795352842 ], [ 101.425384890173717, 3.192019450305262 ], [ 101.421017929037149, 3.192010599558811 ], [ 101.416408152578825, 3.191983837944356 ], [ 101.413355204751056, 3.191962380139281 ], [ 101.409530986533653, 3.191958874463783 ], [ 101.404421317298144, 3.191984087431268 ], [ 101.400603050580898, 3.192015243062049 ], [ 101.400250679145728, 3.18620926022803 ], [ 101.391786956344248, 3.186118193691732 ], [ 101.370059380084626, 3.186022310639522 ], [ 101.369392851919727, 3.186106043990225 ], [ 101.369386934819644, 3.184317469701712 ], [ 101.369410911544065, 3.1752382120704 ], [ 101.36939306323886, 3.174979795609871 ], [ 101.359234590055152, 3.175054922240011 ], [ 101.351550569982535, 3.175112096301979 ], [ 101.349704548284549, 3.17512638372513 ], [ 101.343270251905977, 3.175172775705199 ], [ 101.343309710635339, 3.171045298702246 ], [ 101.343334875964857, 3.167154702147017 ], [ 101.343370802860562, 3.162119178823855 ], [ 101.328452821906865, 3.162649599398534 ], [ 101.325182371116611, 3.159106948946564 ], [ 101.324796724447609, 3.15948737089158 ], [ 101.323054170195022, 3.161192089078364 ], [ 101.321568710483419, 3.162631226752899 ], [ 101.320836690759265, 3.163352590005033 ], [ 101.318762035791607, 3.165373120298382 ], [ 101.316887340514086, 3.167199848205602 ], [ 101.316130318959594, 3.167935562604075 ], [ 101.316016034076881, 3.168294465565471 ], [ 101.315851750613774, 3.168793340268048 ], [ 101.315116217914508, 3.168585119347363 ], [ 101.314709176673091, 3.168455882087029 ], [ 101.314030778189149, 3.168193827866177 ], [ 101.313305971436066, 3.167802561824373 ], [ 101.31270256952358, 3.167364645848132 ], [ 101.311813471478942, 3.167569158899448 ], [ 101.311417136462993, 3.167526059803762 ], [ 101.310453088422278, 3.167289105480143 ], [ 101.309867521691388, 3.167106016054978 ], [ 101.309589032762787, 3.166858346032681 ], [ 101.308942787827547, 3.166391711718993 ], [ 101.308364368084526, 3.166144018031704 ], [ 101.307868081846692, 3.165777889864106 ], [ 101.307318245007068, 3.165307673032932 ], [ 101.306889808672054, 3.16484464381224 ], [ 101.306040799788448, 3.164823041193609 ], [ 101.304698266155484, 3.164650655035718 ], [ 101.30345094907382, 3.164478275046576 ], [ 101.303510638643033, 3.16596709474705 ], [ 101.303267786253386, 3.172159669000645 ], [ 101.302873528660314, 3.176968468281863 ], [ 101.302150585832266, 3.185612434414903 ], [ 101.302015046534251, 3.188490816806917 ], [ 101.301879517027828, 3.191757973615409 ], [ 101.301860026745473, 3.192168474589825 ], [ 101.301842438045881, 3.192565420587612 ], [ 101.301729039714871, 3.195123907197461 ], [ 101.301081834761106, 3.203789542296971 ], [ 101.300856557793438, 3.211703271824417 ], [ 101.300526292282925, 3.216088894159998 ], [ 101.300242905983282, 3.219052350785144 ], [ 101.300186415512911, 3.219643105077873 ], [ 101.300133179876667, 3.220334593569095 ], [ 101.300049628148869, 3.221175671391712 ], [ 101.29987219436201, 3.222903502029862 ], [ 101.299015949231247, 3.22618483774967 ], [ 101.298057360713713, 3.229558582144038 ], [ 101.297920868550179, 3.230038971912344 ], [ 101.297865238154145, 3.231326099869197 ], [ 101.297850611880691, 3.231478739655222 ], [ 101.296649213543844, 3.244019363546 ], [ 101.295003485957579, 3.252092274135276 ], [ 101.291914054216022, 3.258541166897917 ], [ 101.286971621134384, 3.266475207720518 ], [ 101.280858645340331, 3.275615905581258 ], [ 101.275428002797355, 3.283306360491884 ], [ 101.266074787299928, 3.296115145724477 ], [ 101.260028730626658, 3.303176499022236 ], [ 101.254878360022118, 3.308389300176916 ], [ 101.244413766573302, 3.31526487982709 ], [ 101.242880682737351, 3.316773218519347 ], [ 101.24140119742124, 3.318574418391571 ], [ 101.238619120075967, 3.322676646608192 ], [ 101.237265702856021, 3.324402814741978 ], [ 101.236193201462228, 3.325396597515465 ], [ 101.232761747794228, 3.328740342804841 ], [ 101.23121405193649, 3.330292696863108 ], [ 101.230952622694261, 3.331382211477956 ], [ 101.230781031183682, 3.332313032378736 ], [ 101.23020541866056, 3.333806492537676 ], [ 101.226463064612545, 3.338465240716227 ], [ 101.225154944445435, 3.338395622745084 ], [ 101.223912199899132, 3.338255629036367 ], [ 101.222302779515815, 3.338096127837501 ], [ 101.220754950131351, 3.338161440527982 ], [ 101.219280455447503, 3.338230651693995 ], [ 101.217489128185846, 3.338726065342138 ], [ 101.212431954313004, 3.339786092291327 ], [ 101.206239521201098, 3.341450271605698 ], [ 101.201749406587837, 3.342909660178134 ], [ 101.197873374495742, 3.343884804442769 ], [ 101.193618905111293, 3.345061320349989 ], [ 101.191483274368977, 3.346498353859043 ], [ 101.189288848399499, 3.349039932657647 ], [ 101.188117167597539, 3.351709825358671 ], [ 101.187138044173437, 3.354906893058119 ], [ 101.186793835423501, 3.355803045352908 ], [ 101.185711070433996, 3.358227791757184 ], [ 101.185006806784969, 3.360405656673414 ], [ 101.18400136724415, 3.3627151704634 ], [ 101.182952809299422, 3.365834679382906 ], [ 101.181730129101297, 3.369461842551264 ], [ 101.180576002788825, 3.372308983464931 ], [ 101.179932873471714, 3.375135941297411 ], [ 101.177042841474716, 3.383098986186509 ], [ 101.174505737548671, 3.388193854150485 ], [ 101.173029904846629, 3.390924120189553 ], [ 101.17012654319592, 3.392858218026799 ], [ 101.167320010607227, 3.394476117259998 ], [ 101.165992264497248, 3.395369427507119 ], [ 101.16467304135827, 3.396102519937254 ], [ 101.163655895221666, 3.397173050423834 ], [ 101.162453577873592, 3.398715739869357 ], [ 101.161549067448249, 3.400675988836658 ], [ 101.160556236187631, 3.402792208201098 ], [ 101.158583351820226, 3.40678430642432 ], [ 101.156248636007163, 3.411560490730499 ], [ 101.154940894042042, 3.413579578660632 ], [ 101.153986436654876, 3.414974796192227 ], [ 101.15252337632252, 3.416905260878996 ], [ 101.151215627615372, 3.418924341626597 ], [ 101.150332405505907, 3.420484023297433 ], [ 101.148629975113806, 3.422401729725796 ], [ 101.146212409795226, 3.425727391459433 ], [ 101.143773489431368, 3.429453595741406 ], [ 101.140810190646803, 3.432509125740233 ], [ 101.138249796139945, 3.434101696603057 ], [ 101.138243286712225, 3.434109688453719 ], [ 101.135813734013297, 3.43617929483253 ], [ 101.133850535343626, 3.438484753179198 ], [ 101.132980075033842, 3.43980408693877 ], [ 101.132269183963899, 3.441131920541931 ], [ 101.132116819449294, 3.442489539321791 ], [ 101.132107232039218, 3.443451178048364 ], [ 101.130938010884634, 3.445456766153344 ], [ 101.129402166767903, 3.447064612327179 ], [ 101.128013840953727, 3.448027546863094 ], [ 101.127157160849734, 3.448152556417546 ], [ 101.125970213713344, 3.448480648136184 ], [ 101.124967218911095, 3.44901423857932 ], [ 101.122389509280566, 3.451665416642419 ], [ 101.120885968296491, 3.454276019426145 ], [ 101.11999929832669, 3.456283524091872 ], [ 101.119297332354435, 3.457909301760295 ], [ 101.118281558482437, 3.459345982911935 ], [ 101.116663664774734, 3.462496188095716 ], [ 101.114831738430766, 3.464983986920192 ], [ 101.111923552746475, 3.468813075920072 ], [ 101.111170048264583, 3.469666944924163 ], [ 101.10981921693147, 3.472752524918767 ], [ 101.109263570043495, 3.474090429415933 ], [ 101.101754201321995, 3.482960361288879 ], [ 101.101623804731389, 3.482845943373872 ], [ 101.100082813390401, 3.484863443611435 ], [ 101.100802828688302, 3.485304249492036 ], [ 101.102249135128261, 3.486148118612443 ], [ 101.104298965330543, 3.487347484791488 ], [ 101.106020254663619, 3.488356528232419 ], [ 101.109095013747805, 3.490162742780595 ], [ 101.110594839454507, 3.491250671377697 ], [ 101.111976822778374, 3.492259603889107 ], [ 101.112823350310606, 3.49220960745584 ], [ 101.113480428770202, 3.492654843152053 ], [ 101.115005215796131, 3.493915047030738 ], [ 101.115862239932625, 3.494625929391352 ], [ 101.116869296260859, 3.495283019005647 ], [ 101.120390426743498, 3.497602563652482 ], [ 101.122368837038053, 3.498909544746221 ], [ 101.125040055991875, 3.500676116718507 ], [ 101.12667207717557, 3.50174970319682 ], [ 101.128639783015529, 3.503078203513332 ], [ 101.131075318469414, 3.504719077149096 ], [ 101.133828697343787, 3.506575375266176 ], [ 101.135285742190973, 3.507559173761843 ], [ 101.14063183219875, 3.511185559710496 ], [ 101.144385181651742, 3.513763495718317 ], [ 101.149452771371898, 3.51724261079314 ], [ 101.154391817757272, 3.520689366547951 ], [ 101.157498825486968, 3.522868705088889 ], [ 101.158620219422019, 3.523611919387417 ], [ 101.162212977488821, 3.525992351223096 ], [ 101.164198645921886, 3.527302841764685 ], [ 101.167994995056233, 3.529837631831189 ], [ 101.169755678859445, 3.531015262385829 ], [ 101.172384212591666, 3.532774521354085 ], [ 101.175369896294455, 3.534770734066225 ], [ 101.176769886839097, 3.535704212635385 ], [ 101.17727348935567, 3.53589095937119 ], [ 101.178895016496128, 3.536505059119059 ], [ 101.186477658924275, 3.539327756525247 ], [ 101.187563448887943, 3.539729969246074 ], [ 101.191981621053699, 3.541378303594184 ], [ 101.193724602270009, 3.542049829322893 ], [ 101.197785612842893, 3.543626279998827 ], [ 101.20168590993859, 3.545141666709082 ], [ 101.20577552241889, 3.546721678430287 ], [ 101.210043740934296, 3.548341187150682 ], [ 101.216947931750553, 3.550940989213808 ], [ 101.223444977683556, 3.553389927068317 ], [ 101.228449046684659, 3.555282254867116 ], [ 101.235821244789662, 3.558072222283091 ], [ 101.238935871892096, 3.559232006980077 ], [ 101.245515197274585, 3.561634149093785 ], [ 101.249854998444377, 3.563221188335752 ], [ 101.251862387085566, 3.563939305605497 ], [ 101.257852422457702, 3.566097216177881 ], [ 101.267485831286052, 3.569551235780054 ], [ 101.271286348806626, 3.570926348747131 ], [ 101.276819265870827, 3.5729225707346 ], [ 101.281255617595249, 3.574527421871071 ], [ 101.285174049629688, 3.575952739296087 ], [ 101.2917393275047, 3.578322253581575 ], [ 101.295900687799701, 3.579826511401562 ], [ 101.298979745927156, 3.580939434800175 ], [ 101.303519761468152, 3.582594437045961 ], [ 101.30587728789186, 3.583473979458248 ], [ 101.308906359597614, 3.584594043463961 ], [ 101.310113704321452, 3.585035605575079 ], [ 101.318575873582787, 3.58802959184485 ], [ 101.322726601892739, 3.589573208041801 ], [ 101.325602114560994, 3.590642958917767 ], [ 101.326477274285679, 3.590933735016675 ], [ 101.329049175926514, 3.591780931218201 ], [ 101.330499441582901, 3.592308620539001 ], [ 101.332724850600542, 3.593148605910149 ], [ 101.337255509287033, 3.594824527306501 ], [ 101.338520035643072, 3.595269644494731 ], [ 101.349442661179381, 3.598894677654605 ], [ 101.353634178721805, 3.595173572186535 ], [ 101.358045952064387, 3.591261634796263 ], [ 101.360999017231649, 3.588761337110455 ], [ 101.364827264693261, 3.585387709974271 ], [ 101.367970810661376, 3.582689994614253 ], [ 101.368345893799841, 3.582271276923312 ], [ 101.369471135045757, 3.581302249507987 ], [ 101.372555118274633, 3.578598534873607 ], [ 101.375115167336673, 3.576385309755579 ], [ 101.378675401469607, 3.573280800211095 ], [ 101.381229467749137, 3.571049612133515 ], [ 101.383795428608323, 3.568818416864033 ], [ 101.387313930210539, 3.565755745490689 ], [ 101.392838704476702, 3.560892530412656 ], [ 101.396130918497732, 3.557997316225218 ], [ 101.399375485463835, 3.555143963291203 ], [ 101.402364041395131, 3.552511929426827 ], [ 101.40535257969006, 3.54983801310985 ], [ 101.408805451747085, 3.546775259629483 ], [ 101.419866336395756, 3.535146319740609 ], [ 101.423403619052493, 3.531444651284324 ], [ 101.426070552424335, 3.528659417782448 ], [ 101.426742048072143, 3.528018140669789 ], [ 101.428204094264714, 3.526587231072539 ], [ 101.430047123758996, 3.52479260834825 ], [ 101.431337715076666, 3.523505264832418 ], [ 101.432966420150706, 3.52173935874929 ], [ 101.434885620422662, 3.519719806762455 ], [ 101.436547654004556, 3.518035245410958 ], [ 101.43855732178767, 3.515924757733118 ], [ 101.442476624952036, 3.51181862596696 ], [ 101.445905393993172, 3.50825804908505 ], [ 101.454462923151397, 3.499447476968598 ], [ 101.457096346763365, 3.496781793860681 ], [ 101.462847279789443, 3.49069548736558 ], [ 101.467256614508457, 3.486024447138199 ], [ 101.469965074311091, 3.483155197737284 ], [ 101.46998193866456, 3.483137332647109 ], [ 101.46762351522753, 3.474786276426153 ], [ 101.465190913280409, 3.466216005411143 ], [ 101.462505301457654, 3.456480395244097 ], [ 101.462503859663116, 3.45597450553221 ], [ 101.461335500016162, 3.451966060586475 ], [ 101.460703805152747, 3.449901413828209 ], [ 101.460648622998065, 3.449721052907177 ], [ 101.460589952904442, 3.448539268860862 ], [ 101.460578835428578, 3.446565060048718 ], [ 101.460558892081451, 3.443023331301029 ], [ 101.460541907476482, 3.440007212307381 ], [ 101.460519033242136, 3.436662498048886 ], [ 101.460506647419024, 3.434851342830058 ], [ 101.460419763145737, 3.422158823027122 ], [ 101.460418470776446, 3.422019332106081 ], [ 101.460402780097553, 3.420325045239301 ], [ 101.460128296572449, 3.3990279161505 ], [ 101.459817597258876, 3.399243284693437 ], [ 101.4594676288919, 3.399691947128855 ], [ 101.459010542050251, 3.400488759360544 ], [ 101.45843200816492, 3.401045110843772 ], [ 101.458182028788542, 3.401350201839829 ], [ 101.458092767405461, 3.401698350375682 ], [ 101.457974932085691, 3.402014199104289 ], [ 101.457789231795033, 3.402225968945352 ], [ 101.457535660725355, 3.402251110697912 ], [ 101.456942779938487, 3.401960436121156 ], [ 101.456424874738147, 3.401307257407067 ], [ 101.456031979151163, 3.400776098900353 ], [ 101.455267648735799, 3.400166005778266 ], [ 101.454349774919663, 3.399965079222325 ], [ 101.453789044947555, 3.399756949631547 ], [ 101.453556898766706, 3.399717485181856 ], [ 101.452842611153528, 3.399721121893274 ], [ 101.452331900247586, 3.399796526600452 ], [ 101.45184262532247, 3.399986780667291 ], [ 101.450942649815531, 3.400417530336121 ], [ 101.450846226592986, 3.400507263900546 ], [ 101.4505533565235, 3.400320649743658 ], [ 101.450099767899133, 3.400073031094798 ], [ 101.448792595946088, 3.399671134518649 ], [ 101.447906843848756, 3.399089755717939 ], [ 101.446517495480776, 3.398084893046482 ], [ 101.446534150995205, 3.397895866375863 ], [ 101.446641276613633, 3.39760275053873 ], [ 101.44656984055483, 3.397477136477901 ], [ 101.446224592378144, 3.397309665928354 ], [ 101.445498390422898, 3.397118290353312 ], [ 101.444034100869175, 3.397058556803039 ], [ 101.443885195902553, 3.395365708620165 ], [ 101.443908937629089, 3.394163360268651 ], [ 101.443944496056446, 3.391399754579669 ], [ 101.44396213174339, 3.387469693548047 ], [ 101.444068903488159, 3.380901641244868 ], [ 101.444110403416559, 3.37795259780467 ], [ 101.444098355207188, 3.375398357895493 ], [ 101.444083461400993, 3.367167271685668 ], [ 101.44396669600836, 3.362722869628548 ], [ 101.443757976405067, 3.35564637617308 ], [ 101.446466192914002, 3.355598365808166 ], [ 101.446376709441907, 3.352134891122512 ], [ 101.446227551054832, 3.345997540998246 ], [ 101.446096413189125, 3.341094016450391 ], [ 101.446030629439633, 3.337264077496847 ], [ 101.445952980091704, 3.332508524756317 ], [ 101.443714815022929, 3.328578587141301 ], [ 101.442327876061782, 3.326144056736696 ], [ 101.43908972849988, 3.320473447118342 ], [ 101.438263619822536, 3.318767747615916 ], [ 101.43805994057675, 3.318320038034919 ], [ 101.437048012282901, 3.316154663173825 ], [ 101.436583731270062, 3.315454810810212 ], [ 101.435411124948075, 3.31364237013504 ], [ 101.433755137609992, 3.310871448210412 ], [ 101.432819486297021, 3.309285079008769 ], [ 101.430508784378205, 3.304630112413709 ], [ 101.4308980118996, 3.304109676130619 ], [ 101.432040735453668, 3.303503068812046 ], [ 101.433026349616426, 3.303348694127104 ], [ 101.434094175667511, 3.304533697026801 ], [ 101.43414747973074, 3.30451309640721 ], [ 101.434192079327289, 3.304495860803714 ], [ 101.434795268885338, 3.304211195035975 ], [ 101.43527496469369, 3.303756553091414 ], [ 101.435387991080646, 3.302500361859222 ], [ 101.435548680815771, 3.302302953679353 ], [ 101.436646099788675, 3.302047964065043 ], [ 101.436828299155309, 3.301866218640324 ], [ 101.437542496937127, 3.301471382650863 ], [ 101.438023329676639, 3.299976298316232 ], [ 101.438556591466522, 3.299588648732096 ], [ 101.440480208093135, 3.299526339714487 ], [ 101.44234668751956, 3.299468815507558 ], [ 101.443132309883495, 3.299341736337909 ], [ 101.448250863063762, 3.299411054928803 ], [ 101.451707668894542, 3.29948262453396 ], [ 101.458691504655192, 3.299502696167651 ] ] ] } },
{ "type": "Feature", "properties": { "OBJECTID": 3, "KATEGORI": "Majlis Bandaraya", "NAMA_PBT": "Majlis Bandaraya Subang Jaya", "Shape_area": 16344.953436899999, "web_name": "Majlis Bandaraya Subang Jaya", "web_type": "Majlis Bandaraya", "web_area": 16344.953436899999 }, "geometry": { "type": "Polygon", "coordinates": [ [ [ 101.646316610739461, 3.07091113463754 ], [ 101.647078229230573, 3.070731496050009 ], [ 101.649993539129156, 3.070057257903676 ], [ 101.650983563194686, 3.06950190328826 ], [ 101.650507228859155, 3.068281732207543 ], [ 101.651629690575305, 3.067165251370616 ], [ 101.651129723805411, 3.066638975661376 ], [ 101.650233930619208, 3.065610823590903 ], [ 101.649150649530327, 3.064372854660226 ], [ 101.647121005191309, 3.062106242924516 ], [ 101.648811135429952, 3.06296721297272 ], [ 101.649429716556071, 3.061872391687067 ], [ 101.648626293224481, 3.06139404287955 ], [ 101.64906643173336, 3.06059237370927 ], [ 101.649322324487429, 3.060694002067502 ], [ 101.649667300297935, 3.060077791886313 ], [ 101.647971166294852, 3.058977551993012 ], [ 101.648089728353696, 3.057117181238652 ], [ 101.648702706308654, 3.057475940928632 ], [ 101.649630870177049, 3.057062970390237 ], [ 101.651005605082602, 3.057852232741957 ], [ 101.650743908864015, 3.058354768549391 ], [ 101.652207909837401, 3.059173916275569 ], [ 101.653201212267845, 3.05746885678326 ], [ 101.655873308431964, 3.058939716659384 ], [ 101.657087008897392, 3.058197669284601 ], [ 101.659419758590403, 3.058950788575001 ], [ 101.659431590508845, 3.05867562270908 ], [ 101.659429362445536, 3.058134682083554 ], [ 101.659389160670926, 3.05557107833335 ], [ 101.659364449996076, 3.051934148874371 ], [ 101.659328147339892, 3.04952947343353 ], [ 101.658762789866273, 3.049236507541048 ], [ 101.658340311239499, 3.049224650180195 ], [ 101.657989320142292, 3.049547755699475 ], [ 101.657275418828874, 3.050122187784378 ], [ 101.656728033945512, 3.050319724215714 ], [ 101.655704622345112, 3.050529342594986 ], [ 101.655198857207324, 3.050595268225208 ], [ 101.65423504840895, 3.051211633173315 ], [ 101.653354346586795, 3.0510204331117 ], [ 101.652348124437111, 3.048514304232903 ], [ 101.65193158635924, 3.048460570210459 ], [ 101.651324634010649, 3.048394919014703 ], [ 101.651461125724722, 3.046881488524335 ], [ 101.65128242426421, 3.046091933725207 ], [ 101.653240040807674, 3.045900035616885 ], [ 101.659327176059719, 3.045635320022452 ], [ 101.659333172625423, 3.045820754406543 ], [ 101.663861348420511, 3.045682022650018 ], [ 101.66865132263807, 3.045483385707485 ], [ 101.668674647505213, 3.043635003892679 ], [ 101.668453693925898, 3.04056041679078 ], [ 101.671571964877742, 3.04173801565062 ], [ 101.673428424019335, 3.041581999114044 ], [ 101.674844566939498, 3.041456005614541 ], [ 101.675701434923013, 3.04153952246993 ], [ 101.676522559944004, 3.0414675215299 ], [ 101.678634929439568, 3.041490881413242 ], [ 101.681771155528423, 3.043003424845384 ], [ 101.685847679408781, 3.045012187141418 ], [ 101.686127363322029, 3.045077909433074 ], [ 101.686847424904414, 3.045334926768728 ], [ 101.687852903780993, 3.044868067750733 ], [ 101.688328762414656, 3.044257792762412 ], [ 101.688459539340229, 3.043785195030328 ], [ 101.688929704800856, 3.044108080343693 ], [ 101.689298716513889, 3.044436975510417 ], [ 101.689869686599067, 3.043491693234607 ], [ 101.690006469524675, 3.043222474471041 ], [ 101.690595547033212, 3.043204363837046 ], [ 101.69091092607222, 3.043246147729227 ], [ 101.690948974650368, 3.043616158614432 ], [ 101.690893249813612, 3.043874240315576 ], [ 101.690923111330093, 3.044269029844792 ], [ 101.692797479931045, 3.044316355349653 ], [ 101.692815588934863, 3.045237545212317 ], [ 101.693565311528346, 3.045165551288413 ], [ 101.693553289926697, 3.044734866165128 ], [ 101.693588887818549, 3.044363985380067 ], [ 101.694939566518045, 3.044196111334453 ], [ 101.695445510459919, 3.044782181886081 ], [ 101.695951280623319, 3.044752128449953 ], [ 101.697956619027465, 3.045014751552883 ], [ 101.699099118137028, 3.045134057703645 ], [ 101.699009991293593, 3.045582717109809 ], [ 101.698914951665458, 3.046162977425898 ], [ 101.698926903650388, 3.046342427434803 ], [ 101.699289905531401, 3.046449994577867 ], [ 101.699200665746048, 3.046503856422778 ], [ 101.698790568871132, 3.048172892108831 ], [ 101.698790589393781, 3.048244673485836 ], [ 101.699932946136101, 3.047855527015818 ], [ 101.700129326698246, 3.047921269645665 ], [ 101.700581656805952, 3.048280045155086 ], [ 101.700772104343315, 3.048405607186664 ], [ 101.701069658358776, 3.048531138006343 ], [ 101.701426703950006, 3.04861477893665 ], [ 101.703937827982941, 3.048865278868093 ], [ 101.705609905138616, 3.048954512964667 ], [ 101.706258527629814, 3.049067974954272 ], [ 101.706365320464343, 3.047997205158981 ], [ 101.706519414664655, 3.045897555589939 ], [ 101.708090343912261, 3.046028688646235 ], [ 101.708102385441137, 3.046507227207779 ], [ 101.708102760540456, 3.047781345530823 ], [ 101.709221481743484, 3.047966447083157 ], [ 101.709211188936465, 3.04825840778554 ], [ 101.709047084219648, 3.048681966526114 ], [ 101.709340417224851, 3.050627152363036 ], [ 101.710976469200517, 3.053619941837237 ], [ 101.71230449865574, 3.053296525715043 ], [ 101.712325756989713, 3.052750981544853 ], [ 101.713275713152285, 3.053669494549264 ], [ 101.713418614992818, 3.053978110718873 ], [ 101.715025039970286, 3.053381838027819 ], [ 101.714849932193886, 3.052829175613588 ], [ 101.714415342098036, 3.052123458666161 ], [ 101.714754464974305, 3.051961847699881 ], [ 101.714805355019692, 3.051867940808724 ], [ 101.715045999166421, 3.051848105303414 ], [ 101.715247778325647, 3.050077439318799 ], [ 101.715509143618831, 3.048581916684228 ], [ 101.715693280080572, 3.04750514160303 ], [ 101.715966702146503, 3.046530029424833 ], [ 101.71957281268665, 3.047186918910624 ], [ 101.721159437589606, 3.040265521595863 ], [ 101.723123204295632, 3.040797290375723 ], [ 101.724199574624564, 3.038733245277288 ], [ 101.724067925087098, 3.03632263370474 ], [ 101.722163810178259, 3.03625144355978 ], [ 101.722317685946052, 3.033535672525442 ], [ 101.722972256579823, 3.033667068726147 ], [ 101.723257864311563, 3.033649034835731 ], [ 101.723513661844507, 3.033439593519366 ], [ 101.724680157290194, 3.034222842329959 ], [ 101.728870215080107, 3.037619171054614 ], [ 101.730630789190727, 3.035345542997824 ], [ 101.730778935682366, 3.033400824360434 ], [ 101.73087376638162, 3.032210423125817 ], [ 101.730938932063395, 3.031295192464674 ], [ 101.730891198579243, 3.030876484072252 ], [ 101.730682778170504, 3.030362118356928 ], [ 101.730147009724789, 3.0295786767197 ], [ 101.729855247206828, 3.028938720036589 ], [ 101.729795015872412, 3.026605850409712 ], [ 101.729269635620057, 3.025083850801168 ], [ 101.729171409278351, 3.024813242654625 ], [ 101.729041967493089, 3.024456632748214 ], [ 101.729018385468507, 3.024391665910206 ], [ 101.728926368824247, 3.024125512148341 ], [ 101.728878995464399, 3.02412009945134 ], [ 101.728411392576987, 3.024071213415573 ], [ 101.72827445010644, 3.023790113362197 ], [ 101.727064650090284, 3.021479735480441 ], [ 101.726039413387596, 3.019498893590111 ], [ 101.72482484590769, 3.017130490269341 ], [ 101.724021084375636, 3.015540784553933 ], [ 101.723831759031853, 3.015181936817543 ], [ 101.72413773194765, 3.013684169996444 ], [ 101.720884279456911, 3.011770792491892 ], [ 101.719585010161808, 3.010886097412995 ], [ 101.718939436907817, 3.010004383363181 ], [ 101.717709940491446, 3.008309718169569 ], [ 101.717630037953526, 3.008344082772768 ], [ 101.717599226854745, 3.00838281292355 ], [ 101.717596977544943, 3.008379928020477 ], [ 101.717408168434318, 3.007766066900792 ], [ 101.717294006187643, 3.007394898410221 ], [ 101.717335812942167, 3.007391547619385 ], [ 101.718306657515839, 3.007313723811802 ], [ 101.718469577489017, 3.007300664526688 ], [ 101.718523333048154, 3.007289437893021 ], [ 101.718518765662068, 3.007183155004991 ], [ 101.71846921696249, 3.006030117702392 ], [ 101.718450864792715, 3.005603041238372 ], [ 101.718355513117814, 3.004269230450953 ], [ 101.718060236986176, 3.003766850669378 ], [ 101.718045796342651, 3.003230887941521 ], [ 101.718236199872749, 3.00323083034766 ], [ 101.718374142114214, 3.002895809175313 ], [ 101.718454690987556, 3.001651575487403 ], [ 101.718621010046732, 3.000704011900774 ], [ 101.718772998526447, 2.999588962925333 ], [ 101.718996151321022, 2.997684298009937 ], [ 101.719209948433786, 2.996329959267758 ], [ 101.718899383895774, 2.992449076918937 ], [ 101.718803895698642, 2.991487236112579 ], [ 101.718217732139223, 2.989209552261857 ], [ 101.717565439026401, 2.988640283285107 ], [ 101.717114647816061, 2.988056169786227 ], [ 101.717036868867169, 2.987941770331904 ], [ 101.716941632931295, 2.987822163333055 ], [ 101.714666184670207, 2.987286875803423 ], [ 101.714275837737858, 2.987200854315381 ], [ 101.713514182726399, 2.987024019829553 ], [ 101.713128591788589, 2.986923640228024 ], [ 101.713389872108053, 2.985148170396451 ], [ 101.713594139907258, 2.98374119510893 ], [ 101.711932850993421, 2.983578981757439 ], [ 101.711337835234104, 2.983526517351131 ], [ 101.710590495264924, 2.983459741071663 ], [ 101.708829243023857, 2.983283195979854 ], [ 101.707910536411489, 2.983192540722118 ], [ 101.701612881089162, 2.982581821009665 ], [ 101.694724982609983, 2.981932945701409 ], [ 101.690621778406211, 2.9816134585469 ], [ 101.685709369966801, 2.981265462495819 ], [ 101.680373316524097, 2.980884058711133 ], [ 101.674742212768692, 2.980756333932064 ], [ 101.67123294420189, 2.980677564925994 ], [ 101.671111751208457, 2.98067717574773 ], [ 101.669010898544101, 2.980639114679828 ], [ 101.666483580997578, 2.980571822876737 ], [ 101.664336814542608, 2.980529295054522 ], [ 101.660728719520478, 2.980439271654224 ], [ 101.657577501659418, 2.980385888995441 ], [ 101.655376183618998, 2.980366766967291 ], [ 101.651594270306106, 2.980321860961763 ], [ 101.645901308406252, 2.98026099858459 ], [ 101.641493553977085, 2.980242880518348 ], [ 101.63903738227792, 2.980166876005414 ], [ 101.635576843751551, 2.980048023128322 ], [ 101.633801363863142, 2.980029279053573 ], [ 101.633006505865623, 2.980302227301343 ], [ 101.628784377611552, 2.980221805829566 ], [ 101.625971240576774, 2.980161367867816 ], [ 101.624157665138085, 2.980208451329671 ], [ 101.618112506713899, 2.980343723904918 ], [ 101.614014163391843, 2.980382856211438 ], [ 101.6126147244523, 2.980373571538832 ], [ 101.608673455752268, 2.980388724526063 ], [ 101.604332340353622, 2.98036565819377 ], [ 101.601528685281068, 2.980256139345019 ], [ 101.598182368559492, 2.980022294712061 ], [ 101.595259771364766, 2.980214267041789 ], [ 101.594350624968158, 2.980276648766617 ], [ 101.587134487040061, 2.980311474498037 ], [ 101.583483539799261, 2.980111138101244 ], [ 101.58195556677353, 2.980015698488399 ], [ 101.580146754727608, 2.97992030570467 ], [ 101.577886156779257, 2.979627436336285 ], [ 101.575669746013446, 2.979672855096064 ], [ 101.574545800540804, 2.979415052705852 ], [ 101.57406016860466, 2.978735597050778 ], [ 101.573259196969431, 2.978106441626336 ], [ 101.572868775503736, 2.977484395083275 ], [ 101.572259466781901, 2.977293077876268 ], [ 101.567899144643221, 2.97615485317485 ], [ 101.566928082803159, 2.975982733682478 ], [ 101.565642902823768, 2.976059508785704 ], [ 101.563948414883114, 2.976452189316682 ], [ 101.56242534167238, 2.977208536708716 ], [ 101.561470333016629, 2.977441907530146 ], [ 101.560569039730339, 2.977783085984243 ], [ 101.55994077562849, 2.978127738586089 ], [ 101.559385758067165, 2.978548891340034 ], [ 101.558618543433866, 2.979262513139914 ], [ 101.557600032671587, 2.980478712130357 ], [ 101.557162874671931, 2.981000719425158 ], [ 101.556771134236357, 2.981468493389536 ], [ 101.556685525304133, 2.981937483611021 ], [ 101.556723742933428, 2.982846719115843 ], [ 101.55658105877518, 2.983612417865447 ], [ 101.55537227384599, 2.985316233306293 ], [ 101.555105799420218, 2.985890531470996 ], [ 101.554382520604207, 2.987517704507559 ], [ 101.552888312619586, 2.990475356679119 ], [ 101.551850839839375, 2.991930298017012 ], [ 101.551279801082003, 2.993059756549816 ], [ 101.551051431362623, 2.993825467449072 ], [ 101.551032467058747, 2.99434230222717 ], [ 101.551184906842295, 2.995146240408364 ], [ 101.55158488112842, 2.996026709382245 ], [ 101.552099090477796, 2.996859306278973 ], [ 101.553175045273221, 2.998074656876205 ], [ 101.553584492440237, 2.998620139887958 ], [ 101.553822560294805, 2.999050797126162 ], [ 101.553885440463262, 2.999551088909096 ], [ 101.55393696536332, 3.000141869254024 ], [ 101.553851374280413, 3.000744852676366 ], [ 101.553613467709383, 3.001395713920392 ], [ 101.57192549985858, 3.001408584301402 ], [ 101.571929784308608, 3.012846227134281 ], [ 101.571197991836627, 3.013312934026625 ], [ 101.57192882743874, 3.014243585756727 ], [ 101.571974498611041, 3.0382286082536 ], [ 101.556372841211541, 3.041014460822205 ], [ 101.548903007858968, 3.042331604161914 ], [ 101.551612770078378, 3.046201690977801 ], [ 101.551769887189124, 3.046388300738157 ], [ 101.554105139568776, 3.048598833767845 ], [ 101.554869366619585, 3.049912328817746 ], [ 101.555219448594073, 3.051218709305783 ], [ 101.555441024276305, 3.052661495615571 ], [ 101.555462757090396, 3.054685748087931 ], [ 101.556519791259916, 3.056264789707666 ], [ 101.556855522021721, 3.057090231378595 ], [ 101.556691415618374, 3.057894216787858 ], [ 101.557134241122938, 3.058633502971399 ], [ 101.557555575179805, 3.058920565041489 ], [ 101.557755575291068, 3.059344047908971 ], [ 101.55786993443698, 3.060054672686786 ], [ 101.557568961388938, 3.060812021432321 ], [ 101.55702756713201, 3.061418665541579 ], [ 101.556826504607727, 3.061817087851802 ], [ 101.55659100972062, 3.062732346701506 ], [ 101.556467151218726, 3.063163359158672 ], [ 101.556273359424722, 3.063396381015353 ], [ 101.556226985511557, 3.063651214760683 ], [ 101.556273427343243, 3.063834251851762 ], [ 101.556369933699131, 3.064537701347134 ], [ 101.556309311567986, 3.065004294535041 ], [ 101.556209415306, 3.065463715666367 ], [ 101.556063117118384, 3.065998515268916 ], [ 101.555977485646693, 3.066353850095427 ], [ 101.555945451071949, 3.066985537619968 ], [ 101.556045504505462, 3.067538244130644 ], [ 101.55627047267285, 3.067800213512796 ], [ 101.556470433928951, 3.067965280936412 ], [ 101.556541876918757, 3.06820573973796 ], [ 101.556481250833983, 3.06864720917702 ], [ 101.55642416652411, 3.068905633704348 ], [ 101.556345665515238, 3.069196363538041 ], [ 101.556252891698563, 3.06954093218173 ], [ 101.556185089753001, 3.069756289121831 ], [ 101.556256590278153, 3.070366425723575 ], [ 101.556428041115453, 3.070861695241092 ], [ 101.556438841920595, 3.071439539409945 ], [ 101.556356781087686, 3.071798462790677 ], [ 101.556442541846522, 3.072272211122754 ], [ 101.556556837643782, 3.072570088818533 ], [ 101.556906788117317, 3.072964835154935 ], [ 101.557074633522845, 3.073230402385806 ], [ 101.557221061163759, 3.073521096702927 ], [ 101.557378176730836, 3.0736646360207 ], [ 101.556974886795587, 3.074648114410979 ], [ 101.557585456129772, 3.074953091646648 ], [ 101.558620934943107, 3.075530772708446 ], [ 101.559227941781486, 3.0758788187572 ], [ 101.559656417169165, 3.076122809107587 ], [ 101.56029553970491, 3.076359587132258 ], [ 101.561077481150562, 3.076635821775993 ], [ 101.561955810348024, 3.076843847170176 ], [ 101.562855564066851, 3.077066224724827 ], [ 101.563419696215433, 3.077209696383696 ], [ 101.564080230397295, 3.077374686467937 ], [ 101.566718801830092, 3.078052588681531 ], [ 101.568789745319449, 3.0790212976494 ], [ 101.569889524138432, 3.079742520280898 ], [ 101.571939100904032, 3.080998354443112 ], [ 101.572896048804267, 3.081590390673589 ], [ 101.574006446847179, 3.081748118036182 ], [ 101.576134341516095, 3.081640071779209 ], [ 101.578205146681498, 3.081736610150449 ], [ 101.579897505452706, 3.081876281822057 ], [ 101.581097172612658, 3.082087822092961 ], [ 101.582721788894673, 3.082740742594247 ], [ 101.583892985054902, 3.083447580397522 ], [ 101.585039199658993, 3.084204668794111 ], [ 101.585664073141501, 3.08455987374218 ], [ 101.586256781635086, 3.084739218483565 ], [ 101.586856617736757, 3.084846779593738 ], [ 101.588088391294718, 3.084889618060255 ], [ 101.588798894670688, 3.084925375307461 ], [ 101.589470121718108, 3.084946783117421 ], [ 101.59077687321583, 3.084993193351895 ], [ 101.59208715227912, 3.084813488203522 ], [ 101.593558092516318, 3.084615804981516 ], [ 101.594132897753639, 3.084518788276594 ], [ 101.596389270201783, 3.084112781312239 ], [ 101.596869219236524, 3.084019575290577 ], [ 101.598617076192866, 3.083696008018117 ], [ 101.600465644810654, 3.083343670299597 ], [ 101.60096190291604, 3.083253843829493 ], [ 101.601411763023606, 3.083246575605338 ], [ 101.602704223048804, 3.08324990496504 ], [ 101.604103795852552, 3.083267567396627 ], [ 101.605182039752719, 3.083288882641756 ], [ 101.60518184641667, 3.082330594648216 ], [ 101.603749591947761, 3.079567283095503 ], [ 101.602467358959146, 3.077109011871684 ], [ 101.601110482657489, 3.076305326359852 ], [ 101.597582978036314, 3.076090678899246 ], [ 101.598228677056639, 3.073387962736794 ], [ 101.598864173763886, 3.073305288327569 ], [ 101.601127741740655, 3.073304839289367 ], [ 101.605240862670314, 3.073996706219145 ], [ 101.6065119224575, 3.074161545307276 ], [ 101.6070510493103, 3.074218860387682 ], [ 101.60831851003708, 3.074240134270709 ], [ 101.6095145574551, 3.074225530518577 ], [ 101.610053688192394, 3.074300789526899 ], [ 101.610514278324189, 3.074404777366801 ], [ 101.611699654423504, 3.074580395283464 ], [ 101.613217078672108, 3.074802600068562 ], [ 101.613627667842962, 3.074824047943183 ], [ 101.614270313087715, 3.074780842850517 ], [ 101.614937959447388, 3.074780701163027 ], [ 101.615723424237814, 3.074773355751626 ], [ 101.616001909260888, 3.074780474505343 ], [ 101.616798108540593, 3.074884387843482 ], [ 101.617494352495257, 3.075049336615657 ], [ 101.617808560501814, 3.075149763581333 ], [ 101.618358448414995, 3.07543677235382 ], [ 101.619801029237067, 3.076265540008056 ], [ 101.620065266660944, 3.076426991653743 ], [ 101.620418624164842, 3.075949565715691 ], [ 101.619919897760056, 3.075162058139296 ], [ 101.62008982637353, 3.07441709557215 ], [ 101.620700196792129, 3.073717090072781 ], [ 101.620703681200695, 3.073318700259204 ], [ 101.620949947240305, 3.072927435710674 ], [ 101.621324732834196, 3.072485895789957 ], [ 101.621847181845354, 3.073022209192777 ], [ 101.622406595692567, 3.073333141064994 ], [ 101.622876718584834, 3.073488565022904 ], [ 101.623442020843058, 3.07351236782125 ], [ 101.624090599967346, 3.073398570138691 ], [ 101.624638007442655, 3.073224976330754 ], [ 101.624959298646047, 3.073063396071614 ], [ 101.626767991800321, 3.071902521150057 ], [ 101.629112229679038, 3.07076545001659 ], [ 101.630885425659031, 3.070555685067648 ], [ 101.636496570379052, 3.06987246878171 ], [ 101.63788894142894, 3.069698671705118 ], [ 101.638519730528472, 3.069866014759139 ], [ 101.638969483281798, 3.069995980240809 ], [ 101.639590884308305, 3.070158871868019 ], [ 101.640072903631861, 3.070290358108555 ], [ 101.64112025354666, 3.070571255602421 ], [ 101.642322336231572, 3.070935860520276 ], [ 101.643262534852525, 3.071031345255815 ], [ 101.644958459096287, 3.071186465732595 ], [ 101.645392857143619, 3.071240197430527 ], [ 101.64596411777201, 3.07129987771591 ], [ 101.646316610739461, 3.07091113463754 ] ] ] } },
{ "type": "Feature", "properties": { "OBJECTID": 2, "KATEGORI": "Majlis Bandaraya", "NAMA_PBT": "Majlis Bandaraya Petaling Jaya", "Shape_area": 9780.1416452899994, "web_name": "Majlis Bandaraya Petaling Jaya", "web_type": "Majlis Bandaraya", "web_area": 9780.1416452899994 }, "geometry": { "type": "Polygon", "coordinates": [ [ [ 101.62510230434583, 3.199802849032241 ], [ 101.624784413857441, 3.199382999981328 ], [ 101.624475262086975, 3.199007055219751 ], [ 101.62408373656298, 3.199287093686367 ], [ 101.62366703927762, 3.198790699898491 ], [ 101.623494349783385, 3.198330140770471 ], [ 101.621812382953749, 3.197631850668775 ], [ 101.619908026738159, 3.197751918624854 ], [ 101.619127128353512, 3.197297477588912 ], [ 101.618679477222088, 3.196752037683905 ], [ 101.618746009273934, 3.196206482177937 ], [ 101.618883825661285, 3.195077086534357 ], [ 101.618502716322453, 3.194024374456132 ], [ 101.618673872154574, 3.1929523966477 ], [ 101.619025987764985, 3.192081366830066 ], [ 101.619316240590464, 3.191344343256509 ], [ 101.619534993915124, 3.190224500203965 ], [ 101.619620540251361, 3.189549733373533 ], [ 101.619677384601204, 3.188262436168976 ], [ 101.619600976732244, 3.187214441109137 ], [ 101.61925760351113, 3.18456816753222 ], [ 101.619195566354634, 3.183912575547648 ], [ 101.619128717472421, 3.183027283281099 ], [ 101.619133022155467, 3.180969541079125 ], [ 101.619280369650383, 3.179887997540874 ], [ 101.619737220283767, 3.179016944158712 ], [ 101.619595541198635, 3.177917380237564 ], [ 101.619360694561024, 3.177136348678942 ], [ 101.618955756612763, 3.175940077930747 ], [ 101.619127089253794, 3.175676840148077 ], [ 101.619079317685234, 3.17493989223836 ], [ 101.619174408764678, 3.17437040298244 ], [ 101.619179070112978, 3.17392057006821 ], [ 101.61907426373935, 3.173614324971505 ], [ 101.618850433122034, 3.173293750083915 ], [ 101.618436101385171, 3.172666949043329 ], [ 101.618240840451463, 3.172365509410616 ], [ 101.618074032041037, 3.171552020681085 ], [ 101.617945443138552, 3.171341489621556 ], [ 101.617774036214655, 3.171042951923771 ], [ 101.617497773326576, 3.170652484683888 ], [ 101.617312032651384, 3.170341471813707 ], [ 101.617064385583518, 3.169958690894707 ], [ 101.617002261317552, 3.168891550036506 ], [ 101.61717821494149, 3.167991847163662 ], [ 101.617101957002717, 3.16760424283791 ], [ 101.617011404122465, 3.16715921629565 ], [ 101.6167875443181, 3.166695077371679 ], [ 101.616701810988303, 3.166518034747444 ], [ 101.616582660126241, 3.165919880138981 ], [ 101.616534749414754, 3.164532111021751 ], [ 101.616644063233707, 3.163685062779894 ], [ 101.616672359905266, 3.162455196586701 ], [ 101.616424580764473, 3.16145509260316 ], [ 101.616165843148181, 3.160513070419401 ], [ 101.6157433037815, 3.159225223510175 ], [ 101.615652746240457, 3.158751483995207 ], [ 101.615528435749283, 3.15725068239699 ], [ 101.615428569041939, 3.156808641093506 ], [ 101.615251894042657, 3.154372886437838 ], [ 101.615132575432895, 3.152985132361285 ], [ 101.615808263648219, 3.151420143078311 ], [ 101.617469492792495, 3.150175561995549 ], [ 101.61809306611903, 3.149792588675868 ], [ 101.618249816979031, 3.148175072611121 ], [ 101.619467886470289, 3.145088189085215 ], [ 101.621176774474193, 3.144140290156178 ], [ 101.62176213436625, 3.143202211585597 ], [ 101.623128201884498, 3.142053397665883 ], [ 101.623394734053846, 3.141751854490507 ], [ 101.624013614614796, 3.141703860419632 ], [ 101.624956231416675, 3.141694076193135 ], [ 101.625794095519367, 3.141607747819205 ], [ 101.626598635659789, 3.141526211836208 ], [ 101.626641251622132, 3.140506902115549 ], [ 101.627069568074532, 3.139860769045212 ], [ 101.627274252961783, 3.139750656964847 ], [ 101.627849966584932, 3.138295749548533 ], [ 101.628530630384844, 3.137793121459235 ], [ 101.629339898601884, 3.137582375479464 ], [ 101.629682557291375, 3.137098966407633 ], [ 101.629663185401313, 3.135658551838337 ], [ 101.629648765640809, 3.13505558904341 ], [ 101.629405623140272, 3.133529087982687 ], [ 101.629362708414021, 3.133227614792064 ], [ 101.629362575311092, 3.132643790441473 ], [ 101.629362471682612, 3.132189173114802 ], [ 101.629543212997874, 3.131471314604087 ], [ 101.629533518195657, 3.130710430946836 ], [ 101.629823886293892, 3.130571586086482 ], [ 101.630371327270538, 3.130423110868493 ], [ 101.630585566415476, 3.130466130334821 ], [ 101.630766499661334, 3.130590510040886 ], [ 101.630918968899394, 3.131150371837288 ], [ 101.631447469690698, 3.131446946834525 ], [ 101.63179497109661, 3.131332015386049 ], [ 101.632275829243767, 3.131470681337183 ], [ 101.633351732947091, 3.131451288261689 ], [ 101.6336469635105, 3.131752702105825 ], [ 101.633985000152919, 3.131881829812957 ], [ 101.634560939415593, 3.131451004506339 ], [ 101.634956004631519, 3.131154213972986 ], [ 101.635298810830292, 3.131321623685008 ], [ 101.635189436403962, 3.131838477415946 ], [ 101.635356132066391, 3.13214949192452 ], [ 101.635851312250196, 3.132455643300582 ], [ 101.636274988539085, 3.132359834125399 ], [ 101.637126904524706, 3.13133076165065 ], [ 101.637836134857594, 3.130875975756333 ], [ 101.638231205731614, 3.130607896725619 ], [ 101.638935698280591, 3.130253605579609 ], [ 101.640111430789872, 3.12963121603139 ], [ 101.640587443032743, 3.12941097114535 ], [ 101.641368114633295, 3.129099729104745 ], [ 101.641858409460525, 3.128884265668999 ], [ 101.642401071162126, 3.128668789318696 ], [ 101.643253138641285, 3.128304888782605 ], [ 101.643705354531988, 3.128118146448484 ], [ 101.644419379972277, 3.127826060276324 ], [ 101.644928769506933, 3.127830721093714 ], [ 101.645685709950655, 3.127825750007314 ], [ 101.646042809131671, 3.128036221602273 ], [ 101.646457036149528, 3.128246678988222 ], [ 101.646462969155522, 3.128173699566771 ], [ 101.646641473910748, 3.128094695810872 ], [ 101.646698577067568, 3.127994187492261 ], [ 101.646694989945829, 3.127925995858166 ], [ 101.646714328213832, 3.127890933619363 ], [ 101.64681994709251, 3.127886485158025 ], [ 101.647041279107313, 3.127732100096213 ], [ 101.647319733446537, 3.127556166396695 ], [ 101.64764815504688, 3.12730126051265 ], [ 101.647922994710129, 3.126945873580767 ], [ 101.648008657099155, 3.126827412731397 ], [ 101.648137100906411, 3.126446938460451 ], [ 101.648190553247289, 3.126019824734921 ], [ 101.648161889991215, 3.125614265837505 ], [ 101.648111838265663, 3.125348686342104 ], [ 101.647951100242523, 3.125075956090132 ], [ 101.647565387641023, 3.124659718242606 ], [ 101.646529672876298, 3.123515057130409 ], [ 101.645622532745278, 3.122517515576632 ], [ 101.644883247589021, 3.121692207954214 ], [ 101.643747542845219, 3.120450662769944 ], [ 101.643522535182868, 3.120163590958563 ], [ 101.643368907378132, 3.11975447299133 ], [ 101.643333133024356, 3.119463766079048 ], [ 101.643300767124188, 3.118498311012258 ], [ 101.644582543146711, 3.118436984870684 ], [ 101.646917589626057, 3.118328740491152 ], [ 101.647178228771295, 3.118314320005748 ], [ 101.647745908824348, 3.118228042104688 ], [ 101.648181469090488, 3.118087960375165 ], [ 101.648467070515125, 3.117947915599716 ], [ 101.648820496245079, 3.117750428665379 ], [ 101.649252446059705, 3.117448838816113 ], [ 101.649641532660496, 3.117075477865975 ], [ 101.650062699926664, 3.116486764021446 ], [ 101.650201864865736, 3.116152944957881 ], [ 101.650366020142258, 3.115808352416088 ], [ 101.650483772911898, 3.115517607616768 ], [ 101.650637214049041, 3.115162250475277 ], [ 101.650801344246958, 3.114717163659379 ], [ 101.651143862056202, 3.113730081263758 ], [ 101.651354370186837, 3.113134241461392 ], [ 101.651514928525188, 3.112685566381597 ], [ 101.651807500991737, 3.11186718306416 ], [ 101.652142903899076, 3.110991363692025 ], [ 101.652606764805654, 3.109806851198143 ], [ 101.653324535939674, 3.110276840320088 ], [ 101.654413696176107, 3.111005148827809 ], [ 101.655863505161236, 3.111869749484186 ], [ 101.6571669054251, 3.112641069293291 ], [ 101.65854172354031, 3.113441081594719 ], [ 101.65907358797908, 3.112931295919703 ], [ 101.657573165179699, 3.109601016444759 ], [ 101.658872741629409, 3.109381749849344 ], [ 101.658986823495283, 3.108706973952442 ], [ 101.659093757130847, 3.108003487261346 ], [ 101.659475192249843, 3.105648954271727 ], [ 101.659781762865336, 3.103746664241207 ], [ 101.660106143520267, 3.101682861064559 ], [ 101.660373463845076, 3.0998810751904 ], [ 101.659480667141622, 3.099091707392704 ], [ 101.65973048087362, 3.098646597606359 ], [ 101.659608336568695, 3.09568563935414 ], [ 101.658922799894839, 3.095585320632567 ], [ 101.658890263578698, 3.093991778020381 ], [ 101.658843405323921, 3.092236730459029 ], [ 101.660310829483407, 3.092261478370256 ], [ 101.660310503183354, 3.090976588364069 ], [ 101.660396137932025, 3.090764810758069 ], [ 101.660835174701717, 3.090305295960702 ], [ 101.662341452603272, 3.088697000806715 ], [ 101.663012505098251, 3.088022080615962 ], [ 101.663383566032877, 3.087027809932202 ], [ 101.66367969345842, 3.086205834333752 ], [ 101.660037605573166, 3.08485727900255 ], [ 101.659366202279188, 3.084143223776321 ], [ 101.659883541085051, 3.082721816326978 ], [ 101.660429850336584, 3.082915486877386 ], [ 101.660658216681185, 3.082384244699401 ], [ 101.659026408286252, 3.081713503634955 ], [ 101.659372477194907, 3.080712062305428 ], [ 101.659547427456886, 3.080729963103621 ], [ 101.659747307437272, 3.080500211034009 ], [ 101.659840091345558, 3.080324322464979 ], [ 101.659882897103358, 3.080173570204945 ], [ 101.659882876250933, 3.080091021384861 ], [ 101.659757829907264, 3.079753679833068 ], [ 101.659350859809322, 3.079936826640059 ], [ 101.658590271900479, 3.079499152399817 ], [ 101.657611864821206, 3.078939503972729 ], [ 101.657311914360434, 3.07876371489829 ], [ 101.656697773680023, 3.078577237756893 ], [ 101.656554355119084, 3.078533367491894 ], [ 101.656260146893729, 3.078104631714739 ], [ 101.654748579840913, 3.077560667135041 ], [ 101.654397530361834, 3.077686372758627 ], [ 101.653933310192826, 3.077363471352594 ], [ 101.653832005306015, 3.076771298195575 ], [ 101.652016827671929, 3.075665115571784 ], [ 101.651630031540321, 3.075611375002503 ], [ 101.651618042765477, 3.075252469755906 ], [ 101.650957351463774, 3.0744929437109 ], [ 101.648130433808916, 3.07271105853542 ], [ 101.647181287468129, 3.071925792963939 ], [ 101.646492157536315, 3.071660367760057 ], [ 101.64596411777201, 3.07129987771591 ], [ 101.645392857143619, 3.071240197430527 ], [ 101.644958459096287, 3.071186465732595 ], [ 101.643262534852525, 3.071031345255815 ], [ 101.642322336231572, 3.070935860520276 ], [ 101.64112025354666, 3.070571255602421 ], [ 101.640072903631861, 3.070290358108555 ], [ 101.639590884308305, 3.070158871868019 ], [ 101.638969483281798, 3.069995980240809 ], [ 101.638519730528472, 3.069866014759139 ], [ 101.63788894142894, 3.069698671705118 ], [ 101.636496570379052, 3.06987246878171 ], [ 101.630885425659031, 3.070555685067648 ], [ 101.629112229679038, 3.07076545001659 ], [ 101.626767991800321, 3.071902521150057 ], [ 101.624959298646047, 3.073063396071614 ], [ 101.624638007442655, 3.073224976330754 ], [ 101.624090599967346, 3.073398570138691 ], [ 101.623442020843058, 3.07351236782125 ], [ 101.622876718584834, 3.073488565022904 ], [ 101.622406595692567, 3.073333141064994 ], [ 101.621847181845354, 3.073022209192777 ], [ 101.621324732834196, 3.072485895789957 ], [ 101.620949947240305, 3.072927435710674 ], [ 101.620703681200695, 3.073318700259204 ], [ 101.620700196792129, 3.073717090072781 ], [ 101.62008982637353, 3.07441709557215 ], [ 101.619919897760056, 3.075162058139296 ], [ 101.620418624164842, 3.075949565715691 ], [ 101.620065266660944, 3.076426991653743 ], [ 101.619801029237067, 3.076265540008056 ], [ 101.618358448414995, 3.07543677235382 ], [ 101.617808560501814, 3.075149763581333 ], [ 101.617494352495257, 3.075049336615657 ], [ 101.616798108540593, 3.074884387843482 ], [ 101.616001909260888, 3.074780474505343 ], [ 101.615723424237814, 3.074773355751626 ], [ 101.614937959447388, 3.074780701163027 ], [ 101.614270313087715, 3.074780842850517 ], [ 101.613627667842962, 3.074824047943183 ], [ 101.613217078672108, 3.074802600068562 ], [ 101.611699654423504, 3.074580395283464 ], [ 101.610514278324189, 3.074404777366801 ], [ 101.610053688192394, 3.074300789526899 ], [ 101.6095145574551, 3.074225530518577 ], [ 101.60831851003708, 3.074240134270709 ], [ 101.6070510493103, 3.074218860387682 ], [ 101.6065119224575, 3.074161545307276 ], [ 101.605240862670314, 3.073996706219145 ], [ 101.601127741740655, 3.073304839289367 ], [ 101.598864173763886, 3.073305288327569 ], [ 101.598228677056639, 3.073387962736794 ], [ 101.597582978036314, 3.076090678899246 ], [ 101.601110482657489, 3.076305326359852 ], [ 101.602467358959146, 3.077109011871684 ], [ 101.603749591947761, 3.079567283095503 ], [ 101.60518184641667, 3.082330594648216 ], [ 101.605182039752719, 3.083288882641756 ], [ 101.604103795852552, 3.083267567396627 ], [ 101.602704223048804, 3.08324990496504 ], [ 101.601411763023606, 3.083246575605338 ], [ 101.60096190291604, 3.083253843829493 ], [ 101.600465644810654, 3.083343670299597 ], [ 101.598617076192866, 3.083696008018117 ], [ 101.596869219236524, 3.084019575290577 ], [ 101.596389270201783, 3.084112781312239 ], [ 101.594132897753639, 3.084518788276594 ], [ 101.593558092516318, 3.084615804981516 ], [ 101.59208715227912, 3.084813488203522 ], [ 101.59077687321583, 3.084993193351895 ], [ 101.590894837763983, 3.085754059414377 ], [ 101.590987849419577, 3.086723097812165 ], [ 101.591163138099944, 3.088031023587475 ], [ 101.591201332149822, 3.088614842670147 ], [ 101.59126343722096, 3.089772912610666 ], [ 101.591301680358242, 3.090615146595333 ], [ 101.591382903852477, 3.092175191597217 ], [ 101.591287840175255, 3.092945669125871 ], [ 101.591202209473551, 3.093251955059189 ], [ 101.590945309866427, 3.094132529134456 ], [ 101.590721667305743, 3.094663758107849 ], [ 101.590274396010173, 3.095802783325091 ], [ 101.589541653978799, 3.097793674861995 ], [ 101.589156227412971, 3.098722127629328 ], [ 101.588509102845066, 3.100349307250971 ], [ 101.588033265854719, 3.101497908034792 ], [ 101.587176765794183, 3.103613243625925 ], [ 101.586548650307876, 3.105092069380583 ], [ 101.586305974762439, 3.105695083099451 ], [ 101.585673044244729, 3.106891567072592 ], [ 101.585163770121909, 3.10745634667552 ], [ 101.584359385354929, 3.108260454028625 ], [ 101.583621551638061, 3.108542933107619 ], [ 101.582355322202744, 3.108969072867442 ], [ 101.580089431770347, 3.109711233910397 ], [ 101.578198740086037, 3.110341725482222 ], [ 101.576433538020353, 3.110927400019362 ], [ 101.574757937025524, 3.111597662599372 ], [ 101.57308709616801, 3.112277492720003 ], [ 101.572177891056185, 3.112646132490037 ], [ 101.571425768580752, 3.112923820389514 ], [ 101.569788232897125, 3.113517501320796 ], [ 101.568184018632536, 3.114106388644167 ], [ 101.566560761085782, 3.114700062299429 ], [ 101.564823256483081, 3.115346392823688 ], [ 101.563818834236187, 3.115715041598259 ], [ 101.56611820537961, 3.11576729612475 ], [ 101.570236124326115, 3.115843160383745 ], [ 101.570226976282882, 3.11802533417843 ], [ 101.570213479185355, 3.122609812056346 ], [ 101.570204594383185, 3.126323334203322 ], [ 101.57019993469531, 3.126911947145174 ], [ 101.568600354838338, 3.126873939420553 ], [ 101.568462494808855, 3.128041616524876 ], [ 101.568486411068761, 3.128706792024921 ], [ 101.568567409553225, 3.129103971681489 ], [ 101.568653152465515, 3.129405441216172 ], [ 101.568649282035253, 3.129501360173839 ], [ 101.568657957092512, 3.129663855480913 ], [ 101.568562884181887, 3.130486971742453 ], [ 101.568448656224106, 3.130649697172768 ], [ 101.568182086537789, 3.130807663278774 ], [ 101.568015477500865, 3.130889044753542 ], [ 101.567882213294709, 3.131090057109102 ], [ 101.56766326616939, 3.13134372422738 ], [ 101.567442044234923, 3.131467661973369 ], [ 101.56721151800788, 3.131568718281069 ], [ 101.566955544508843, 3.131633614963494 ], [ 101.566598499316626, 3.131657603088699 ], [ 101.566229553471999, 3.131687574944353 ], [ 101.565937970283755, 3.131729497224444 ], [ 101.565628533607423, 3.13176544061371 ], [ 101.565271500335825, 3.131861210266675 ], [ 101.565027525633241, 3.131915087920308 ], [ 101.564676447064784, 3.132034783698458 ], [ 101.564438421125089, 3.132076696553157 ], [ 101.564140885942507, 3.132112637509164 ], [ 101.563837390992362, 3.132094742891089 ], [ 101.563551746541251, 3.132064881534963 ], [ 101.563063766240518, 3.131987199200104 ], [ 101.562397258404957, 3.131891600804636 ], [ 101.56145106991481, 3.131843902877525 ], [ 101.560898138900015, 3.131927077021746 ], [ 101.560558468088189, 3.131975650276644 ], [ 101.560058598046723, 3.131969750474671 ], [ 101.559618236232993, 3.131963840708416 ], [ 101.559332595800839, 3.131957905521758 ], [ 101.559046958264901, 3.13196991575698 ], [ 101.558713712219031, 3.131969969988115 ], [ 101.558404262737426, 3.131928147414837 ], [ 101.558166227938315, 3.131916222347618 ], [ 101.557827026300501, 3.131886368089794 ], [ 101.55753571552556, 3.131868261892695 ], [ 101.557410466866102, 3.131874471705281 ], [ 101.557243861985839, 3.131988153417946 ], [ 101.557112969635511, 3.132149684028236 ], [ 101.55697021846909, 3.132580399070162 ], [ 101.556785839001932, 3.133184593979879 ], [ 101.556666878543354, 3.133537541316618 ], [ 101.556541943411375, 3.133740943747363 ], [ 101.556089751271884, 3.134189653835077 ], [ 101.555655410323396, 3.13463237905696 ], [ 101.555155610725166, 3.135081096379192 ], [ 101.554810513785569, 3.135410152202301 ], [ 101.55440590350473, 3.135709308190288 ], [ 101.554114346866669, 3.135930682283137 ], [ 101.553691876175122, 3.136181986162658 ], [ 101.553254605826169, 3.136474219401334 ], [ 101.552900877849254, 3.136720963503107 ], [ 101.552782341882363, 3.138011911234017 ], [ 101.552597013626325, 3.14018932819425 ], [ 101.552387820333493, 3.141974340478845 ], [ 101.552321218807791, 3.14228540632647 ], [ 101.552216562063307, 3.142792682310265 ], [ 101.551774095031561, 3.144592087437617 ], [ 101.551674194121276, 3.145070649820699 ], [ 101.55163143139545, 3.145611414332808 ], [ 101.551702946729606, 3.14628615404064 ], [ 101.551822049395554, 3.146831678657529 ], [ 101.552064957880077, 3.147549460639775 ], [ 101.552336472081294, 3.148530438724335 ], [ 101.552622272035634, 3.149530556308736 ], [ 101.552779442871554, 3.149956438067229 ], [ 101.55308424998762, 3.150722064591116 ], [ 101.553331913620269, 3.151391990713965 ], [ 101.553774859334979, 3.152640927171394 ], [ 101.554022503575737, 3.153181645474585 ], [ 101.554198729949178, 3.153679305887306 ], [ 101.554334240056079, 3.153957701758058 ], [ 101.555089458747887, 3.154037488988549 ], [ 101.555807156134335, 3.15411992303372 ], [ 101.556496312616005, 3.154349514250432 ], [ 101.557717513853532, 3.154762062560954 ], [ 101.558152294167343, 3.154903771602284 ], [ 101.558310264590403, 3.154984490016211 ], [ 101.559099430297451, 3.155411463511486 ], [ 101.560224256492077, 3.155996301271712 ], [ 101.562509646470886, 3.157334654507392 ], [ 101.562806044524891, 3.157575074347357 ], [ 101.563277429899671, 3.157987741337699 ], [ 101.563477424387912, 3.158238944479355 ], [ 101.563848845987224, 3.158723409966075 ], [ 101.564077427677674, 3.159107404744554 ], [ 101.564406022708482, 3.159710317444249 ], [ 101.56653831427036, 3.163539519958059 ], [ 101.567749106856212, 3.165635343462621 ], [ 101.568431294818552, 3.166808859563166 ], [ 101.568652736432469, 3.167178497932026 ], [ 101.569906402171952, 3.169371216386927 ], [ 101.570820751001449, 3.170917955691553 ], [ 101.571360075767686, 3.171833079688044 ], [ 101.572578013453551, 3.173835578352742 ], [ 101.573381634875503, 3.175123919733306 ], [ 101.573988813539685, 3.176078509901359 ], [ 101.574853069053347, 3.176972038635165 ], [ 101.575867275975142, 3.177768633784755 ], [ 101.576467257741584, 3.178393026917906 ], [ 101.576770829932414, 3.178762648175895 ], [ 101.576885123923944, 3.178945671068635 ], [ 101.577367298809705, 3.179699292462184 ], [ 101.577795955647858, 3.18067903627364 ], [ 101.578171108993232, 3.181963862591493 ], [ 101.578539105636892, 3.183158962685831 ], [ 101.578767759019613, 3.183873149915664 ], [ 101.578971373996538, 3.184346872494618 ], [ 101.579190214967312, 3.184844227278693 ], [ 101.579285738009006, 3.185136414635591 ], [ 101.579378663849013, 3.185617335794249 ], [ 101.579393084959818, 3.18637104252534 ], [ 101.57922895754227, 3.187045822336957 ], [ 101.578551067850483, 3.188246829178053 ], [ 101.578347327784428, 3.188844120779468 ], [ 101.578371478872185, 3.189367571307376 ], [ 101.578679693606873, 3.190437616328551 ], [ 101.578754763023881, 3.190900595326999 ], [ 101.578712000196248, 3.19136718523065 ], [ 101.578533591570604, 3.192056323953052 ], [ 101.578362303773559, 3.192634199475713 ], [ 101.578130356509874, 3.193445377171637 ], [ 101.577959067647555, 3.194019663546374 ], [ 101.577830661843223, 3.194784163868875 ], [ 101.577912980955006, 3.19583934174425 ], [ 101.578181079367965, 3.197450794474585 ], [ 101.578288353475429, 3.198283443922195 ], [ 101.578392022183166, 3.198925872142278 ], [ 101.578495673257351, 3.199471394864811 ], [ 101.578670819444739, 3.200454773465789 ], [ 101.578753035270282, 3.20093928555269 ], [ 101.579071174042156, 3.202805553913135 ], [ 101.579342830229606, 3.204323688871422 ], [ 101.579414301407297, 3.204628748280957 ], [ 101.579511983528036, 3.204975086771315 ], [ 101.579625108629941, 3.20535011621332 ], [ 101.579707284247263, 3.205612104494588 ], [ 101.579825188647177, 3.20598893699045 ], [ 101.579928939810657, 3.206333925310799 ], [ 101.580230515620045, 3.206243088333951 ], [ 101.580433910172857, 3.206170786652234 ], [ 101.580644695004267, 3.20609585785935 ], [ 101.58118027430973, 3.205919891628326 ], [ 101.581587315292495, 3.205790607583647 ], [ 101.581955588660009, 3.205640946990643 ], [ 101.582240987197991, 3.205563970460212 ], [ 101.582859845533008, 3.205186998538744 ], [ 101.583329943896743, 3.204923709138652 ], [ 101.584365341550239, 3.204301402435303 ], [ 101.585109161756534, 3.20385860531946 ], [ 101.586430197978629, 3.203140532658259 ], [ 101.587001461942847, 3.202859276649394 ], [ 101.587961590305923, 3.202504098822322 ], [ 101.589018781716959, 3.202105174627766 ], [ 101.589885797973906, 3.201859263983467 ], [ 101.590833803960791, 3.201590381384448 ], [ 101.592815452567109, 3.201045642715017 ], [ 101.594689974874171, 3.200488958275986 ], [ 101.595047040504241, 3.200452995436535 ], [ 101.595838545845652, 3.200422926415906 ], [ 101.596927659981844, 3.200632068757743 ], [ 101.598838070248348, 3.200978623183764 ], [ 101.600117617196503, 3.201151832029127 ], [ 101.600926974118607, 3.201109791725906 ], [ 101.601926711893739, 3.200786566011046 ], [ 101.602456331670041, 3.200601019342792 ], [ 101.603036865447294, 3.200406160309258 ], [ 101.603384297509834, 3.200245925078592 ], [ 101.603731855999598, 3.200085688058126 ], [ 101.604122720742822, 3.199940000297214 ], [ 101.605570636003876, 3.199619458059891 ], [ 101.606106401516769, 3.199561197130949 ], [ 101.60682431815907, 3.199631044193313 ], [ 101.607955065497279, 3.199714547829338 ], [ 101.608931141481037, 3.200079228483339 ], [ 101.609716763997127, 3.200372167631209 ], [ 101.61087146128321, 3.201125625188487 ], [ 101.611377423020841, 3.201627986921137 ], [ 101.612603636244287, 3.202836044009816 ], [ 101.612990551740083, 3.203230758375613 ], [ 101.61324516427581, 3.203478341602138 ], [ 101.613520378346422, 3.203740513742174 ], [ 101.61382442561748, 3.204046343315715 ], [ 101.614645356105797, 3.204887353904639 ], [ 101.615967617736601, 3.206245347418956 ], [ 101.616894488743355, 3.207148149281296 ], [ 101.617372278723025, 3.207614164566672 ], [ 101.617954912199295, 3.207889481845595 ], [ 101.618530748289771, 3.208152997254806 ], [ 101.619311868141935, 3.208200229837176 ], [ 101.621382938250008, 3.208343322891169 ], [ 101.622144710187428, 3.208391003292725 ], [ 101.622983849924069, 3.208444647157211 ], [ 101.6247425799816, 3.208603841334623 ], [ 101.627015868782848, 3.208734562799448 ], [ 101.627736127075096, 3.208772646560283 ], [ 101.628064504614912, 3.208722219625392 ], [ 101.628421573582997, 3.20869342314458 ], [ 101.629035732518602, 3.20864542424852 ], [ 101.629503503676887, 3.208654286635864 ], [ 101.629158815793133, 3.208443139292081 ], [ 101.628621149761557, 3.207034025225578 ], [ 101.627981554952356, 3.205178621219024 ], [ 101.627520614168489, 3.203818467858305 ], [ 101.62744200145454, 3.203574428797348 ], [ 101.62732768721159, 3.203355521624084 ], [ 101.626777594964267, 3.202494270706038 ], [ 101.626188207484802, 3.201554068768483 ], [ 101.625505932854765, 3.200398543067004 ], [ 101.62510230434583, 3.199802849032241 ] ] ] } },
{ "type": "Feature", "properties": { "OBJECTID": 9, "KATEGORI": "Majlis Perbandaran", "NAMA_PBT": "Majlis Perbandaran Kuala Langat", "Shape_area": 85881.077526599998, "web_name": "Majlis Perbandaran Kuala Langat", "web_type": "Majlis Perbandaran", "web_area": 85881.077526599998 }, "geometry": { "type": "Polygon", "coordinates": [ [ [ 101.589949014337236, 2.642657261955327 ], [ 101.589826208503894, 2.642759239844493 ], [ 101.589773591089539, 2.642808171983323 ], [ 101.58930373941746, 2.64312420584969 ], [ 101.589204384066377, 2.643198103691482 ], [ 101.589046220301114, 2.643318401659664 ], [ 101.589029506299127, 2.643328350460836 ], [ 101.588990816376239, 2.643357203951888 ], [ 101.588831546822092, 2.643449594697319 ], [ 101.588742579876254, 2.643501203575557 ], [ 101.588645347009987, 2.643835001956024 ], [ 101.58858382193074, 2.644046217164243 ], [ 101.588311732891512, 2.643875207710414 ], [ 101.588218083560577, 2.643924168706207 ], [ 101.588204637630298, 2.643931197477613 ], [ 101.588132980682445, 2.644038704173209 ], [ 101.58810064453138, 2.64408721673584 ], [ 101.587987672917208, 2.644239165834659 ], [ 101.587662549424209, 2.644314956485259 ], [ 101.587652763839273, 2.644317237492897 ], [ 101.587568577350112, 2.644421161021065 ], [ 101.587568266934028, 2.644421251092052 ], [ 101.587548460481415, 2.644485285732546 ], [ 101.587595506565336, 2.644461175630988 ], [ 101.58759480136068, 2.644462712710722 ], [ 101.587196842215093, 2.644666552265315 ], [ 101.587526394760118, 2.645319203803237 ], [ 101.587556561194063, 2.645378944083082 ], [ 101.587362802620163, 2.645525200928214 ], [ 101.587118578634701, 2.64549120883601 ], [ 101.586851758295154, 2.645453239563188 ], [ 101.586685850804173, 2.645487165283692 ], [ 101.586454636980051, 2.645619223644807 ], [ 101.586285642823512, 2.645796228916837 ], [ 101.586257788362829, 2.645867227839085 ], [ 101.586156577245077, 2.645971152352679 ], [ 101.585933731471002, 2.646273151041231 ], [ 101.58556973973144, 2.646622188818645 ], [ 101.585333577234849, 2.646825154711816 ], [ 101.585299841523863, 2.64688421560111 ], [ 101.585136724077685, 2.647004964844324 ], [ 101.584873322274873, 2.647202234748937 ], [ 101.584521707776887, 2.647467159977932 ], [ 101.584091779190558, 2.647717166377239 ], [ 101.583674846666767, 2.647888217080784 ], [ 101.583064766400327, 2.648084148839982 ], [ 101.583034126647334, 2.648148455193228 ], [ 101.583164768722639, 2.648484710734784 ], [ 101.583164148624832, 2.648484349095984 ], [ 101.58316476894781, 2.648486157680269 ], [ 101.582709741315639, 2.648258179190009 ], [ 101.582544759273119, 2.648252219088068 ], [ 101.582305803500006, 2.648342222377226 ], [ 101.582246994815677, 2.648389888297321 ], [ 101.582067164200623, 2.648540484691766 ], [ 101.58182264634371, 2.648786591241318 ], [ 101.581527674894957, 2.649074214466271 ], [ 101.581386225615844, 2.649212145658197 ], [ 101.580849516973771, 2.649647563366309 ], [ 101.580814541292071, 2.649677140347606 ], [ 101.580296704530681, 2.649941168639101 ], [ 101.579846650906163, 2.650103174906637 ], [ 101.579831173774366, 2.65010389912342 ], [ 101.5795612626234, 2.650143256172482 ], [ 101.579204058318226, 2.650116684884814 ], [ 101.578857993973926, 2.650018121264238 ], [ 101.578445011362902, 2.649283271702963 ], [ 101.57816971645444, 2.649329427103101 ], [ 101.57774531396565, 2.649629373335396 ], [ 101.577394874659817, 2.649794357296027 ], [ 101.577045659255504, 2.649798170018251 ], [ 101.576781628163033, 2.649837163826961 ], [ 101.575887709854342, 2.650162167949168 ], [ 101.575265556199852, 2.650372115544615 ], [ 101.574832835269177, 2.65054117375901 ], [ 101.574536616125656, 2.650653155195098 ], [ 101.573844825475405, 2.651032141842641 ], [ 101.57319759833716, 2.651242180575559 ], [ 101.572539537069858, 2.651441093479858 ], [ 101.571257767403409, 2.651714108280887 ], [ 101.570933690910238, 2.651843094631862 ], [ 101.570272538981328, 2.652163109314082 ], [ 101.569732719054315, 2.652376125146116 ], [ 101.569581670473539, 2.652465127079177 ], [ 101.569369640653761, 2.652502127132851 ], [ 101.568983659083244, 2.652690083482931 ], [ 101.568867585452153, 2.652731150115752 ], [ 101.568640699602398, 2.652811111336889 ], [ 101.567903713035506, 2.653193081217689 ], [ 101.567511547509056, 2.653539129349911 ], [ 101.567171684484535, 2.653688102593366 ], [ 101.566757532625189, 2.653848112837673 ], [ 101.566043757342882, 2.654165143285002 ], [ 101.565997806708467, 2.654199746952473 ], [ 101.565986916058563, 2.65418211757027 ], [ 101.564843677906509, 2.654488028216466 ], [ 101.564496277623775, 2.654560806698909 ], [ 101.563971133166532, 2.654891156189265 ], [ 101.563801612308552, 2.654997798466423 ], [ 101.563763563865763, 2.654899316498627 ], [ 101.563700312749333, 2.654735599131973 ], [ 101.563599001940361, 2.654211323161701 ], [ 101.561659671758548, 2.654604578277178 ], [ 101.560805827063476, 2.654808602508909 ], [ 101.56021243669646, 2.654866837278468 ], [ 101.559286237825333, 2.654939761591335 ], [ 101.556742792182789, 2.656372488130482 ], [ 101.556515720362967, 2.656442030365385 ], [ 101.555964750073088, 2.656562066474631 ], [ 101.555868798197707, 2.656672048334197 ], [ 101.555826707659051, 2.656864057870487 ], [ 101.55582420959297, 2.656889924874158 ], [ 101.555407615426688, 2.657124590809737 ], [ 101.555147138741532, 2.656614745485134 ], [ 101.554751215691482, 2.656801812751932 ], [ 101.554476789222022, 2.656931472922482 ], [ 101.554286762609237, 2.656738033646427 ], [ 101.554014675394725, 2.656598037524857 ], [ 101.553722782408727, 2.656603022038976 ], [ 101.553398701811801, 2.656693022268336 ], [ 101.553171506619108, 2.656819015525628 ], [ 101.553123530419327, 2.656873010752952 ], [ 101.55296567003559, 2.656960020456666 ], [ 101.55268957046124, 2.657177091966244 ], [ 101.552649641124873, 2.657233076484828 ], [ 101.552441636791769, 2.657334015540721 ], [ 101.552095581106201, 2.65752006695636 ], [ 101.551386748999633, 2.657712006894607 ], [ 101.550287599473009, 2.658194006698058 ], [ 101.549520579556003, 2.658560048655015 ], [ 101.548348686876238, 2.659004062358295 ], [ 101.547901722629689, 2.659235064538033 ], [ 101.546780588848648, 2.659498010953524 ], [ 101.546401721938267, 2.659737059535603 ], [ 101.546024711224661, 2.659920034400514 ], [ 101.545170700981942, 2.660005976524351 ], [ 101.544849714683508, 2.660126001671046 ], [ 101.544255715162848, 2.660199002419095 ], [ 101.543900679652126, 2.66034001155298 ], [ 101.543664505440248, 2.660444025031262 ], [ 101.542475588602812, 2.661069008924392 ], [ 101.542158628115587, 2.661300006072217 ], [ 101.541871691354828, 2.661474023335033 ], [ 101.54118854861531, 2.661721036725108 ], [ 101.540803489661045, 2.662002953592966 ], [ 101.540224661942901, 2.662307032878592 ], [ 101.540190613730417, 2.662363017131959 ], [ 101.539988487630652, 2.662436008850941 ], [ 101.539305653457419, 2.66267497131237 ], [ 101.539231674346738, 2.662712958640501 ], [ 101.538653774373685, 2.663006997663902 ], [ 101.537838767605322, 2.663329983538771 ], [ 101.537587735330462, 2.663485006775617 ], [ 101.537331753675616, 2.663767009392361 ], [ 101.537053485527977, 2.664090979465886 ], [ 101.536528510668333, 2.664214984773726 ], [ 101.536159545361087, 2.664382942869143 ], [ 101.535724649501034, 2.664655995878041 ], [ 101.535538619703274, 2.664779995695379 ], [ 101.535083600301718, 2.664857964704572 ], [ 101.534897568870946, 2.664920011566306 ], [ 101.534627656492319, 2.665190981509218 ], [ 101.534234543336439, 2.665241002377259 ], [ 101.533829670392592, 2.665366994279886 ], [ 101.533551707218479, 2.665513967547111 ], [ 101.533287674666866, 2.665749935555669 ], [ 101.533118668335788, 2.665873934673777 ], [ 101.532388470910334, 2.666022994099153 ], [ 101.532216677186767, 2.666097973900698 ], [ 101.531975548920684, 2.666224958605781 ], [ 101.531109464494094, 2.666542965251549 ], [ 101.530687567506064, 2.666752978624397 ], [ 101.530522584169546, 2.666826963046506 ], [ 101.530260716110519, 2.666879964644308 ], [ 101.530024537793381, 2.666946985918234 ], [ 101.529653714271845, 2.66718295474042 ], [ 101.529394633633387, 2.667425976096524 ], [ 101.529152577262707, 2.667665922339651 ], [ 101.529026596573601, 2.667808913816083 ], [ 101.528978618436369, 2.667814973030422 ], [ 101.528818589148543, 2.667972977996634 ], [ 101.528567557731265, 2.668386934828507 ], [ 101.528393596268486, 2.6683389121302 ], [ 101.528300734101421, 2.668325979438185 ], [ 101.528227683521308, 2.668315942514814 ], [ 101.528039484532243, 2.66839797502202 ], [ 101.527550728227894, 2.668921911899591 ], [ 101.527384508009646, 2.669050975932048 ], [ 101.527147711163209, 2.669121975032854 ], [ 101.526900699735066, 2.669202923015345 ], [ 101.526642546752328, 2.669428941247952 ], [ 101.526318460286944, 2.669557915517067 ], [ 101.526155643744019, 2.669669974879568 ], [ 101.526085689445111, 2.669861894266976 ], [ 101.526011711807854, 2.67003192651655 ], [ 101.525859729629801, 2.670191919779179 ], [ 101.525688555013204, 2.670281911565833 ], [ 101.525202578406763, 2.670303893797836 ], [ 101.5249725915439, 2.670393886249937 ], [ 101.524870445086577, 2.670494910676461 ], [ 101.524792441072563, 2.670556954807165 ], [ 101.524421615062423, 2.670818878030471 ], [ 101.524215463094407, 2.670934917752101 ], [ 101.524182651694787, 2.67097688290757 ], [ 101.524021692225631, 2.671018939843106 ], [ 101.523578432014347, 2.671074927473762 ], [ 101.523083478885226, 2.671189882972719 ], [ 101.522394446695117, 2.671594888567629 ], [ 101.522069430423414, 2.671647890407379 ], [ 101.521204576168316, 2.671654949687709 ], [ 101.52087863100931, 2.671715910362535 ], [ 101.520616452033948, 2.67183194893179 ], [ 101.519472706033881, 2.672501860447572 ], [ 101.519068447226132, 2.672615910252858 ], [ 101.518461440451958, 2.672837856788077 ], [ 101.517955652106338, 2.673110904699727 ], [ 101.517665613932863, 2.673347864174347 ], [ 101.517372480672464, 2.673714879245485 ], [ 101.517178709277545, 2.673857869271948 ], [ 101.51697069852284, 2.673950934390017 ], [ 101.516470481382939, 2.674045899785949 ], [ 101.515964692516647, 2.674338842471501 ], [ 101.515810542671332, 2.674360911245135 ], [ 101.515549599912617, 2.674408846204318 ], [ 101.515040406034288, 2.674712912714587 ], [ 101.514773582299597, 2.67476283767511 ], [ 101.514200623014105, 2.674778845997809 ], [ 101.513470417532787, 2.674799918712611 ], [ 101.512939554199079, 2.674934858627123 ], [ 101.51257367819592, 2.674998891832896 ], [ 101.512348642090416, 2.675124877670964 ], [ 101.512253613053204, 2.675152823634982 ], [ 101.512054578106614, 2.675220835476894 ], [ 101.511514429369882, 2.675431836395466 ], [ 101.511045474956148, 2.675466836425463 ], [ 101.510627595521527, 2.675423875936692 ], [ 101.510127687292837, 2.675371870090945 ], [ 101.509602707124898, 2.675399814632413 ], [ 101.507708626559733, 2.675760852323973 ], [ 101.507101615704229, 2.67592581557739 ], [ 101.506652471372107, 2.676122886128632 ], [ 101.506348500339726, 2.67629382149555 ], [ 101.506208587850352, 2.676327826697768 ], [ 101.505726631771964, 2.676504818678992 ], [ 101.503155576068124, 2.677518837067763 ], [ 101.499745653126965, 2.679113840883077 ], [ 101.497957414142562, 2.680425774023175 ], [ 101.495957445502412, 2.681696820480989 ], [ 101.493443644352027, 2.682220803217583 ], [ 101.489728489083262, 2.683666725508061 ], [ 101.48607243034256, 2.685861770234639 ], [ 101.483615565984294, 2.686673701548995 ], [ 101.480759348454072, 2.688924733625594 ], [ 101.477676498887348, 2.692327714091068 ], [ 101.476535474603722, 2.693712709972877 ], [ 101.47424229961139, 2.695685724213001 ], [ 101.47404862581854, 2.695923901674309 ], [ 101.474048206931641, 2.69592339956539 ], [ 101.473950014262371, 2.69604517250734 ], [ 101.47242333319771, 2.697922659660204 ], [ 101.471339576301091, 2.698961712452756 ], [ 101.469455288882784, 2.701095718803853 ], [ 101.467057445618565, 2.703461684855252 ], [ 101.46686187068785, 2.703716764734656 ], [ 101.465371910233387, 2.704682497359356 ], [ 101.46537221989152, 2.704683039946499 ], [ 101.46549355529919, 2.704874510507066 ], [ 101.465523270637888, 2.704920909347012 ], [ 101.465498816969045, 2.704882831795613 ], [ 101.464737837963142, 2.706478574575292 ], [ 101.464055293816102, 2.707362696942652 ], [ 101.463989277040042, 2.7074540340584 ], [ 101.463959327890734, 2.707492205863267 ], [ 101.463943850416044, 2.707513550180288 ], [ 101.463933373537941, 2.707531377566823 ], [ 101.462209347311088, 2.709916614792125 ], [ 101.461938485604961, 2.710038610338166 ], [ 101.461689288546054, 2.710283697785518 ], [ 101.461682896529354, 2.710340023555732 ], [ 101.461565460820793, 2.710455623197803 ], [ 101.461525514566617, 2.710807622091377 ], [ 101.461521456902759, 2.711586689947713 ], [ 101.461386467116597, 2.712177633924251 ], [ 101.461309380778999, 2.71238365731215 ], [ 101.461068775957472, 2.712720516507429 ], [ 101.460892392994353, 2.712924663608092 ], [ 101.460813251511539, 2.713044497688264 ], [ 101.460802618171542, 2.713056796581047 ], [ 101.460773518733788, 2.713093423853371 ], [ 101.460773828354817, 2.713093332987551 ], [ 101.460759588232392, 2.713111149009077 ], [ 101.460758040222984, 2.713113230332417 ], [ 101.460749372325054, 2.713127157753681 ], [ 101.46075618679005, 2.713130902738337 ], [ 101.460635306096606, 2.713313936867129 ], [ 101.46063328319353, 2.713312829475034 ], [ 101.460286285249097, 2.713124605160791 ], [ 101.460196198607619, 2.71330494256179 ], [ 101.459984447038124, 2.713729105840661 ], [ 101.459936771909113, 2.713827324590843 ], [ 101.459301516643052, 2.715135270270462 ], [ 101.459298730334879, 2.715141057411951 ], [ 101.459080475056396, 2.715634772027016 ], [ 101.459079855095538, 2.715636761621019 ], [ 101.459077068925765, 2.715644991730987 ], [ 101.459073354015374, 2.715655664038107 ], [ 101.459056637613443, 2.715687227046499 ], [ 101.45905663681296, 2.715687588784354 ], [ 101.459055089649894, 2.71569021188634 ], [ 101.458989767303407, 2.715831840162036 ], [ 101.458916086854288, 2.715991287396708 ], [ 101.45890401371291, 2.716017334044964 ], [ 101.458816097877985, 2.716207075575778 ], [ 101.458490425523522, 2.716631597850538 ], [ 101.458458282232144, 2.716725965369258 ], [ 101.458439792357694, 2.716752763112965 ], [ 101.458308398819085, 2.716870628657904 ], [ 101.458245365528541, 2.716987946826237 ], [ 101.458184260347934, 2.717042643773111 ], [ 101.457932264995421, 2.717511663672984 ], [ 101.457630426545705, 2.718063618471161 ], [ 101.457374401031018, 2.718655640899472 ], [ 101.457250256867738, 2.718936638929537 ], [ 101.456435105435261, 2.721117431095986 ], [ 101.456297648418868, 2.721442654283781 ], [ 101.455893304358412, 2.722881929915691 ], [ 101.455751817980712, 2.723316407984185 ], [ 101.45574531693984, 2.723337661678814 ], [ 101.455484335444126, 2.723915663748786 ], [ 101.455361431481265, 2.724154605781576 ], [ 101.455213442086276, 2.724640634255648 ], [ 101.455051217045082, 2.725036672551035 ], [ 101.454920504779722, 2.725577576812662 ], [ 101.454903982231471, 2.725568654855041 ], [ 101.454704143767103, 2.725460747376264 ], [ 101.454067249945652, 2.726582165870134 ], [ 101.454199942826037, 2.726667596502654 ], [ 101.45405931529946, 2.726933013946783 ], [ 101.454276115890195, 2.727049446217165 ], [ 101.45409615601433, 2.727324991984297 ], [ 101.454364328333213, 2.727459797394909 ], [ 101.454378216069031, 2.727466778672369 ], [ 101.454369603559726, 2.727490596022214 ], [ 101.454006501586889, 2.727943432980178 ], [ 101.453954830473265, 2.728007875481079 ], [ 101.453357948152558, 2.728752267356942 ], [ 101.453532783843926, 2.728853741918091 ], [ 101.453399244554078, 2.728979595023881 ], [ 101.453007687711803, 2.729508432006718 ], [ 101.452898248851469, 2.729468403882331 ], [ 101.452851433779259, 2.729451281645589 ], [ 101.452373741131439, 2.730062979955594 ], [ 101.452530445643575, 2.730160024742684 ], [ 101.45233956593961, 2.730408432239928 ], [ 101.452459668256878, 2.730472294072195 ], [ 101.452447753905943, 2.730540291491274 ], [ 101.4521783510923, 2.731056764012405 ], [ 101.452047315696902, 2.731011400081933 ], [ 101.451822665348885, 2.73143204104647 ], [ 101.451749931132582, 2.731391023136817 ], [ 101.451693420583325, 2.73135915518261 ], [ 101.451331486231794, 2.732087407516606 ], [ 101.451158843442428, 2.732327979532755 ], [ 101.451158816341405, 2.732328018350746 ], [ 101.450767082577755, 2.732873862083335 ], [ 101.450741726688307, 2.732926380610973 ], [ 101.450679823358101, 2.733054600841367 ], [ 101.450014521886033, 2.734432641883971 ], [ 101.449734157461123, 2.734257067155975 ], [ 101.449039124349824, 2.735645312988727 ], [ 101.44920964205788, 2.73608902284052 ], [ 101.448899761953186, 2.736689628777905 ], [ 101.447394428267955, 2.738655815643567 ], [ 101.447495697283884, 2.739150995796379 ], [ 101.446887741750501, 2.740083098863994 ], [ 101.446496859892648, 2.740811348673392 ], [ 101.446178481515744, 2.741131744672702 ], [ 101.44570075950034, 2.742107512884339 ], [ 101.445484750352293, 2.742621919966824 ], [ 101.445121619406223, 2.742442175748456 ], [ 101.444827805274002, 2.74323397892463 ], [ 101.445180472207596, 2.743416085750832 ], [ 101.444578266485479, 2.745336640670658 ], [ 101.444499343419665, 2.745588341949733 ], [ 101.444426711626932, 2.745787612434275 ], [ 101.444219354154328, 2.746165623936813 ], [ 101.444123065005101, 2.746450600909368 ], [ 101.444078175610343, 2.746510561424871 ], [ 101.443818113130291, 2.747080602685855 ], [ 101.443494283082472, 2.74762061349399 ], [ 101.44333620535086, 2.748050238759344 ], [ 101.443305097069427, 2.74799124472182 ], [ 101.443051752744879, 2.747510743027279 ], [ 101.442704396462545, 2.748399199785535 ], [ 101.442197670663631, 2.750321655297794 ], [ 101.441430438778013, 2.752637397851273 ], [ 101.441459379153585, 2.752666506548451 ], [ 101.44048954141968, 2.755113336920401 ], [ 101.440605058784698, 2.755163899202061 ], [ 101.440653862463705, 2.755185259425462 ], [ 101.440612133023805, 2.755264600719644 ], [ 101.44056909465921, 2.755426579308587 ], [ 101.44054525316885, 2.755516567960465 ], [ 101.440528225971434, 2.755525611315477 ], [ 101.440526058766707, 2.755531580907178 ], [ 101.440228251863928, 2.755687575409143 ], [ 101.438573293924122, 2.75640558098222 ], [ 101.438479185075593, 2.756435601702557 ], [ 101.438147308609402, 2.756854598576739 ], [ 101.438105205604643, 2.756902529736653 ], [ 101.438088178491356, 2.75691455780597 ], [ 101.438086011150034, 2.756917542644461 ], [ 101.438012023143941, 2.756972525700356 ], [ 101.437867141311472, 2.757089548859555 ], [ 101.437691301005586, 2.757236596673737 ], [ 101.437294095867315, 2.757830593616435 ], [ 101.43716623089405, 2.758072608757639 ], [ 101.436775206007823, 2.758819544335292 ], [ 101.436720095490926, 2.758967593894047 ], [ 101.436624111517744, 2.759271563943137 ], [ 101.436522230725359, 2.759811586225212 ], [ 101.436485076941182, 2.759903563234495 ], [ 101.436424077464352, 2.76015553083369 ], [ 101.436407050131137, 2.760163578938962 ], [ 101.436405192614998, 2.760171538067969 ], [ 101.436279196805955, 2.760232577658988 ], [ 101.436108010291733, 2.760212579882176 ], [ 101.435948276300195, 2.760213564064366 ], [ 101.435805251984391, 2.76031656832782 ], [ 101.435373080020653, 2.760667545185473 ], [ 101.435268133771771, 2.760749568761532 ], [ 101.434956067838357, 2.761148577557987 ], [ 101.434927272022549, 2.761249599288759 ], [ 101.434724166396691, 2.761748555717172 ], [ 101.434526026603834, 2.762038589416123 ], [ 101.434508071396735, 2.762053511371793 ], [ 101.434507142521085, 2.762054596620476 ], [ 101.434278981776117, 2.76224052943933 ], [ 101.434094163402136, 2.762392550549859 ], [ 101.433569102974971, 2.763019549348186 ], [ 101.43316322986847, 2.763549511890088 ], [ 101.433151156166872, 2.763565519645075 ], [ 101.433144036104594, 2.763565519084507 ], [ 101.433072211413887, 2.763658579187966 ], [ 101.432761046433612, 2.764456527866692 ], [ 101.432578998492957, 2.764806526510651 ], [ 101.432355150129311, 2.765321577313632 ], [ 101.432217996114531, 2.765571549662116 ], [ 101.432035961586848, 2.765732524599048 ], [ 101.43191615605754, 2.765791574776245 ], [ 101.431854236579113, 2.765891509114039 ], [ 101.431685194511331, 2.766190588855725 ], [ 101.431150229544713, 2.766755542326323 ], [ 101.431091100791647, 2.766784570161756 ], [ 101.431018962289599, 2.766932528384624 ], [ 101.430857037033149, 2.767265525203326 ], [ 101.430647129539253, 2.767592548410859 ], [ 101.429999163599149, 2.76827850493162 ], [ 101.429688957653639, 2.768607511088272 ], [ 101.429525182385518, 2.768825555323284 ], [ 101.428568205389681, 2.770415547784767 ], [ 101.428444980678307, 2.770668504801925 ], [ 101.428444041003033, 2.770815562750603 ], [ 101.428521114558393, 2.770939564337698 ], [ 101.428647104948865, 2.770966526090451 ], [ 101.428798171094954, 2.770985528757229 ], [ 101.428894126093198, 2.771129519404336 ], [ 101.428928165683431, 2.771313571690154 ], [ 101.428890985274464, 2.771767497528549 ], [ 101.428806143352986, 2.772058533188769 ], [ 101.428560946129338, 2.772364571469405 ], [ 101.428060979067737, 2.772636495060358 ], [ 101.427952930279929, 2.772779565865364 ], [ 101.42784920592473, 2.773053507910463 ], [ 101.427615153797618, 2.773336573636986 ], [ 101.427478927187366, 2.773572526826215 ], [ 101.427434019986222, 2.773850541831984 ], [ 101.427441124227258, 2.77407149226967 ], [ 101.427499004353152, 2.774200557215193 ], [ 101.428005126435352, 2.774456545130722 ], [ 101.428049071188212, 2.774638517526405 ], [ 101.427944125202657, 2.774680565972949 ], [ 101.42758502825825, 2.774685513254985 ], [ 101.427396191526597, 2.774706572873217 ], [ 101.427300224928175, 2.774716514691118 ], [ 101.427009222009872, 2.774871510503202 ], [ 101.426967120740144, 2.77487856161258 ], [ 101.427021013304724, 2.774492559395694 ], [ 101.426993160705578, 2.774376520145053 ], [ 101.426803102230991, 2.774175544650643 ], [ 101.426465990515752, 2.774091499296757 ], [ 101.426072221567509, 2.774107568582408 ], [ 101.425844065253401, 2.774207489642246 ], [ 101.425636953905965, 2.774361496389633 ], [ 101.425456156704726, 2.774500492654304 ], [ 101.425412192268325, 2.774575556223096 ], [ 101.425118088504192, 2.774808512734942 ], [ 101.424792087391481, 2.775179481309546 ], [ 101.423970110917026, 2.776215522542837 ], [ 101.423834200133371, 2.776361485220824 ], [ 101.423519944972341, 2.776961543687312 ], [ 101.423267938586051, 2.777224529337482 ], [ 101.423132951477243, 2.777423491425911 ], [ 101.423041924310539, 2.777612508575507 ], [ 101.422793931856347, 2.77800247465268 ], [ 101.422382196186049, 2.77815348128067 ], [ 101.422189944410846, 2.778288495779059 ], [ 101.42188407081504, 2.778573545340373 ], [ 101.421746920472515, 2.778732532018639 ], [ 101.421489961550876, 2.778967480282813 ], [ 101.421262106456879, 2.779138487678932 ], [ 101.421122168288662, 2.779325510678669 ], [ 101.421087171695746, 2.779527464462654 ], [ 101.421065183922295, 2.779626496929962 ], [ 101.420920911923787, 2.779799500625388 ], [ 101.420906973568606, 2.779911467056296 ], [ 101.420880953252563, 2.780111522706045 ], [ 101.42074503067451, 2.780400474623808 ], [ 101.420688053019873, 2.780619519848906 ], [ 101.420336996707604, 2.780715541667687 ], [ 101.420232051775088, 2.780734525767851 ], [ 101.419902978598444, 2.780772485508753 ], [ 101.419312950097421, 2.780669515450747 ], [ 101.418793183196527, 2.780709539526634 ], [ 101.418331920261593, 2.780791532568094 ], [ 101.418120171567921, 2.780860522339673 ], [ 101.417622053631419, 2.781152519571987 ], [ 101.417442187646373, 2.7812284756132 ], [ 101.417077185642128, 2.781508454421312 ], [ 101.416630151671356, 2.781720504349784 ], [ 101.416410041462868, 2.781823498999281 ], [ 101.415061182328557, 2.782678515471154 ], [ 101.414872952405403, 2.782836502332124 ], [ 101.414540139412779, 2.783165501702426 ], [ 101.41445190160897, 2.783289490420846 ], [ 101.414340118532508, 2.783647449551077 ], [ 101.414329884278004, 2.783861434091648 ], [ 101.41433604679095, 2.784209455280761 ], [ 101.414117164333817, 2.784414468568692 ], [ 101.413662993618431, 2.784817439004288 ], [ 101.41331098785372, 2.785123464782491 ], [ 101.41283115647181, 2.785124508595711 ], [ 101.412659958075977, 2.785204444497511 ], [ 101.412268008193394, 2.785618454399016 ], [ 101.411697101366428, 2.786343477737792 ], [ 101.411319089084031, 2.786678442427993 ], [ 101.411256863079217, 2.786699419431733 ], [ 101.411173887879897, 2.786826482571458 ], [ 101.4108868839715, 2.787206494951106 ], [ 101.410820002126911, 2.787382488145782 ], [ 101.410289050344332, 2.787840440331718 ], [ 101.410128996936677, 2.787917482588175 ], [ 101.409672965519661, 2.788312492456222 ], [ 101.409459959987601, 2.788573489032268 ], [ 101.409385030739671, 2.788724429889257 ], [ 101.409332070965846, 2.788985441002642 ], [ 101.409422131753473, 2.789261477442325 ], [ 101.409474120547941, 2.789469497957406 ], [ 101.409432002205733, 2.789666477199342 ], [ 101.409291131818563, 2.789842464151279 ], [ 101.408833883903867, 2.789997440992264 ], [ 101.408668873670251, 2.790096460756366 ], [ 101.408540078421467, 2.790267473936907 ], [ 101.408463901340113, 2.79051943864787 ], [ 101.408498853239706, 2.790848469793496 ], [ 101.408488927705633, 2.791073488908985 ], [ 101.408410908799951, 2.791155422110997 ], [ 101.408388921850545, 2.791231481518209 ], [ 101.408345875100096, 2.791425475158308 ], [ 101.4083700085244, 2.7915694611872 ], [ 101.408368137480608, 2.791719413836125 ], [ 101.408134066666435, 2.792121496425838 ], [ 101.408052938721838, 2.792347413600334 ], [ 101.40799592689271, 2.792922437702804 ], [ 101.407889083795581, 2.793381421643822 ], [ 101.407649111861858, 2.793987450711615 ], [ 101.407562100666567, 2.794230460452913 ], [ 101.407533886680838, 2.794708443416071 ], [ 101.407509098956396, 2.794951457949373 ], [ 101.407401971913529, 2.795131428200909 ], [ 101.407362955539597, 2.795240407621528 ], [ 101.406915878853056, 2.795855461707936 ], [ 101.406788935554161, 2.796072421108226 ], [ 101.406735951009736, 2.796604485831087 ], [ 101.406514886931504, 2.796933492760561 ], [ 101.406451098734578, 2.797109486464442 ], [ 101.406456959203595, 2.797343460376209 ], [ 101.406600877096494, 2.797709492036008 ], [ 101.40663801241368, 2.797855469099156 ], [ 101.406545106997228, 2.798227448187746 ], [ 101.406554054029812, 2.798566425043477 ], [ 101.406501101030074, 2.798745404157297 ], [ 101.406301098150365, 2.798948427776823 ], [ 101.406130814913638, 2.799152449423306 ], [ 101.406147799752446, 2.799618407599991 ], [ 101.405941899479529, 2.800001410534855 ], [ 101.405939103460909, 2.800106412742068 ], [ 101.405936925254395, 2.800222449586847 ], [ 101.405996972405617, 2.800330443065953 ], [ 101.406045854932358, 2.800665444351745 ], [ 101.406101877514359, 2.800774431422246 ], [ 101.404277937611909, 2.803437413832643 ], [ 101.402997985031945, 2.805305461335276 ], [ 101.40289891499971, 2.805373464209997 ], [ 101.402552800446259, 2.805490462263624 ], [ 101.402122800637329, 2.805502449911782 ], [ 101.401022893085795, 2.805407470903898 ], [ 101.400317067523432, 2.805369417841302 ], [ 101.399511862232686, 2.805411393474311 ], [ 101.39801505440785, 2.805587427529442 ], [ 101.397260924135679, 2.805657444956655 ], [ 101.396883854400841, 2.805747396295519 ], [ 101.396577057188466, 2.805839435726012 ], [ 101.395825071703754, 2.806137366666069 ], [ 101.395092896182874, 2.806455375927602 ], [ 101.394518924943711, 2.806662428866604 ], [ 101.393687995621789, 2.806976357827236 ], [ 101.392711901278133, 2.807031426298477 ], [ 101.391829923280852, 2.80703043020143 ], [ 101.390211792107635, 2.806893421888208 ], [ 101.389602856295369, 2.806923382927036 ], [ 101.388936037963305, 2.80687836239102 ], [ 101.388430823678974, 2.80677041163901 ], [ 101.38748600990094, 2.806697413231543 ], [ 101.387044865355762, 2.806712379216267 ], [ 101.38615978097701, 2.806816380975096 ], [ 101.385327938164565, 2.806958373758031 ], [ 101.383762998929058, 2.807327383654 ], [ 101.382972030653306, 2.807381379397981 ], [ 101.382330876467577, 2.807604337459767 ], [ 101.382000858679262, 2.807707313403855 ], [ 101.381449803464591, 2.807812344272788 ], [ 101.380814854997141, 2.807907326571652 ], [ 101.379913036252191, 2.80815033058616 ], [ 101.379114936320107, 2.808291328123901 ], [ 101.378523025307729, 2.808329335056619 ], [ 101.378067010266705, 2.808426326845114 ], [ 101.376863962160016, 2.808774295534516 ], [ 101.375909833107514, 2.808939329891762 ], [ 101.375833984844121, 2.808952344970927 ], [ 101.375480756253722, 2.808982329583479 ], [ 101.374747033329399, 2.80924027344308 ], [ 101.374440848220132, 2.809368301566164 ], [ 101.373684838533379, 2.809596305324891 ], [ 101.373201882036227, 2.809759313583396 ], [ 101.372049938372299, 2.809883260884904 ], [ 101.371585874704081, 2.809969303729776 ], [ 101.370921824502673, 2.810059302567926 ], [ 101.370311945390625, 2.810185304692369 ], [ 101.369495885247233, 2.810347275265815 ], [ 101.369087850284743, 2.810469320843093 ], [ 101.368178912549794, 2.810666279964397 ], [ 101.367611754977275, 2.810788304800404 ], [ 101.366467827015114, 2.811166298720637 ], [ 101.365785829709083, 2.811183305060712 ], [ 101.364488992386384, 2.811380302985508 ], [ 101.363370791269105, 2.811486247176573 ], [ 101.36146499717097, 2.811843244027183 ], [ 101.360203733808873, 2.812243282541717 ], [ 101.358747720562135, 2.812833221792876 ], [ 101.358405003841582, 2.812954277542864 ], [ 101.358057940292412, 2.813173281327102 ], [ 101.357941836064967, 2.81327419800115 ], [ 101.35735976861632, 2.813756265059696 ], [ 101.357126946831741, 2.813910256397046 ], [ 101.356813001205097, 2.814174212779068 ], [ 101.356605868645048, 2.81436827250983 ], [ 101.356199971799654, 2.814681236605164 ], [ 101.355754737709461, 2.815154276482959 ], [ 101.355475760601891, 2.815513201950028 ], [ 101.355358713171825, 2.815722196047767 ], [ 101.355266728830131, 2.816012230776661 ], [ 101.352139806436156, 2.817437250926739 ], [ 101.351652846784745, 2.817400192728188 ], [ 101.351507973773934, 2.817335235533369 ], [ 101.351242692520771, 2.817140205859009 ], [ 101.350989768048962, 2.817143245084402 ], [ 101.350416725986861, 2.817248168755202 ], [ 101.350190740296767, 2.817208251153656 ], [ 101.349940913667353, 2.817196187306109 ], [ 101.349346824111379, 2.817276234923183 ], [ 101.348742806611853, 2.817501168437217 ], [ 101.348474693956206, 2.817631185480299 ], [ 101.348295738860187, 2.817773243693469 ], [ 101.34800189849939, 2.818139219010606 ], [ 101.347845850074265, 2.81828616472106 ], [ 101.347474960676607, 2.818398168628926 ], [ 101.346924803079787, 2.818669234533001 ], [ 101.346758853182692, 2.81878615140346 ], [ 101.346497850467586, 2.818986171020601 ], [ 101.346175878205997, 2.819065169836877 ], [ 101.345890736671876, 2.819210197737258 ], [ 101.345655740126801, 2.819399185966695 ], [ 101.345208682141234, 2.819591219423806 ], [ 101.345093813731978, 2.819698195162908 ], [ 101.345073981836293, 2.819831231982679 ], [ 101.345136800584967, 2.820005160648404 ], [ 101.345220977042672, 2.820207218913517 ], [ 101.345259932423062, 2.82056519333161 ], [ 101.345332976141094, 2.820680155059913 ], [ 101.345351812132733, 2.821019223394603 ], [ 101.345135681287942, 2.821333205675671 ], [ 101.344964762992106, 2.821543186030686 ], [ 101.344685832058204, 2.821553184251914 ], [ 101.344348684478149, 2.821669172491916 ], [ 101.343086793340589, 2.822012212672071 ], [ 101.342219951560963, 2.822159143154044 ], [ 101.341745962694063, 2.822330188429045 ], [ 101.341414686477549, 2.822508128098057 ], [ 101.34099980864211, 2.822797209217364 ], [ 101.340910950711063, 2.822860142025993 ], [ 101.340564806603737, 2.82309912770878 ], [ 101.340272828521918, 2.823408124124091 ], [ 101.340210896119004, 2.823520171694568 ], [ 101.340092943980267, 2.823536161601901 ], [ 101.339903787264149, 2.82356019093082 ], [ 101.339672826064998, 2.823667148777676 ], [ 101.339414916809233, 2.823866171685046 ], [ 101.339227903156484, 2.824059145513222 ], [ 101.338950808319623, 2.824199198529614 ], [ 101.338558856388659, 2.824367180343301 ], [ 101.338280822951546, 2.824574158677293 ], [ 101.337891661122967, 2.824720162779291 ], [ 101.337302798199843, 2.8250041498432 ], [ 101.336863781418188, 2.825227112196664 ], [ 101.336588841935324, 2.825444129698667 ], [ 101.336409892643616, 2.825526133499547 ], [ 101.336102772518132, 2.825637148014373 ], [ 101.33577768664837, 2.825818162728481 ], [ 101.335637742447076, 2.825916179621347 ], [ 101.335353838011514, 2.826047186357359 ], [ 101.334770863828695, 2.826278174566961 ], [ 101.333834935178913, 2.826734126379048 ], [ 101.331933687857372, 2.827496161304571 ], [ 101.328724727637777, 2.828540162301684 ], [ 101.32790676431361, 2.82886607333554 ], [ 101.327291919186592, 2.828983095589215 ], [ 101.327045780768628, 2.829124144186011 ], [ 101.326839886971769, 2.82926510983405 ], [ 101.326069906527692, 2.829601066527216 ], [ 101.325757833604229, 2.829703123737384 ], [ 101.324997785640448, 2.829870136610555 ], [ 101.324763724920729, 2.829983059077443 ], [ 101.324701803355737, 2.830014070041064 ], [ 101.324523777366664, 2.830126097847686 ], [ 101.323749765940548, 2.830493073758023 ], [ 101.323556864961461, 2.830689118558509 ], [ 101.323357774740174, 2.830873135625387 ], [ 101.323109779007723, 2.831002063407078 ], [ 101.322848802080244, 2.83100410076982 ], [ 101.322339836522175, 2.831095091258117 ], [ 101.321896797366094, 2.831273097178139 ], [ 101.320455869464126, 2.832106094517659 ], [ 101.3199379142102, 2.832265094095715 ], [ 101.319798900175741, 2.832335072791397 ], [ 101.319525853372767, 2.832315039403533 ], [ 101.319410706228012, 2.832215082345548 ], [ 101.319394632908157, 2.832062052545898 ], [ 101.319336750875181, 2.832006059081864 ], [ 101.319111701490741, 2.831910062886509 ], [ 101.318771782948673, 2.831901052462413 ], [ 101.318528753110542, 2.831952110266974 ], [ 101.318179833783802, 2.832081111723651 ], [ 101.31757584145538, 2.832074045322959 ], [ 101.317163780333431, 2.832128058915233 ], [ 101.316365683815604, 2.832107030579456 ], [ 101.315989834301206, 2.832216039151917 ], [ 101.315704688805127, 2.832339081837401 ], [ 101.315438748455932, 2.832399088453466 ], [ 101.314482755974865, 2.832431030801847 ], [ 101.31390688294492, 2.832733096676544 ], [ 101.313733831004924, 2.832711089617691 ], [ 101.313563882800793, 2.832642052792105 ], [ 101.312883717423873, 2.832728034546624 ], [ 101.312311620766394, 2.832677017266042 ], [ 101.31190360843064, 2.832584061594519 ], [ 101.311548859877703, 2.832402032035227 ], [ 101.311077740775801, 2.832040002253819 ], [ 101.310896652232941, 2.831939038105014 ], [ 101.310266665664827, 2.831877065504691 ], [ 101.30932677215884, 2.831911991082528 ], [ 101.307977621927023, 2.831885070619091 ], [ 101.307830872248687, 2.831933069723377 ], [ 101.307681632671859, 2.832056043166556 ], [ 101.307512876048492, 2.832254984105396 ], [ 101.307316623924791, 2.832126070430993 ], [ 101.306972686368141, 2.832083048839106 ], [ 101.306562786877819, 2.832167990599377 ], [ 101.30633677010141, 2.832292036142977 ], [ 101.306075757187926, 2.832495030280455 ], [ 101.305153782856053, 2.832725036491508 ], [ 101.304973900608559, 2.832815988663246 ], [ 101.304782884754118, 2.832837026478509 ], [ 101.304495900575176, 2.832846019145842 ], [ 101.304127790914947, 2.832946975320544 ], [ 101.303342650751219, 2.833178000193087 ], [ 101.302927759496626, 2.833468965972736 ], [ 101.302767685056224, 2.833583977254934 ], [ 101.30208470997303, 2.833792049337065 ], [ 101.300962681831422, 2.834367954956953 ], [ 101.300418701567878, 2.834616025094738 ], [ 101.299863591095573, 2.834782967585488 ], [ 101.299783687105915, 2.834952981865351 ], [ 101.299699719448668, 2.835340960471955 ], [ 101.299581702222923, 2.835699991689512 ], [ 101.299357819004513, 2.836002023741891 ], [ 101.299253783202644, 2.83609298832718 ], [ 101.298894634985828, 2.836267020934685 ], [ 101.298663680391712, 2.836302974165408 ], [ 101.298068672648427, 2.836254024253908 ], [ 101.297437696832048, 2.836508950788242 ], [ 101.297016623069652, 2.836734974646901 ], [ 101.296739825488331, 2.836897989257807 ], [ 101.296583787573383, 2.836943994116308 ], [ 101.296394629906089, 2.836961956725291 ], [ 101.296156877462906, 2.836925011490356 ], [ 101.295921577200957, 2.837016945480381 ], [ 101.295686577690105, 2.837157990589988 ], [ 101.295579768485908, 2.837177957554502 ], [ 101.295357814527918, 2.837088017338691 ], [ 101.295190672859817, 2.836913976086893 ], [ 101.295000603073674, 2.836834984660665 ], [ 101.294762847686954, 2.836814952401617 ], [ 101.29440062056473, 2.836901978182861 ], [ 101.294014834184992, 2.837146006421492 ], [ 101.293743610436948, 2.837302960423428 ], [ 101.293460637652672, 2.837379962938551 ], [ 101.293084787570876, 2.837468975890227 ], [ 101.292694680334932, 2.837642999802471 ], [ 101.29233459465128, 2.837861979746299 ], [ 101.292094617081474, 2.838130001556864 ], [ 101.291698844651037, 2.838791956367056 ], [ 101.291128663334689, 2.840043916941044 ], [ 101.290837827098187, 2.840756990100257 ], [ 101.290640823056535, 2.841325918280449 ], [ 101.290533647652808, 2.841638914628779 ], [ 101.290171558228636, 2.842604939508703 ], [ 101.289884756833672, 2.843261939375095 ], [ 101.289726807708988, 2.843580985785165 ], [ 101.289725790812312, 2.844041964660991 ], [ 101.289724773172182, 2.844501949169959 ], [ 101.289567695129378, 2.845119994975958 ], [ 101.289550653503952, 2.845191982410478 ], [ 101.289561739217334, 2.845503917705118 ], [ 101.289472813942382, 2.845886918979425 ], [ 101.289229674470576, 2.846484960133964 ], [ 101.289046621374681, 2.846939933814287 ], [ 101.288878615621044, 2.848024925271753 ], [ 101.288730818180682, 2.848671913117113 ], [ 101.288653643052371, 2.849130979128623 ], [ 101.288596625725617, 2.849406994917933 ], [ 101.288198572814622, 2.850615935967121 ], [ 101.288128534799611, 2.850984921853444 ], [ 101.288089701576425, 2.851678961440441 ], [ 101.28799858626671, 2.852174924103636 ], [ 101.287790741515835, 2.852750993666731 ], [ 101.287692574995049, 2.85289296661417 ], [ 101.287670569851102, 2.853016957749941 ], [ 101.286991601481105, 2.854831980373118 ], [ 101.286930551522318, 2.855141911368038 ], [ 101.28686670287324, 2.855518947555497 ], [ 101.286590705070054, 2.856311972594373 ], [ 101.28639154172339, 2.856813973299107 ], [ 101.286230748193518, 2.857412933561113 ], [ 101.286142703167769, 2.858032981825668 ], [ 101.28607353263331, 2.858709921050448 ], [ 101.286061538043782, 2.859876972258876 ], [ 101.286131466454464, 2.860069988990351 ], [ 101.286102677181717, 2.861628919133732 ], [ 101.285977580872213, 2.861745924667133 ], [ 101.285817758125532, 2.86212393815481 ], [ 101.285721707130918, 2.86252393991049 ], [ 101.28554252569208, 2.863732923256468 ], [ 101.28532063173823, 2.864881935315897 ], [ 101.285032537177926, 2.86577290499112 ], [ 101.284773607250699, 2.866339919038984 ], [ 101.284636740949509, 2.866478990894871 ], [ 101.284417511927103, 2.866676922420971 ], [ 101.284330488449555, 2.866818988509565 ], [ 101.284195731626241, 2.867243944678678 ], [ 101.284123509418308, 2.867685916466066 ], [ 101.284093616069299, 2.868552970548218 ], [ 101.28401552866741, 2.868907937534339 ], [ 101.283832442511482, 2.869497938471351 ], [ 101.283833479425752, 2.870508982190322 ], [ 101.283766624015229, 2.873530971386232 ], [ 101.283805565353987, 2.873867963910878 ], [ 101.28396647999044, 2.874231932783965 ], [ 101.284202626054821, 2.87459691037906 ], [ 101.284333532322023, 2.874855960465081 ], [ 101.284661545262935, 2.875634996787139 ], [ 101.284985520018111, 2.87648394359247 ], [ 101.285458444780801, 2.877157915962961 ], [ 101.284159611508841, 2.880705935711426 ], [ 101.285126621440341, 2.881522995838373 ], [ 101.286437083591906, 2.88241700654916 ], [ 101.286449359335592, 2.88241922185182 ], [ 101.286913302846742, 2.882741888111601 ], [ 101.289170603417901, 2.884311801962805 ], [ 101.293010042655894, 2.886997709057451 ], [ 101.293020460824053, 2.887004997528738 ], [ 101.295654652100694, 2.888591920921888 ], [ 101.297304616384821, 2.889392729332127 ], [ 101.299880758122967, 2.891474407337433 ], [ 101.301776881808294, 2.892944701598525 ], [ 101.302978184533359, 2.893992852050001 ], [ 101.30370173733543, 2.894837101055669 ], [ 101.304729119120751, 2.895987032344521 ], [ 101.304980062588101, 2.896305112502488 ], [ 101.306842149396601, 2.898665381941573 ], [ 101.309172235832122, 2.901722068406639 ], [ 101.311357295946337, 2.904414995928876 ], [ 101.312716569026293, 2.905969325767448 ], [ 101.31347040311978, 2.906831331397528 ], [ 101.315366486546026, 2.908767330351844 ], [ 101.318058326750034, 2.910587077729139 ], [ 101.320026974199322, 2.91147515660269 ], [ 101.321763910480428, 2.911402689419514 ], [ 101.323298557995869, 2.910937225459911 ], [ 101.324847634308497, 2.910311662829827 ], [ 101.326020099068572, 2.909613271221875 ], [ 101.327192930290579, 2.908871256892786 ], [ 101.328770885444484, 2.907750826280517 ], [ 101.329509099636823, 2.907154265270251 ], [ 101.330609580653544, 2.906252044423052 ], [ 101.332607491745918, 2.904273080928236 ], [ 101.333851585489683, 2.902804335501432 ], [ 101.334764628530678, 2.901726416016559 ], [ 101.337052111350573, 2.89907795187985 ], [ 101.339049977873771, 2.897229931579715 ], [ 101.340599127468678, 2.895934898899433 ], [ 101.34201785751155, 2.895149191466388 ], [ 101.343986321886106, 2.894800148775962 ], [ 101.344710379130163, 2.894873021223102 ], [ 101.345665568620987, 2.895091545810944 ], [ 101.346953731804007, 2.895833947253764 ], [ 101.347981583427426, 2.896532686544679 ], [ 101.348719598131453, 2.897202331910549 ], [ 101.349153736369715, 2.89779907856941 ], [ 101.349602266584512, 2.898483161064275 ], [ 101.349776085778018, 2.899094440477085 ], [ 101.349732361636242, 2.900185984003036 ], [ 101.349471761237453, 2.902136184015933 ], [ 101.349022481783635, 2.904144548258773 ], [ 101.348153681691088, 2.906516762940581 ], [ 101.347574587046111, 2.907360794190495 ], [ 101.346734797058772, 2.90829212106092 ], [ 101.346324509779265, 2.908779475605422 ], [ 101.344823633184376, 2.91056227088476 ], [ 101.344101016266407, 2.911346763244774 ], [ 101.341928288981094, 2.913705523643123 ], [ 101.340871337613265, 2.914869675396351 ], [ 101.339640443453533, 2.916237520777281 ], [ 101.338509421579914, 2.917906700841689 ], [ 101.338496632657879, 2.917925574163367 ], [ 101.338422200575863, 2.918098247198609 ], [ 101.338120232972315, 2.918798773700015 ], [ 101.337512253922739, 2.920064896803678 ], [ 101.337280240456096, 2.92092354729305 ], [ 101.337338097810971, 2.921651285636675 ], [ 101.337439569434821, 2.922073313931021 ], [ 101.337772146389042, 2.922844718590182 ], [ 101.338727554570866, 2.924125657452702 ], [ 101.340276019830071, 2.925202876332141 ], [ 101.341839301103349, 2.925945417959451 ], [ 101.341963809929211, 2.925985534696681 ], [ 101.343692096943059, 2.926542382629528 ], [ 101.345400179639014, 2.926935602398908 ], [ 101.346905929298615, 2.927183261659942 ], [ 101.348237421574325, 2.927343558081204 ], [ 101.349580917357542, 2.926957828366084 ], [ 101.350746228656575, 2.925971307405252 ], [ 101.351532976741396, 2.924771948281604 ], [ 101.351631671007965, 2.924621493085266 ], [ 101.351652648321277, 2.92458951477892 ], [ 101.352776447640736, 2.922876329719835 ], [ 101.352980509293417, 2.922509618727028 ], [ 101.354550053440988, 2.919689051022313 ], [ 101.356519312321609, 2.916487441722991 ], [ 101.358357744406334, 2.914115356071784 ], [ 101.358366284245321, 2.914106358309982 ], [ 101.360761122108627, 2.911583334508479 ], [ 101.362816923155918, 2.909880807461626 ], [ 101.364959474295787, 2.908309244490698 ], [ 101.367956091678764, 2.906606830888109 ], [ 101.370721146326218, 2.905210007004163 ], [ 101.372458137844148, 2.904584399398173 ], [ 101.374151859028544, 2.904453653662845 ], [ 101.375353349802424, 2.904599329211331 ], [ 101.376554804652017, 2.905050631503226 ], [ 101.377987743412689, 2.905778535529206 ], [ 101.379319487011088, 2.906681005451045 ], [ 101.38026019064732, 2.90775809801232 ], [ 101.381273240819496, 2.909068061275478 ], [ 101.382301012777219, 2.910741935922248 ], [ 101.383589049358406, 2.912954240495153 ], [ 101.384558489028592, 2.914715441571071 ], [ 101.385311189779728, 2.916345570084598 ], [ 101.385889927252748, 2.918470546082384 ], [ 101.386772342682349, 2.922531133806932 ], [ 101.386989017995504, 2.926489922793186 ], [ 101.387006255110279, 2.929123156569586 ], [ 101.387010641183963, 2.929793145870026 ], [ 101.38701769373111, 2.930870611770837 ], [ 101.387038463231036, 2.932138510586279 ], [ 101.387059526821332, 2.93342434094269 ], [ 101.38706060854409, 2.933490394233178 ], [ 101.387061945023689, 2.933496593312703 ], [ 101.387087906574536, 2.933616953404389 ], [ 101.387149282807783, 2.93390150733647 ], [ 101.387149300057985, 2.933901585795358 ], [ 101.387321160740356, 2.934698360730186 ], [ 101.38856596936759, 2.937405613488852 ], [ 101.389361983674561, 2.938264299668454 ], [ 101.39127261863689, 2.940491326107532 ], [ 101.392792310859534, 2.941932292657371 ], [ 101.395947682027384, 2.944508694925118 ], [ 101.398625630907361, 2.946910461024533 ], [ 101.400279447354563, 2.949597943766787 ], [ 101.400279468712782, 2.949597978453625 ], [ 101.400513526961959, 2.949978325582329 ], [ 101.400555217418329, 2.950046072305019 ], [ 101.400622973970357, 2.950156178275695 ], [ 101.402388730079508, 2.954129600279538 ], [ 101.403546579554558, 2.955585087324708 ], [ 101.404139821899108, 2.957200617142103 ], [ 101.405124027750929, 2.959631249831495 ], [ 101.406525855274211, 2.96304221313282 ], [ 101.406586524540671, 2.963189835351949 ], [ 101.406745066327559, 2.963575600026217 ], [ 101.406796683038422, 2.963720280583678 ], [ 101.407222758833583, 2.96491454090917 ], [ 101.407714811347788, 2.966719299604424 ], [ 101.407831258455062, 2.967191262144263 ], [ 101.407833285158929, 2.967199476335682 ], [ 101.408038140138444, 2.968029756307009 ], [ 101.408038396434947, 2.968029626639054 ], [ 101.408091297030012, 2.968244087550329 ], [ 101.408162659836435, 2.968533390421504 ], [ 101.408278835404488, 2.969004362667826 ], [ 101.408474125872857, 2.96945909170567 ], [ 101.408553875092721, 2.969644784156484 ], [ 101.4085746860748, 2.969681646219648 ], [ 101.408804499936892, 2.970088699698053 ], [ 101.408858374574081, 2.970184126128846 ], [ 101.409113738887058, 2.970636438254168 ], [ 101.409161945237798, 2.970721822869067 ], [ 101.410001540808821, 2.971857075759253 ], [ 101.41079759730404, 2.972686787085527 ], [ 101.411810764143155, 2.97372014764986 ], [ 101.413055820867413, 2.974768190528563 ], [ 101.414517654640875, 2.975757969230818 ], [ 101.415777146329816, 2.97650038265511 ], [ 101.416645620524093, 2.976937043922799 ], [ 101.417427328088579, 2.977228168132587 ], [ 101.418180239794367, 2.977417475315782 ], [ 101.419287726590682, 2.97753684319098 ], [ 101.419288569428872, 2.977536934014823 ], [ 101.419396217774988, 2.977548536343951 ], [ 101.420047606175032, 2.977504969403505 ], [ 101.420901729306124, 2.977344942712493 ], [ 101.421425071262377, 2.977183114817362 ], [ 101.422134479162224, 2.976963749315514 ], [ 101.422528401587144, 2.976841939598522 ], [ 101.422551865209996, 2.976834684335242 ], [ 101.422595587903771, 2.976821164137557 ], [ 101.425056455568139, 2.975758863155183 ], [ 101.42751773644946, 2.973954344688603 ], [ 101.428361058091397, 2.973323218714939 ], [ 101.428409548428391, 2.973286929373184 ], [ 101.42919565414276, 2.972698621015969 ], [ 101.429208039167492, 2.972689351689129 ], [ 101.429501161764691, 2.972469983361174 ], [ 101.432063258343547, 2.970563647079624 ], [ 101.434090245229683, 2.969006515636599 ], [ 101.435190352089677, 2.968002376679644 ], [ 101.43649355764731, 2.966721674678327 ], [ 101.43752130116107, 2.965455522948603 ], [ 101.437897633969868, 2.964669715010255 ], [ 101.438245157857253, 2.9639128644796 ], [ 101.438462351565306, 2.962879610962048 ], [ 101.438433591320887, 2.962195499367105 ], [ 101.438245330975164, 2.961336797604838 ], [ 101.437854709407418, 2.960434459353953 ], [ 101.436667620326716, 2.959328255132859 ], [ 101.436089841246954, 2.958456631494723 ], [ 101.433214831502141, 2.957633643737182 ], [ 101.425922566339111, 2.954303201060786 ], [ 101.423790084421157, 2.952484778887335 ], [ 101.421676629984617, 2.95001552345288 ], [ 101.423066514946029, 2.950206901831945 ], [ 101.427483664575135, 2.950168473528037 ], [ 101.434813858750687, 2.950378757329882 ], [ 101.441725170677259, 2.950225314389599 ], [ 101.445152286895791, 2.950550560349319 ], [ 101.452044650543087, 2.952024124337719 ], [ 101.46942769635092, 2.952099567135966 ], [ 101.470227212781651, 2.950147025136439 ], [ 101.478887766779707, 2.949990828106885 ], [ 101.48869068438691, 2.949832068530486 ], [ 101.494845173667784, 2.949738180817298 ], [ 101.499628682382621, 2.949793370366673 ], [ 101.507268421339177, 2.949887668033265 ], [ 101.519127628063288, 2.950029903877338 ], [ 101.521662228938567, 2.949821434499036 ], [ 101.524041004448961, 2.949624932115153 ], [ 101.549971727420854, 2.964668598046852 ], [ 101.549821935809433, 2.957424593040662 ], [ 101.562877013400566, 2.964320688041347 ], [ 101.56026473093722, 2.970264664552263 ], [ 101.560792483563745, 2.970481955894965 ], [ 101.564607782677925, 2.972532963713763 ], [ 101.566346435815248, 2.973467964535298 ], [ 101.569003254820984, 2.974900877465325 ], [ 101.572307009634244, 2.976948515576077 ], [ 101.572259466781901, 2.977293077876268 ], [ 101.572868775503736, 2.977484395083275 ], [ 101.573259196969431, 2.978106441626336 ], [ 101.57406016860466, 2.978735597050778 ], [ 101.574545800540804, 2.979415052705852 ], [ 101.575669746013446, 2.979672855096064 ], [ 101.578573911324867, 2.973739937551714 ], [ 101.579309854315156, 2.972196120590882 ], [ 101.581248939718535, 2.968187197473339 ], [ 101.581522294444298, 2.967630149699016 ], [ 101.583321095061279, 2.96417017752675 ], [ 101.584530899481095, 2.961858579183807 ], [ 101.586140395228426, 2.958778839740423 ], [ 101.58732877748507, 2.956513901085262 ], [ 101.588690259526501, 2.95388878285432 ], [ 101.59120708384755, 2.949115550035043 ], [ 101.592497380295143, 2.946729327407868 ], [ 101.593534738191323, 2.944537673244357 ], [ 101.594853800310901, 2.941912780206467 ], [ 101.595417384559013, 2.940883653013717 ], [ 101.597481109432707, 2.937115189990386 ], [ 101.59840639698335, 2.935349521736496 ], [ 101.599127058977643, 2.933966425474853 ], [ 101.600709235919041, 2.930933971163059 ], [ 101.601129728995488, 2.930128902881795 ], [ 101.60170075799374, 2.929035620041149 ], [ 101.602040053809219, 2.928423139243377 ], [ 101.602273111626502, 2.928002434976834 ], [ 101.60264644883452, 2.927232882190424 ], [ 101.602696612691176, 2.92712948019169 ], [ 101.603381145223779, 2.925706602018133 ], [ 101.605125375169393, 2.922081005423744 ], [ 101.605725298172146, 2.920966170714361 ], [ 101.606649442620267, 2.919268902178369 ], [ 101.607284049604758, 2.918103391672537 ], [ 101.607802864562373, 2.917150539604235 ], [ 101.609605569018328, 2.91358842450222 ], [ 101.617026707832437, 2.899561429802237 ], [ 101.618962755088674, 2.895919910935952 ], [ 101.624448607055555, 2.885601407857526 ], [ 101.626845110489583, 2.881100179035808 ], [ 101.629052866061429, 2.876953430969241 ], [ 101.629120188588246, 2.876848560158968 ], [ 101.630440677174107, 2.874481700842812 ], [ 101.630995095408352, 2.873305383829425 ], [ 101.632533659344574, 2.870415515622996 ], [ 101.635413814027245, 2.864846443611738 ], [ 101.637306961248541, 2.861072108353168 ], [ 101.641189074647343, 2.853605931454017 ], [ 101.647906650964813, 2.841162226169821 ], [ 101.650133703006276, 2.83916191691273 ], [ 101.652293960710253, 2.836912257116143 ], [ 101.659414340174948, 2.829803082160142 ], [ 101.665968801014202, 2.823233486665795 ], [ 101.66630226558344, 2.823314535004501 ], [ 101.666867820089408, 2.8236549896919 ], [ 101.667924405969757, 2.823712160987633 ], [ 101.669466428599961, 2.823704610072112 ], [ 101.670294552782991, 2.82370440905443 ], [ 101.671301139880285, 2.823653916624121 ], [ 101.672164884329305, 2.823345043650648 ], [ 101.672971500672801, 2.822971580438856 ], [ 101.673913704992373, 2.82238273784678 ], [ 101.674363375833366, 2.822030896113608 ], [ 101.674694253343148, 2.821645385964773 ], [ 101.675146281130893, 2.821202619745137 ], [ 101.676300138441462, 2.820065788570922 ], [ 101.677311223005262, 2.818964882886101 ], [ 101.6783818385031, 2.818031452532835 ], [ 101.678893366842672, 2.817636524799833 ], [ 101.681843711664641, 2.815924984115319 ], [ 101.683368688843416, 2.814412395322333 ], [ 101.669322652746942, 2.798748279688656 ], [ 101.665347573531363, 2.793963766138792 ], [ 101.663681412428218, 2.792085864762168 ], [ 101.654639049232728, 2.782045651340384 ], [ 101.649545456606376, 2.776184593010421 ], [ 101.645627641814897, 2.771356913787193 ], [ 101.643021346584945, 2.768187102966755 ], [ 101.633262731220512, 2.756249399578012 ], [ 101.633141779461013, 2.746534905859876 ], [ 101.633068414393207, 2.73676058216667 ], [ 101.633019911164638, 2.732238314846757 ], [ 101.632983425284678, 2.72830226589166 ], [ 101.632947595779711, 2.727620342418895 ], [ 101.630829862996848, 2.727620771837638 ], [ 101.62157370968005, 2.727646532185268 ], [ 101.615387074434778, 2.727647717395044 ], [ 101.612841038291194, 2.727660159584066 ], [ 101.610294993352539, 2.727624741496547 ], [ 101.607689472487934, 2.727649147437688 ], [ 101.605024462505938, 2.727661594725493 ], [ 101.603346926189403, 2.727626004906179 ], [ 101.602668782128703, 2.727662017226888 ], [ 101.595708817368291, 2.727663238450159 ], [ 101.595658460282536, 2.711392574201092 ], [ 101.595752820728293, 2.706571173971295 ], [ 101.595870761661331, 2.700481613614356 ], [ 101.596036120290009, 2.693375127165987 ], [ 101.596047789221402, 2.692023223107381 ], [ 101.596103461451065, 2.689466721590246 ], [ 101.596165710670377, 2.685802060389714 ], [ 101.596224718154886, 2.6829666447644 ], [ 101.596295441773194, 2.679054490659578 ], [ 101.596378123031286, 2.675501246453144 ], [ 101.596409448697273, 2.67258289552609 ], [ 101.596519809200743, 2.669088658417304 ], [ 101.596755758027058, 2.657220587972794 ], [ 101.596895413212735, 2.651202471310856 ], [ 101.597575593527125, 2.651035194832902 ], [ 101.597979617931699, 2.648283465722594 ], [ 101.597039656331873, 2.64750598128562 ], [ 101.596582674111772, 2.646587242730834 ], [ 101.597153462806247, 2.645101249689763 ], [ 101.593497015058148, 2.643763462782742 ], [ 101.591806820883789, 2.643128120749758 ], [ 101.589993676989735, 2.64245366143358 ], [ 101.589949014337236, 2.642657261955327 ] ] ] } },
{ "type": "Feature", "properties": { "OBJECTID": 11, "KATEGORI": "Majlis Perbandaran", "NAMA_PBT": "Majlis Perbandaran Hulu Selangor", "Shape_area": 175591.952594, "web_name": "Majlis Perbandaran Hulu Selangor", "web_type": "Majlis Perbandaran", "web_area": 175591.952594 }, "geometry": { "type": "Polygon", "coordinates": [ [ [ 101.366215908711524, 3.801472965209296 ], [ 101.366396425468281, 3.801420918830552 ], [ 101.366636036728579, 3.801366782035404 ], [ 101.366835536086157, 3.801365947315216 ], [ 101.367163611647413, 3.801465256475236 ], [ 101.36740455271709, 3.801724283730387 ], [ 101.367596949219902, 3.802129012658036 ], [ 101.367754507557194, 3.802515833377851 ], [ 101.367823153325489, 3.802615237388414 ], [ 101.367974853178666, 3.80279373847657 ], [ 101.368104426760667, 3.802937692935552 ], [ 101.36821233844006, 3.802984357936901 ], [ 101.368294130877644, 3.803014555309191 ], [ 101.368342493335277, 3.803026566251976 ], [ 101.368495511021393, 3.803044250117126 ], [ 101.368571182957169, 3.803050405470632 ], [ 101.368718673150696, 3.803034157548014 ], [ 101.368781446349644, 3.803025294991877 ], [ 101.368816602378558, 3.803031049645047 ], [ 101.368891801454396, 3.803006677571279 ], [ 101.369343241310744, 3.802586575573266 ], [ 101.369413058626364, 3.802479092093641 ], [ 101.369498364135694, 3.802366850309229 ], [ 101.369584840934195, 3.802048005247807 ], [ 101.369609501127727, 3.801794833460281 ], [ 101.369637825774234, 3.801539695361345 ], [ 101.36967367486271, 3.80121391927758 ], [ 101.36968849447851, 3.800958458779707 ], [ 101.36972651129291, 3.800756483674834 ], [ 101.36976315117856, 3.800544329711582 ], [ 101.369792878678069, 3.800385857019685 ], [ 101.369900734395429, 3.800164582930264 ], [ 101.370135399790797, 3.800070013844481 ], [ 101.370370372399151, 3.800062215364203 ], [ 101.370557629107665, 3.800109957077324 ], [ 101.370719865681011, 3.800149996169205 ], [ 101.37103052786712, 3.800238231071106 ], [ 101.371130296700144, 3.800279219345533 ], [ 101.371319246377141, 3.800325553649236 ], [ 101.371533980319512, 3.800406443587615 ], [ 101.371662612367089, 3.800487650516385 ], [ 101.371807538057311, 3.800577948084316 ], [ 101.371969346834121, 3.800763825336287 ], [ 101.372068214052447, 3.800920126975087 ], [ 101.372268854147521, 3.801105834809135 ], [ 101.372461977731831, 3.801264103807638 ], [ 101.372555471380622, 3.801333903856882 ], [ 101.37271358140147, 3.80143808932359 ], [ 101.372839606125765, 3.801544725331628 ], [ 101.372911150274817, 3.801615308675523 ], [ 101.373022914891123, 3.801787475372248 ], [ 101.373286270236434, 3.802272110408021 ], [ 101.373300004317372, 3.802289956844741 ], [ 101.373386060005359, 3.802401564587873 ], [ 101.373497636365045, 3.802446260950916 ], [ 101.373626868554013, 3.802418936136496 ], [ 101.373782178757523, 3.80232668119014 ], [ 101.37386142761811, 3.801977006731051 ], [ 101.373845406167604, 3.80168301803909 ], [ 101.373832630649275, 3.801530072814814 ], [ 101.37384326458664, 3.80134554020083 ], [ 101.373847157938414, 3.801278004076857 ], [ 101.373862132617688, 3.801064938619987 ], [ 101.373888323989007, 3.800769094117911 ], [ 101.373987560510017, 3.80051189905165 ], [ 101.374114742273093, 3.800320073576149 ], [ 101.374200822683292, 3.800231575865184 ], [ 101.3742648162862, 3.800189930917396 ], [ 101.374407395952247, 3.800120813980356 ], [ 101.374611783383301, 3.799987999676757 ], [ 101.374656962638639, 3.79993103122429 ], [ 101.374666573198681, 3.799918912596094 ], [ 101.374666869264885, 3.799913825253135 ], [ 101.374688764883146, 3.799643404997313 ], [ 101.374673805892627, 3.799371466176291 ], [ 101.374663464106519, 3.799155784745784 ], [ 101.374793424260162, 3.798975837671396 ], [ 101.375086204650813, 3.798732768834094 ], [ 101.375162657787371, 3.798760970997068 ], [ 101.375336718105387, 3.798894878416076 ], [ 101.375467833795184, 3.798993048977838 ], [ 101.375572972416506, 3.799025855773522 ], [ 101.375686092398595, 3.799023356815717 ], [ 101.375861648476658, 3.798935116344338 ], [ 101.376052221790744, 3.798715210375715 ], [ 101.376160533122004, 3.798529548581224 ], [ 101.376203758553388, 3.798373375075213 ], [ 101.376227304978443, 3.798019864192773 ], [ 101.376235866397195, 3.797786431844091 ], [ 101.37638270182525, 3.797608794727706 ], [ 101.376625289023636, 3.797402605410503 ], [ 101.376713973054763, 3.79728895896458 ], [ 101.376725758130362, 3.797108104728179 ], [ 101.376716789267462, 3.796807636392407 ], [ 101.376749873553663, 3.796559578257468 ], [ 101.376865691784644, 3.796308082383992 ], [ 101.377020298481639, 3.795974735235847 ], [ 101.37708164390115, 3.795780458019967 ], [ 101.377162639689146, 3.795602065821518 ], [ 101.377313477160754, 3.795402677698614 ], [ 101.37754609667968, 3.795236875408421 ], [ 101.377750520036173, 3.795187156727691 ], [ 101.378108878543856, 3.795129685899612 ], [ 101.378371764559418, 3.795005518267965 ], [ 101.378558928849714, 3.794891873671533 ], [ 101.378660776645518, 3.794799179456394 ], [ 101.378771786964393, 3.794748342821109 ], [ 101.378938117928797, 3.794734973166525 ], [ 101.379090432512712, 3.794800419230656 ], [ 101.379210306584298, 3.794893752816024 ], [ 101.379367236219196, 3.7950163043722 ], [ 101.379381242976308, 3.795133921386971 ], [ 101.379464497996636, 3.795433756277031 ], [ 101.379527586964699, 3.795509119112155 ], [ 101.379683099299299, 3.79563534157812 ], [ 101.379768727506857, 3.795604781255192 ], [ 101.379836796271846, 3.795227657502585 ], [ 101.3798396513954, 3.795020775878046 ], [ 101.37981553776855, 3.794895498007104 ], [ 101.37987977020417, 3.794675792957649 ], [ 101.380057376753427, 3.79446319569682 ], [ 101.380604203496219, 3.794038273857937 ], [ 101.381120798176951, 3.793848417457617 ], [ 101.381381775356303, 3.793606102641863 ], [ 101.381243466240917, 3.793466363647199 ], [ 101.380723770187188, 3.7932732385294 ], [ 101.380602674238801, 3.793116309149313 ], [ 101.380571501492341, 3.792902829313463 ], [ 101.381027408017516, 3.792297321913673 ], [ 101.38118323037817, 3.791835095586576 ], [ 101.381152070020747, 3.79142490053144 ], [ 101.381147697578058, 3.790994997196365 ], [ 101.38173203551591, 3.790924042954794 ], [ 101.382075496113018, 3.790860308606127 ], [ 101.382465269681958, 3.790932373665273 ], [ 101.382962316131568, 3.791076252702431 ], [ 101.383329534648809, 3.790777715388731 ], [ 101.383356179178492, 3.790421388051342 ], [ 101.383314903933339, 3.789715808775838 ], [ 101.383725783325687, 3.789304059057806 ], [ 101.384091893397098, 3.789288436659027 ], [ 101.384291314432517, 3.789119994502264 ], [ 101.38407902184062, 3.788684688791962 ], [ 101.3837563361798, 3.788281851364904 ], [ 101.383427687569139, 3.787897932768486 ], [ 101.38346295557875, 3.787671643399716 ], [ 101.383671930433849, 3.787410804933455 ], [ 101.383915208304785, 3.787254642968558 ], [ 101.384089395936954, 3.786958941804077 ], [ 101.383847486625015, 3.786644800655099 ], [ 101.383651506892335, 3.786405409907116 ], [ 101.383518917895884, 3.786330129498301 ], [ 101.383346813333972, 3.785911615398025 ], [ 101.383554998240953, 3.785825162373261 ], [ 101.38402403545156, 3.78563488434074 ], [ 101.384156272917892, 3.785347541518226 ], [ 101.383938029556901, 3.785216336167255 ], [ 101.383735232660001, 3.784998687203553 ], [ 101.383688691083563, 3.7847484206838 ], [ 101.38371548156168, 3.784534824833441 ], [ 101.383903849171716, 3.784393200278835 ], [ 101.384328927185152, 3.784224842009194 ], [ 101.384784971574717, 3.784050636536034 ], [ 101.385104239460972, 3.78369430224351 ], [ 101.385271673220487, 3.783301071493663 ], [ 101.385506583933122, 3.783216107977456 ], [ 101.386133636089681, 3.783450802372705 ], [ 101.386278164670571, 3.783386777401633 ], [ 101.386286403381845, 3.783166344037763 ], [ 101.386134283560054, 3.782841157798619 ], [ 101.386331107214062, 3.782404202978261 ], [ 101.386668825632128, 3.781991111162989 ], [ 101.386747643345629, 3.781592255691638 ], [ 101.38648537769852, 3.781118652357224 ], [ 101.386319297295188, 3.780756683559127 ], [ 101.3861754742085, 3.780191281074604 ], [ 101.385647425383041, 3.779777115117464 ], [ 101.385146045482202, 3.779480603021653 ], [ 101.384899849759876, 3.779286854740743 ], [ 101.385091029070011, 3.779048294422304 ], [ 101.385500231657403, 3.77911278087052 ], [ 101.385878249333643, 3.779161349218167 ], [ 101.38617780621037, 3.779098899753086 ], [ 101.386303020817863, 3.778807014255973 ], [ 101.386178896320118, 3.778627466707566 ], [ 101.385877654451079, 3.778398514211974 ], [ 101.385754774621077, 3.778274649145069 ], [ 101.385569272175402, 3.7780126779281 ], [ 101.385630335275692, 3.777720324814784 ], [ 101.38580550764631, 3.777470978420722 ], [ 101.386202108488249, 3.777030923176961 ], [ 101.386487682743137, 3.776551545334294 ], [ 101.386362182587746, 3.776264591929771 ], [ 101.386201776713108, 3.776177079886816 ], [ 101.38574285694088, 3.776083905376002 ], [ 101.385651752587549, 3.775773874750794 ], [ 101.385746704691329, 3.775631698531651 ], [ 101.385946684284633, 3.775559353190003 ], [ 101.386422445239774, 3.775472819451505 ], [ 101.386992519087102, 3.775270394840483 ], [ 101.387517330527899, 3.774861230892414 ], [ 101.387629740863972, 3.774520413257302 ], [ 101.387386015234057, 3.774154547198956 ], [ 101.387042509627179, 3.773946672821488 ], [ 101.386641489723885, 3.77387486249017 ], [ 101.386109139461098, 3.773780346746497 ], [ 101.386057064045744, 3.773497560864249 ], [ 101.386251368934651, 3.773344931080074 ], [ 101.386722835898922, 3.773379918781561 ], [ 101.387053553529086, 3.773244072485504 ], [ 101.386935230052487, 3.773005188021656 ], [ 101.386594420981709, 3.772740794316863 ], [ 101.38658729372554, 3.772482161119572 ], [ 101.38682633804352, 3.77223186739984 ], [ 101.387369580949979, 3.771869391571176 ], [ 101.387856413549585, 3.771553954325102 ], [ 101.388570250157656, 3.771743107907408 ], [ 101.389398152373019, 3.772281360536822 ], [ 101.390588150562053, 3.773215491166159 ], [ 101.391205977302775, 3.773427260795482 ], [ 101.391887214939075, 3.773409711646332 ], [ 101.392410956395196, 3.773368532820931 ], [ 101.392843025134255, 3.772920097573302 ], [ 101.392949814985514, 3.772478926298258 ], [ 101.392971947173038, 3.771928980216998 ], [ 101.393675395761093, 3.771333219868272 ], [ 101.394156845485298, 3.7711265782329 ], [ 101.394435612219652, 3.771246647969654 ], [ 101.394783430276547, 3.771520670661641 ], [ 101.395066121987341, 3.771256083546486 ], [ 101.395033670369727, 3.770899869237058 ], [ 101.395164309404777, 3.770481094241928 ], [ 101.395573853040162, 3.770523530203153 ], [ 101.396180829735982, 3.770692869852912 ], [ 101.396997021785921, 3.770416524651893 ], [ 101.397886254751953, 3.769789918747061 ], [ 101.398447720701157, 3.769252254148554 ], [ 101.398430640133839, 3.768736111949574 ], [ 101.39848677619284, 3.768296208207414 ], [ 101.399090494020228, 3.767839214410234 ], [ 101.399413911892822, 3.7672084467267 ], [ 101.399461457918633, 3.766722166346187 ], [ 101.399800357974087, 3.766186126299897 ], [ 101.4002086326973, 3.765887415158155 ], [ 101.400525242207408, 3.765860337421326 ], [ 101.400933381677433, 3.765803562562047 ], [ 101.401225895988773, 3.765546067493764 ], [ 101.401380628346445, 3.76525906846786 ], [ 101.401580391259543, 3.765065184653492 ], [ 101.401936534475766, 3.765086268027339 ], [ 101.402233858362962, 3.765308136551601 ], [ 101.402642162660158, 3.765780172957403 ], [ 101.402899956908414, 3.765952467436156 ], [ 101.403217867648806, 3.765864626224663 ], [ 101.403803325549191, 3.765493780767009 ], [ 101.404111632853798, 3.7654189129642 ], [ 101.404442208232808, 3.765231901582863 ], [ 101.404622370008354, 3.764906819068495 ], [ 101.404325147807029, 3.764649621516708 ], [ 101.404098611237657, 3.764663671832742 ], [ 101.403736788267594, 3.764856246664419 ], [ 101.403500542178577, 3.764920015118094 ], [ 101.403332755944106, 3.764757585998582 ], [ 101.403322792457374, 3.764504316137501 ], [ 101.403400177090063, 3.764207486041459 ], [ 101.403467524576982, 3.763682823660537 ], [ 101.40334609205415, 3.763251741105948 ], [ 101.403554215756216, 3.762791919484314 ], [ 101.404056612286738, 3.76263620579959 ], [ 101.404650739953354, 3.762379851459104 ], [ 101.404795449764649, 3.762054667115732 ], [ 101.404926293138317, 3.761855217408109 ], [ 101.405206404975388, 3.761702260521696 ], [ 101.405624241702156, 3.761598875371439 ], [ 101.405991730912774, 3.761587484535602 ], [ 101.406466116424951, 3.761485390365918 ], [ 101.406511013975972, 3.761233690231715 ], [ 101.406294210176569, 3.761092320654467 ], [ 101.40604765071383, 3.761024633974243 ], [ 101.405757856264245, 3.76092432127593 ], [ 101.405760254252584, 3.760481719912758 ], [ 101.406107989717967, 3.76039254907343 ], [ 101.406457142982504, 3.760495575105868 ], [ 101.40692861185687, 3.760723024734546 ], [ 101.407407486109122, 3.760919123966184 ], [ 101.407681900339256, 3.760790456858268 ], [ 101.407705760260455, 3.760516085356131 ], [ 101.407710996759235, 3.760260032022601 ], [ 101.408041809678309, 3.75989100270421 ], [ 101.408295212862029, 3.759828696077863 ], [ 101.408974828953276, 3.759880654402678 ], [ 101.409456256964219, 3.759873261656861 ], [ 101.409886957975189, 3.759600045780829 ], [ 101.409896845436762, 3.759585942181218 ], [ 101.409844487716938, 3.759300331532911 ], [ 101.409882521391921, 3.75889033460715 ], [ 101.410294616313863, 3.758727577287718 ], [ 101.410626993714274, 3.758793809599155 ], [ 101.41129005593038, 3.75892768364126 ], [ 101.411791075881538, 3.759152389653261 ], [ 101.412509252476966, 3.759494156475826 ], [ 101.413013000275342, 3.759454321857695 ], [ 101.413255323185695, 3.759724079457045 ], [ 101.413327262508801, 3.760148237934895 ], [ 101.413388085319738, 3.760524316278658 ], [ 101.413563730734339, 3.760604458627403 ], [ 101.413790748716991, 3.76070804259734 ], [ 101.414269081106298, 3.760504206104327 ], [ 101.414751848148953, 3.760028768200014 ], [ 101.414949883175225, 3.759453033452303 ], [ 101.415122704482911, 3.758839354861649 ], [ 101.415204154006688, 3.758398108839602 ], [ 101.415539096828596, 3.75805876488926 ], [ 101.415781094284625, 3.758048710810071 ], [ 101.416106461262615, 3.758106442226439 ], [ 101.416827146004323, 3.758260260774155 ], [ 101.41742391481958, 3.75845499217924 ], [ 101.418060507811646, 3.758793980493736 ], [ 101.418468606282516, 3.758946347056901 ], [ 101.418986611125703, 3.758840128466158 ], [ 101.419192043090547, 3.758431453390985 ], [ 101.419165060942618, 3.758125846501084 ], [ 101.418989024748257, 3.75779664223183 ], [ 101.418832581249021, 3.757405030471483 ], [ 101.41881377586958, 3.756895949832073 ], [ 101.419028950882463, 3.756425122030988 ], [ 101.419045732214315, 3.755967016095538 ], [ 101.419059584765336, 3.755450679063441 ], [ 101.419188552204588, 3.755018892996404 ], [ 101.41946854900209, 3.754312247515179 ], [ 101.419957212010189, 3.752949346705267 ], [ 101.420355019772444, 3.752170113590893 ], [ 101.420658340842493, 3.751965777722218 ], [ 101.42088779896072, 3.752110005751895 ], [ 101.421356542550441, 3.75240527220448 ], [ 101.421710258863868, 3.752485975347509 ], [ 101.421823608457743, 3.752301734599049 ], [ 101.421779998425038, 3.752004843772619 ], [ 101.421784156845192, 3.751631492202148 ], [ 101.422464018268997, 3.75199038415179 ], [ 101.422805992054194, 3.751748282375114 ], [ 101.423241090627229, 3.751705703462758 ], [ 101.42346769440914, 3.751864054933724 ], [ 101.423684556656212, 3.752183480082871 ], [ 101.424437723945175, 3.752290465975981 ], [ 101.425055500591171, 3.752121780106904 ], [ 101.424790715002729, 3.751835005517567 ], [ 101.424458452678181, 3.751729208725587 ], [ 101.424154454949871, 3.751577987877146 ], [ 101.424010698384791, 3.751275443982098 ], [ 101.424366702659867, 3.750848255538519 ], [ 101.424686138541531, 3.75101195621947 ], [ 101.426052067213305, 3.752319329228387 ], [ 101.42679141438532, 3.752834965171741 ], [ 101.427268677880406, 3.753004481249271 ], [ 101.427667143744117, 3.75298158053225 ], [ 101.427920078606476, 3.752685808305428 ], [ 101.428108771044464, 3.752323716653503 ], [ 101.428333637645764, 3.751905201619487 ], [ 101.42884309366579, 3.751636154222379 ], [ 101.42962281048797, 3.751806803135697 ], [ 101.430747677690093, 3.752103066928303 ], [ 101.431453058015379, 3.752294984691765 ], [ 101.432137058564436, 3.752187247152921 ], [ 101.432852124279918, 3.752138666984816 ], [ 101.433556967326538, 3.751824379963686 ], [ 101.433788135541846, 3.751961543310605 ], [ 101.434231601806289, 3.752441860653112 ], [ 101.434818945442387, 3.75288555615465 ], [ 101.435425107357844, 3.753142198394486 ], [ 101.435743906793277, 3.753233538998098 ], [ 101.436575344817115, 3.753024463402318 ], [ 101.437208654083477, 3.752336043899742 ], [ 101.437719222627265, 3.752070384779689 ], [ 101.438906829071584, 3.751272443405736 ], [ 101.43956216874993, 3.750851457915811 ], [ 101.439931269922155, 3.750665388056762 ], [ 101.440083581319357, 3.750630485382305 ], [ 101.440214029931056, 3.750666180880377 ], [ 101.44043730363353, 3.750909592593797 ], [ 101.440859618362921, 3.751409066285109 ], [ 101.441231533433395, 3.751622087713852 ], [ 101.44147041815188, 3.752016753603119 ], [ 101.44167468783057, 3.752115118794147 ], [ 101.441874795631705, 3.751892961220086 ], [ 101.441959629243343, 3.751141667392682 ], [ 101.441934452620771, 3.750390912077151 ], [ 101.442366456713088, 3.750347466572887 ], [ 101.442532893290704, 3.75029225367044 ], [ 101.442603517641331, 3.749990595812045 ], [ 101.442221093915904, 3.749412944610214 ], [ 101.441914676443034, 3.749021198305661 ], [ 101.441942013045377, 3.748805057696591 ], [ 101.4420236911335, 3.74857522006051 ], [ 101.442024376133517, 3.748331871988959 ], [ 101.441931189637316, 3.747952877344995 ], [ 101.442052969188765, 3.747669451600562 ], [ 101.442721738227391, 3.747073831327447 ], [ 101.443147069178977, 3.746401215859327 ], [ 101.443362569205632, 3.746307136030194 ], [ 101.443806748005457, 3.746335513243033 ], [ 101.443941613463934, 3.74620079070839 ], [ 101.443982508828256, 3.746065521558749 ], [ 101.443875670005156, 3.745838266504866 ], [ 101.443607284898093, 3.745429104098092 ], [ 101.443567431659488, 3.745293609584234 ], [ 101.443715764982727, 3.745172490780762 ], [ 101.44401214157638, 3.745132620719487 ], [ 101.444618126575847, 3.745351099871093 ], [ 101.444926922077499, 3.745297415227336 ], [ 101.445481103507845, 3.744827244701992 ], [ 101.445406988304669, 3.744268830001047 ], [ 101.44531771865428, 3.743896912316199 ], [ 101.445755058373635, 3.743254290365466 ], [ 101.445804990233199, 3.743006840294973 ], [ 101.445739524735373, 3.742874665878872 ], [ 101.445657324705735, 3.742890829327585 ], [ 101.445566847785912, 3.742948515513112 ], [ 101.445270519216791, 3.743071482538056 ], [ 101.444900755193203, 3.743095319332948 ], [ 101.444482705807772, 3.742780422299508 ], [ 101.444442091883545, 3.742615248615051 ], [ 101.444467011102816, 3.742458454999737 ], [ 101.445027488657772, 3.741849246022069 ], [ 101.445143673792742, 3.741453315373449 ], [ 101.445424121113902, 3.741074235905928 ], [ 101.445473657446342, 3.740967255434816 ], [ 101.445449668530458, 3.740793648598047 ], [ 101.445286495550988, 3.74038873969351 ], [ 101.445278426306913, 3.740256725889012 ], [ 101.445348130252299, 3.73978096143777 ], [ 101.44560191109359, 3.739379761896987 ], [ 101.445918711700145, 3.738979021503795 ], [ 101.446550710719748, 3.738748178760393 ], [ 101.448012642208099, 3.739037727798922 ], [ 101.448832449703815, 3.739055562999029 ], [ 101.44926545881556, 3.738851013496623 ], [ 101.449511803435726, 3.737287024607973 ], [ 101.449744121782572, 3.737012950543431 ], [ 101.449946086569298, 3.737129395606174 ], [ 101.450200085580235, 3.737652982105727 ], [ 101.450299088450407, 3.737865801604516 ], [ 101.450423126107381, 3.737779094854508 ], [ 101.450423787922233, 3.737542529614992 ], [ 101.450426192171733, 3.736683886747462 ], [ 101.450465002050478, 3.736086784920263 ], [ 101.450875924912751, 3.73532876937942 ], [ 101.450951245222242, 3.734955616651407 ], [ 101.45100097191542, 3.734881139579283 ], [ 101.451112770537264, 3.73484414347665 ], [ 101.451236320093585, 3.734931539732831 ], [ 101.451495764614847, 3.735218575158718 ], [ 101.451557521788445, 3.735268491229364 ], [ 101.451656695225211, 3.735219023685062 ], [ 101.452010853282232, 3.734738115478485 ], [ 101.452440770995764, 3.733927017599231 ], [ 101.452664085308882, 3.733753535909056 ], [ 101.453383687346516, 3.733382179327704 ], [ 101.453744775184163, 3.732735947474535 ], [ 101.453857405005081, 3.732300718609304 ], [ 101.453785320346356, 3.731516767821431 ], [ 101.453938042035674, 3.731232295880938 ], [ 101.453550187889263, 3.730986451727327 ], [ 101.453430850704777, 3.730700939415144 ], [ 101.453386704245432, 3.730087496247424 ], [ 101.453497756486271, 3.729914549477297 ], [ 101.45386701890078, 3.729866399719268 ], [ 101.45418721837477, 3.729755932549288 ], [ 101.454408913196303, 3.729657626919323 ], [ 101.454889128953113, 3.729572477790967 ], [ 101.454963152072395, 3.729461325134381 ], [ 101.454877716260015, 3.729226499002427 ], [ 101.454829101825908, 3.729003929300855 ], [ 101.454839443780386, 3.728725561945885 ], [ 101.455149783691553, 3.728720490094037 ], [ 101.455309937660388, 3.728696063680133 ], [ 101.455506769522174, 3.728634996434732 ], [ 101.455556178285846, 3.728573236686846 ], [ 101.455593074086664, 3.728493468985557 ], [ 101.455630338123868, 3.728412906768788 ], [ 101.455618654738103, 3.72826448991121 ], [ 101.455532858424732, 3.728057643481135 ], [ 101.455448023162063, 3.727707786186716 ], [ 101.455497459722508, 3.727534951186486 ], [ 101.455584246262248, 3.727386808489205 ], [ 101.455620407416887, 3.727333774221278 ], [ 101.455668673803132, 3.727277663497361 ], [ 101.455726724697982, 3.727143007754952 ], [ 101.455813304853947, 3.726766211649698 ], [ 101.455606967458678, 3.726301832069528 ], [ 101.455412625055544, 3.725874510747798 ], [ 101.455425273900531, 3.725676700940825 ], [ 101.455639300875205, 3.725603245164429 ], [ 101.456121494912466, 3.725715663766374 ], [ 101.456604038257524, 3.725803775096814 ], [ 101.45677498631683, 3.725742353616655 ], [ 101.456824767377753, 3.725445724049689 ], [ 101.456665147679203, 3.724975538547574 ], [ 101.456659906346388, 3.724635513798439 ], [ 101.456911163534585, 3.724327007564568 ], [ 101.457492383405395, 3.724038075149746 ], [ 101.45771305972535, 3.723698394514886 ], [ 101.457653454325026, 3.723179026637282 ], [ 101.457807757529736, 3.722628880899922 ], [ 101.457898824989357, 3.722357238003306 ], [ 101.457789566671792, 3.722190178193169 ], [ 101.457551476280443, 3.72211518308525 ], [ 101.457246128097367, 3.722046501944686 ], [ 101.45703910139207, 3.721829427548423 ], [ 101.456997440048085, 3.721433620613687 ], [ 101.457107840967808, 3.721291480004369 ], [ 101.457462221140858, 3.721230850235731 ], [ 101.457399642823574, 3.720971216720319 ], [ 101.457125615363339, 3.720667469271555 ], [ 101.457089920397465, 3.720351948735692 ], [ 101.457310475189772, 3.720055793977475 ], [ 101.457530844594018, 3.71992667699077 ], [ 101.457744698030751, 3.719914834699511 ], [ 101.457841737314865, 3.720125385752416 ], [ 101.457987506909859, 3.720416341243445 ], [ 101.458109110615766, 3.720595869867543 ], [ 101.458274343135074, 3.720565521882225 ], [ 101.45844084421401, 3.719978666826781 ], [ 101.458687423471531, 3.719125791308235 ], [ 101.458901586114777, 3.719002875099712 ], [ 101.459451583696648, 3.718911698267462 ], [ 101.459622982405335, 3.718788380629614 ], [ 101.459641940492844, 3.718547345079853 ], [ 101.459544780256635, 3.718380036739619 ], [ 101.459063175791826, 3.718057059595204 ], [ 101.458965820925528, 3.717858943805073 ], [ 101.459040024281606, 3.717581036246621 ], [ 101.459180738622464, 3.717463851560563 ], [ 101.459351691089225, 3.717501351379819 ], [ 101.459656795665595, 3.717656800130324 ], [ 101.459808552014195, 3.717515338862478 ], [ 101.459742188852559, 3.717199733349275 ], [ 101.459609657515415, 3.716599612126911 ], [ 101.459628382667546, 3.715734234365487 ], [ 101.459776708139302, 3.71551051598317 ], [ 101.460022620657, 3.715604467725964 ], [ 101.460360412757694, 3.715842255246799 ], [ 101.460661990533538, 3.715849309302269 ], [ 101.461057389929977, 3.715302093333952 ], [ 101.46185071661246, 3.715017985301632 ], [ 101.461982397064659, 3.714810895155882 ], [ 101.462172587213018, 3.714302395888905 ], [ 101.462351306965147, 3.714278020376597 ], [ 101.462596781778444, 3.71442821478063 ], [ 101.462990327556938, 3.714547730527139 ], [ 101.463439018466346, 3.71436215217406 ], [ 101.463913603557714, 3.714070940257797 ], [ 101.464214974145705, 3.714152608747759 ], [ 101.464453590808901, 3.714645339030588 ], [ 101.465025471044157, 3.714777784075581 ], [ 101.465160242074887, 3.714977415556213 ], [ 101.464992657995353, 3.715450365598211 ], [ 101.464862469360554, 3.715830151054238 ], [ 101.464966869136958, 3.715923992170059 ], [ 101.465100602509679, 3.71588903315664 ], [ 101.465461186867557, 3.71561898405681 ], [ 101.465910590791694, 3.715379139833891 ], [ 101.466572645559765, 3.715561013330258 ], [ 101.467298643817855, 3.715612766630368 ], [ 101.467550538743012, 3.715781631125823 ], [ 101.467936826479914, 3.716287489275294 ], [ 101.468605844487527, 3.716495098798308 ], [ 101.469036455087505, 3.716539816930163 ], [ 101.469411658545013, 3.716578162548922 ], [ 101.469596148404207, 3.716603544465542 ], [ 101.469802068655397, 3.716611462204783 ], [ 101.469900824879076, 3.716609474360025 ], [ 101.470129496261521, 3.716325773954371 ], [ 101.470011693366786, 3.715483476080535 ], [ 101.470111074774124, 3.715153632214386 ], [ 101.471143890297554, 3.714639827897463 ], [ 101.471840489650035, 3.714130745808295 ], [ 101.472086883342755, 3.71405059268536 ], [ 101.472419127063404, 3.714057729026988 ], [ 101.472942031422207, 3.714096480367632 ], [ 101.473170225876999, 3.713984903537725 ], [ 101.473415236855359, 3.713794235701284 ], [ 101.474069131817757, 3.713364737526613 ], [ 101.474918931764051, 3.71310536119584 ], [ 101.475393270966336, 3.712901193090967 ], [ 101.475628494384637, 3.712484388663621 ], [ 101.475758058602622, 3.71232901346816 ], [ 101.476139947026184, 3.712186769452646 ], [ 101.476328330018745, 3.712023925810969 ], [ 101.476287982195416, 3.711658083092089 ], [ 101.476097578350632, 3.711532915050306 ], [ 101.475802688442357, 3.711345280268485 ], [ 101.475686098060706, 3.711183007661405 ], [ 101.475797374732423, 3.711027582227123 ], [ 101.476103527908265, 3.710802882670933 ], [ 101.47652522163213, 3.710406658401848 ], [ 101.476550384246124, 3.710157443348358 ], [ 101.476347059736412, 3.709820546132639 ], [ 101.476310789055631, 3.709608751500558 ], [ 101.476447482784067, 3.709110841397454 ], [ 101.476312795847761, 3.708879838534853 ], [ 101.476104673001799, 3.708549146472547 ], [ 101.476197516539202, 3.708343925384783 ], [ 101.476671275956392, 3.707940497635183 ], [ 101.476640911939484, 3.707728435665563 ], [ 101.476389024098182, 3.707659344479825 ], [ 101.476093774992847, 3.707602568727736 ], [ 101.475804803598919, 3.707514438142224 ], [ 101.475669875659392, 3.707370769182889 ], [ 101.47566413244769, 3.707208803620211 ], [ 101.475873301287947, 3.707159635605638 ], [ 101.476709606381462, 3.707404725369178 ], [ 101.476882091765219, 3.707293276197456 ], [ 101.476894985799433, 3.707106207331081 ], [ 101.476784275703466, 3.707056159119349 ], [ 101.476636884645927, 3.706943545873024 ], [ 101.476495680660278, 3.706831231778467 ], [ 101.476434555455285, 3.706756165513502 ], [ 101.476465581228581, 3.70662539104059 ], [ 101.476693369902037, 3.706557620769658 ], [ 101.477025781439764, 3.706502292473605 ], [ 101.477124934686003, 3.706253563055481 ], [ 101.477143679897154, 3.70578019950295 ], [ 101.47718735906659, 3.70554997177107 ], [ 101.477607142477325, 3.705027969000955 ], [ 101.477675510253263, 3.704822399217618 ], [ 101.477793292270945, 3.704449078906917 ], [ 101.478045140239658, 3.7042256419615 ], [ 101.478433213482901, 3.704083413738435 ], [ 101.478810755431638, 3.703268483902616 ], [ 101.479126591201521, 3.702590179581149 ], [ 101.479391951657163, 3.702261075074312 ], [ 101.480081599540839, 3.701714658101003 ], [ 101.480481766630987, 3.701572463271173 ], [ 101.481004885021349, 3.701530375580211 ], [ 101.481723297073486, 3.701675930162079 ], [ 101.482473782771052, 3.701821289162336 ], [ 101.483087984508231, 3.701804322622915 ], [ 101.483692518047533, 3.701619725946339 ], [ 101.484178441947563, 3.701290377547606 ], [ 101.484634893794279, 3.700936356763672 ], [ 101.485301363871372, 3.700221987131328 ], [ 101.485719687982268, 3.699818401301006 ], [ 101.486273794398244, 3.699657970856178 ], [ 101.487479865456379, 3.699661279667938 ], [ 101.487737438418534, 3.699606023460105 ], [ 101.488212121321268, 3.699270988043446 ], [ 101.488798228352451, 3.698724281194762 ], [ 101.489425532848813, 3.698132182022529 ], [ 101.489753764937447, 3.698060443615446 ], [ 101.490619551173737, 3.698324535954229 ], [ 101.490970116650075, 3.698419047705307 ], [ 101.491179196545502, 3.698400966797379 ], [ 101.491431509751877, 3.698314040544055 ], [ 101.491760082048231, 3.698220539713031 ], [ 101.492335740812422, 3.698099168262057 ], [ 101.492618506420143, 3.698193210743983 ], [ 101.492753164458321, 3.698436647042617 ], [ 101.492666005744923, 3.698828707893671 ], [ 101.492572743572978, 3.699189943897915 ], [ 101.49282453850266, 3.699396109866631 ], [ 101.493347348326424, 3.699465936682973 ], [ 101.49388491006971, 3.69949086638992 ], [ 101.49462037283034, 3.69926422495011 ], [ 101.49567367530652, 3.698855868406778 ], [ 101.496725036650673, 3.698746816406054 ], [ 101.49727909469992, 3.698602489357833 ], [ 101.497655089052543, 3.698450327357622 ], [ 101.498043917401006, 3.698027717245834 ], [ 101.498290006376507, 3.697642307687427 ], [ 101.498992838410274, 3.697102412260951 ], [ 101.499925495359136, 3.696675067464163 ], [ 101.500219723955098, 3.696277351699826 ], [ 101.500447971172449, 3.695623954401159 ], [ 101.500602840176327, 3.695263167412422 ], [ 101.500715246233369, 3.694584299151737 ], [ 101.501179720015998, 3.694068057711269 ], [ 101.501657885028465, 3.693690063050941 ], [ 101.502083251031024, 3.693485746789097 ], [ 101.503113876329436, 3.693134975651962 ], [ 101.504658214889304, 3.692575602992227 ], [ 101.505563820307088, 3.692056037836299 ], [ 101.506104363811133, 3.69170506084459 ], [ 101.506592853234253, 3.691252476402919 ], [ 101.507626923117058, 3.69004193010245 ], [ 101.508503020383245, 3.689092108330863 ], [ 101.508870709611728, 3.688782772629734 ], [ 101.509698877382078, 3.688286734596581 ], [ 101.510628381580901, 3.687769206874598 ], [ 101.511269940015609, 3.687513467012973 ], [ 101.512386860418928, 3.687079822369228 ], [ 101.512845618384389, 3.686800126871631 ], [ 101.51327898165809, 3.686443484411929 ], [ 101.513878418919248, 3.685844506143298 ], [ 101.514383278862368, 3.685159634017058 ], [ 101.514632087755388, 3.684594187884181 ], [ 101.514890000582056, 3.683782023773618 ], [ 101.515082451200513, 3.683460058115731 ], [ 101.516082600391272, 3.682612313697503 ], [ 101.516462239629519, 3.682250719755522 ], [ 101.516760458523521, 3.681722996598535 ], [ 101.517203059004501, 3.680229615016862 ], [ 101.517382665694811, 3.679975445451831 ], [ 101.517785079586901, 3.679512728367479 ], [ 101.518357973771501, 3.678837044432765 ], [ 101.518566451272562, 3.678616362709619 ], [ 101.518928678378998, 3.678368714544321 ], [ 101.519276297919575, 3.678266843226554 ], [ 101.519797851280416, 3.678179398092897 ], [ 101.520275954600521, 3.678237603426098 ], [ 101.520942351835146, 3.678339590431644 ], [ 101.521608750796275, 3.678557997931275 ], [ 101.522028792686186, 3.678528887781761 ], [ 101.522159149722, 3.678528885622931 ], [ 101.522318600867251, 3.67861632449374 ], [ 101.522448960959977, 3.67874742309468 ], [ 101.5228400378668, 3.679155141735458 ], [ 101.523115367309543, 3.679577540939254 ], [ 101.523390571630969, 3.679854288296932 ], [ 101.523618918742059, 3.679665217487114 ], [ 101.523731299239856, 3.67978627191939 ], [ 101.525117986070455, 3.680932145208692 ], [ 101.525569303366453, 3.681221368504448 ], [ 101.525784030810726, 3.681298825041461 ], [ 101.526068293626977, 3.68135809675294 ], [ 101.526469807643622, 3.681335720621928 ], [ 101.526770532639659, 3.681129640632725 ], [ 101.526932566553967, 3.681028327745554 ], [ 101.52741702939494, 3.681548271814574 ], [ 101.527703373003362, 3.681671141941206 ], [ 101.528044175518261, 3.681627968474135 ], [ 101.528682607693767, 3.6812738476759 ], [ 101.528997027230616, 3.681101721188602 ], [ 101.529452265726889, 3.681082879879648 ], [ 101.530122013019053, 3.681327749366589 ], [ 101.531510614902217, 3.681654255205206 ], [ 101.531890592785601, 3.681690041821058 ], [ 101.53227415937549, 3.681645852303719 ], [ 101.532716626495869, 3.681457391332492 ], [ 101.533017467194867, 3.681207501930387 ], [ 101.533386386548329, 3.68074751216431 ], [ 101.534475935931553, 3.679489597349459 ], [ 101.535158528564978, 3.679030731564384 ], [ 101.53563457114565, 3.67890991134203 ], [ 101.535877110731491, 3.679002136446438 ], [ 101.535974669892596, 3.679130997821447 ], [ 101.535982473346309, 3.679264423727551 ], [ 101.535968446655119, 3.679355393727605 ], [ 101.535919790689974, 3.67945616506622 ], [ 101.535777593868872, 3.679609821422348 ], [ 101.535396578065786, 3.679858932086141 ], [ 101.534706735356323, 3.680293470014767 ], [ 101.534589059102586, 3.68042995072954 ], [ 101.534517008930024, 3.680547051582411 ], [ 101.534482375390439, 3.680875665088159 ], [ 101.534579230237696, 3.681269072821964 ], [ 101.534918787300185, 3.681693657701849 ], [ 101.53564950479381, 3.682180341863084 ], [ 101.537492357528279, 3.683073049832862 ], [ 101.537893502945465, 3.683189443245547 ], [ 101.538258000014764, 3.683122587564536 ], [ 101.538753786089714, 3.683090001290449 ], [ 101.538875147278375, 3.68315476766029 ], [ 101.538949038364052, 3.683297414731554 ], [ 101.538809394823247, 3.683761129899533 ], [ 101.538525135691401, 3.684122991206038 ], [ 101.538382528631928, 3.68443096718192 ], [ 101.538364183722365, 3.685088615220278 ], [ 101.538426407041754, 3.685599223796619 ], [ 101.538762448900769, 3.686607162447975 ], [ 101.53910005856703, 3.687449197088106 ], [ 101.539409498797454, 3.687775342527241 ], [ 101.539554160422114, 3.687859108030004 ], [ 101.540423594904922, 3.688235651432262 ], [ 101.540686042430295, 3.688459921275553 ], [ 101.541085141185945, 3.68913705925477 ], [ 101.541732152089182, 3.690851860798624 ], [ 101.541984116128177, 3.691316910316686 ], [ 101.542384221893698, 3.691721306380545 ], [ 101.542572402595681, 3.692050518174895 ], [ 101.542539646246439, 3.692945262666904 ], [ 101.542613297162461, 3.69317920075163 ], [ 101.542872155960652, 3.693484860503751 ], [ 101.544197455900331, 3.693717911211613 ], [ 101.544473616202396, 3.693864491375176 ], [ 101.544838730851438, 3.694309776905794 ], [ 101.545451792906761, 3.69514463452229 ], [ 101.545878237186074, 3.695909747227955 ], [ 101.546308923225808, 3.696347576078263 ], [ 101.546381170421199, 3.696580945005049 ], [ 101.546353061892702, 3.696678097568106 ], [ 101.545896710921966, 3.696795019766907 ], [ 101.545679944756017, 3.696847575875509 ], [ 101.545612177485495, 3.697047219758954 ], [ 101.545779179043947, 3.697620291549192 ], [ 101.545832404153089, 3.697918900774769 ], [ 101.545665961518978, 3.69840968192654 ], [ 101.545593862789161, 3.698863406218085 ], [ 101.545563174665546, 3.700039948414184 ], [ 101.545613264426521, 3.700460082866139 ], [ 101.545830649947476, 3.700811419359248 ], [ 101.546622177519168, 3.701611427234658 ], [ 101.547129765372446, 3.701907859144513 ], [ 101.547541044867899, 3.70202625442801 ], [ 101.547712658191386, 3.702026713369014 ], [ 101.54789792138034, 3.701972094412455 ], [ 101.548649141229802, 3.701738947323378 ], [ 101.54899305961213, 3.701797525818106 ], [ 101.550665991774196, 3.701967903323193 ], [ 101.550875916711746, 3.702055799892291 ], [ 101.551211464441096, 3.702301461811509 ], [ 101.55140941201833, 3.702769757138253 ], [ 101.551644663703087, 3.703068570259339 ], [ 101.551984670662804, 3.703330354427687 ], [ 101.552760025443888, 3.703546098390573 ], [ 101.553356586493805, 3.703710207892798 ], [ 101.553706302028459, 3.704131425580979 ], [ 101.554002859386941, 3.70422718315073 ], [ 101.55468771571438, 3.704195093098485 ], [ 101.555107016886083, 3.703833585419664 ], [ 101.555573089491816, 3.703658461034009 ], [ 101.556069295018162, 3.703578382993457 ], [ 101.556746936483208, 3.703722639178701 ], [ 101.558120443903604, 3.703499338874596 ], [ 101.558498668363882, 3.703351111740608 ], [ 101.558816007899239, 3.703246814903089 ], [ 101.559426262043246, 3.70334001370007 ], [ 101.559776780958984, 3.703456263515759 ], [ 101.560240082231317, 3.704335093003539 ], [ 101.560322861129862, 3.704952031299264 ], [ 101.560631917367033, 3.705430797832493 ], [ 101.56055672695436, 3.705779657537897 ], [ 101.56025823559736, 3.706419324976124 ], [ 101.559943423140439, 3.70684555529769 ], [ 101.559810893797518, 3.707173913182683 ], [ 101.559978777911368, 3.707523419496141 ], [ 101.560214112659438, 3.707791988527401 ], [ 101.560470080728763, 3.707917878477306 ], [ 101.560942765380929, 3.707797036602345 ], [ 101.561822562396472, 3.70809784424526 ], [ 101.562041197923932, 3.708298252332729 ], [ 101.562110803305771, 3.708789947832999 ], [ 101.562426623702891, 3.709265057803838 ], [ 101.562756445447022, 3.709550835074972 ], [ 101.564519338082476, 3.710077273780505 ], [ 101.564848885579522, 3.710467909653747 ], [ 101.565051101799057, 3.710600723066544 ], [ 101.565859202322642, 3.711100880043539 ], [ 101.566212979422588, 3.711264620342511 ], [ 101.566483116156832, 3.711244987199858 ], [ 101.566901687000609, 3.711161306214767 ], [ 101.567508661339801, 3.711220574850971 ], [ 101.567902613821218, 3.711513022467528 ], [ 101.567935407256428, 3.711882521407342 ], [ 101.568347629643938, 3.712934189315868 ], [ 101.568589936412749, 3.713121091209769 ], [ 101.568889458124346, 3.713376263109181 ], [ 101.56937671807367, 3.714136726388662 ], [ 101.569352455982809, 3.714377189598512 ], [ 101.569439142189722, 3.714794314974271 ], [ 101.569366188127631, 3.715580145278741 ], [ 101.569671868507186, 3.716062292382623 ], [ 101.569707949166116, 3.716465717062094 ], [ 101.570022544875798, 3.717411984637916 ], [ 101.570055293660104, 3.717798440904363 ], [ 101.570128822364666, 3.718083537716092 ], [ 101.570567090729853, 3.718537490969995 ], [ 101.570804492378215, 3.718772147171213 ], [ 101.57140313149462, 3.719116859306656 ], [ 101.57171199477861, 3.719673915022036 ], [ 101.572093127741184, 3.720137326363242 ], [ 101.572345270110247, 3.720652966547475 ], [ 101.572448570305639, 3.720742554712648 ], [ 101.572941535050944, 3.720722944796749 ], [ 101.573483831592199, 3.72055818749305 ], [ 101.573746238976568, 3.720375730944854 ], [ 101.573963019468408, 3.720104405109103 ], [ 101.574890562353772, 3.720121556865434 ], [ 101.575466227849063, 3.720214938658696 ], [ 101.575749458382262, 3.720676957649119 ], [ 101.576487204737262, 3.720975965417483 ], [ 101.576901123017535, 3.721060156616502 ], [ 101.577303029812441, 3.720571402044297 ], [ 101.577609657746819, 3.720369275190769 ], [ 101.578069197003217, 3.720328659571323 ], [ 101.578408851722756, 3.720408413792125 ], [ 101.578518502504465, 3.720975965197722 ], [ 101.578718314521055, 3.721385756876919 ], [ 101.578824293623157, 3.72174329645378 ], [ 101.579226364445162, 3.722379736839973 ], [ 101.579271769648301, 3.723417716408684 ], [ 101.579090363393647, 3.724042158416944 ], [ 101.579571421372023, 3.724598536958969 ], [ 101.579845513372277, 3.725222769494335 ], [ 101.580376942130457, 3.725342599194925 ], [ 101.581074136939463, 3.725875241405427 ], [ 101.581362430885861, 3.726231849555993 ], [ 101.581320481240695, 3.726783738042156 ], [ 101.581426398539094, 3.727382087013049 ], [ 101.581365856765004, 3.727618499988782 ], [ 101.5812848546081, 3.728257056675743 ], [ 101.581113981024728, 3.729158515745094 ], [ 101.581163362017122, 3.730183224056657 ], [ 101.580996332675696, 3.73090493440731 ], [ 101.580547292818295, 3.731556369945144 ], [ 101.580539587513996, 3.731922370997007 ], [ 101.580627895914034, 3.733015865336209 ], [ 101.580591577347249, 3.733781165073049 ], [ 101.580394601870282, 3.734332927130349 ], [ 101.580357802489075, 3.734959165354122 ], [ 101.580441421151207, 3.735476339152759 ], [ 101.580763181275387, 3.736056041553044 ], [ 101.581018216574378, 3.737084969412359 ], [ 101.580963862704593, 3.737429649383689 ], [ 101.581403028029015, 3.738842327557975 ], [ 101.581688736883962, 3.739221258135741 ], [ 101.58225889796762, 3.740029991677608 ], [ 101.582485490235413, 3.740638271830695 ], [ 101.582649004388571, 3.741051928575802 ], [ 101.583120940219089, 3.741550060628966 ], [ 101.583585916231584, 3.741912506049048 ], [ 101.583796408362772, 3.742004920498936 ], [ 101.584122942396945, 3.742049308936085 ], [ 101.584542932630697, 3.742292077911833 ], [ 101.585322942487409, 3.742901818053316 ], [ 101.585635981216214, 3.743267819536014 ], [ 101.586529029578699, 3.743795324870547 ], [ 101.587255768443228, 3.743902100663605 ], [ 101.588243647950364, 3.744424767842698 ], [ 101.58861862494345, 3.744883637324556 ], [ 101.589410696203743, 3.745402113584595 ], [ 101.589912664986414, 3.745606090793048 ], [ 101.590304814769141, 3.745736291317448 ], [ 101.591132917951526, 3.746465713024631 ], [ 101.591199955683578, 3.746653565068093 ], [ 101.591244671078016, 3.747095172314107 ], [ 101.592250134819892, 3.748218217968065 ], [ 101.592667063095305, 3.74845079970968 ], [ 101.593264075668998, 3.749110930164903 ], [ 101.593418464163463, 3.749792224313865 ], [ 101.593926100641013, 3.750525042088539 ], [ 101.594196901556046, 3.750798506195463 ], [ 101.594611720042622, 3.750976814102009 ], [ 101.595565717625789, 3.751986947138658 ], [ 101.595694222878905, 3.752450538427988 ], [ 101.596525205919619, 3.753376686748206 ], [ 101.59707414851502, 3.753588414696568 ], [ 101.597384323684011, 3.754086400786312 ], [ 101.597561889901982, 3.754619086589506 ], [ 101.597610461701876, 3.755203157080868 ], [ 101.59826233366509, 3.75630520403351 ], [ 101.598585239385841, 3.756667837395833 ], [ 101.598690405043385, 3.75712769252186 ], [ 101.598793654115156, 3.757675729659227 ], [ 101.598851896710542, 3.758110872173194 ], [ 101.598785170479246, 3.758563777740341 ], [ 101.598911576587255, 3.758969704579435 ], [ 101.599311834030587, 3.759995060272756 ], [ 101.599507081836109, 3.760328245640143 ], [ 101.599598274933356, 3.761296261810617 ], [ 101.599785975404743, 3.762154299108104 ], [ 101.599817192669661, 3.762595589964481 ], [ 101.600081085847322, 3.763367338159575 ], [ 101.600272272443476, 3.763747714910997 ], [ 101.600559293038671, 3.764062204041569 ], [ 101.600929502547871, 3.765066848340903 ], [ 101.601024850171839, 3.76551622268324 ], [ 101.601035520468031, 3.765960569172529 ], [ 101.601396340080001, 3.766788535233977 ], [ 101.601502006927689, 3.767055064984537 ], [ 101.602680979876538, 3.768120903047876 ], [ 101.60276733916146, 3.768346398568894 ], [ 101.602776879479634, 3.76901092280257 ], [ 101.60325287488061, 3.770129469950875 ], [ 101.603662732443212, 3.77038238088124 ], [ 101.604005766005301, 3.770908152636444 ], [ 101.604295195712396, 3.771599133239153 ], [ 101.604304884003454, 3.772097745571705 ], [ 101.60453370812148, 3.77261445676035 ], [ 101.604776210730762, 3.772955114449655 ], [ 101.605052648694567, 3.773120338771271 ], [ 101.605624592620714, 3.773366326331515 ], [ 101.606484845272064, 3.773866035460833 ], [ 101.606907280552335, 3.774152896046514 ], [ 101.607250090043777, 3.774221064063093 ], [ 101.608016592085633, 3.774196781993948 ], [ 101.608438174334921, 3.774049778370016 ], [ 101.609198907137639, 3.774299648425097 ], [ 101.609699654806391, 3.774551099474497 ], [ 101.610041993005893, 3.774802419673464 ], [ 101.610387204216863, 3.774921467196448 ], [ 101.611111407049748, 3.774824999566607 ], [ 101.611950237224988, 3.774246350979957 ], [ 101.612607871578376, 3.774104201812738 ], [ 101.612838941517197, 3.77418705546485 ], [ 101.613237240513158, 3.774341288868709 ], [ 101.61360495685193, 3.774352423750217 ], [ 101.614214691322616, 3.774236715855909 ], [ 101.614557329696439, 3.774152250899926 ], [ 101.61469159236033, 3.774022866100088 ], [ 101.614864256020354, 3.773840161867049 ], [ 101.615286521027031, 3.773645671859025 ], [ 101.615894748231526, 3.773458732598344 ], [ 101.616472671699171, 3.773569057591266 ], [ 101.617767184667159, 3.773478025784835 ], [ 101.618191670020991, 3.773185179426292 ], [ 101.61904744074171, 3.7732408265164 ], [ 101.619442997066869, 3.773367634183864 ], [ 101.619798021666583, 3.773500553921767 ], [ 101.621116224912811, 3.773718512860623 ], [ 101.621888482103856, 3.77342289331696 ], [ 101.622397867939227, 3.773267631413386 ], [ 101.623082032906211, 3.773312654666666 ], [ 101.623613295656199, 3.773405328867119 ], [ 101.624071181133345, 3.773252143449487 ], [ 101.624485586037792, 3.773065401070994 ], [ 101.624775425976793, 3.772375556336453 ], [ 101.624993950263956, 3.772081888190341 ], [ 101.625957511054551, 3.772677384122527 ], [ 101.626699726882677, 3.771362173722148 ], [ 101.626700008319602, 3.771030064115578 ], [ 101.626460181722479, 3.770075792929922 ], [ 101.62631424985139, 3.769153986185652 ], [ 101.625997412228728, 3.768167574282627 ], [ 101.625799117115548, 3.767478534274689 ], [ 101.625110610712284, 3.765715012020333 ], [ 101.624751450736156, 3.764334483192171 ], [ 101.624767974394743, 3.7640329424888 ], [ 101.62493484417584, 3.763802736932386 ], [ 101.625146121947751, 3.763702097843267 ], [ 101.62598061820276, 3.763489168382049 ], [ 101.62664511345173, 3.763188178387802 ], [ 101.6271192832465, 3.762937004835713 ], [ 101.627907283011595, 3.762530058369774 ], [ 101.628699588185754, 3.762089204293009 ], [ 101.631402693549703, 3.760949789348006 ], [ 101.632486551769261, 3.760593065478609 ], [ 101.633337430216059, 3.760241674765333 ], [ 101.6334444734605, 3.759969197958438 ], [ 101.633650052626706, 3.759339711525598 ], [ 101.634012138731151, 3.759126966033491 ], [ 101.634712674844849, 3.758701132787569 ], [ 101.635337751296291, 3.758185787090446 ], [ 101.63568855618135, 3.757870976765112 ], [ 101.636284849577393, 3.757276981922934 ], [ 101.637483352888893, 3.756753221429461 ], [ 101.637695386094663, 3.756462642733895 ], [ 101.637790357432436, 3.755956102508785 ], [ 101.637812984279876, 3.753917769324316 ], [ 101.637828326337981, 3.753422478070342 ], [ 101.637985481137321, 3.753250159498947 ], [ 101.638854894211875, 3.753355189091913 ], [ 101.639440237035487, 3.752945088170957 ], [ 101.639794125317664, 3.752744755559017 ], [ 101.640886920469683, 3.752407264527616 ], [ 101.641187027148575, 3.752224035637802 ], [ 101.641850282321613, 3.751290750176496 ], [ 101.642981032088585, 3.74917381489851 ], [ 101.643267034682523, 3.748780260019943 ], [ 101.643759957780091, 3.747850583915739 ], [ 101.644282716477335, 3.746432954041762 ], [ 101.644904770154938, 3.745096508210664 ], [ 101.645652767930628, 3.744247950328137 ], [ 101.646193726794507, 3.742823391684806 ], [ 101.646517161621716, 3.742422866205684 ], [ 101.647077105315006, 3.742289763895047 ], [ 101.64772758904229, 3.741841461151678 ], [ 101.647919547619807, 3.741698935889831 ], [ 101.648563501576746, 3.741274075746256 ], [ 101.649206544979137, 3.740425808979309 ], [ 101.649242024780762, 3.740380422325909 ], [ 101.649427173355136, 3.740143570622033 ], [ 101.649718556479769, 3.739770819911444 ], [ 101.650264079715598, 3.738990136956765 ], [ 101.650622931384916, 3.737701629106207 ], [ 101.650841782291508, 3.737267481326868 ], [ 101.651918974356718, 3.735730106108924 ], [ 101.652177987038797, 3.735211267193502 ], [ 101.652326058601219, 3.734953308034555 ], [ 101.652575519936832, 3.734766552969606 ], [ 101.653027432404201, 3.734626952126249 ], [ 101.653260166435146, 3.734491031170323 ], [ 101.65364040304388, 3.733873575633572 ], [ 101.653672199198283, 3.73263284498301 ], [ 101.65374569583291, 3.732042870030523 ], [ 101.653927124122688, 3.731608626395874 ], [ 101.654172920416897, 3.731198006006855 ], [ 101.65450923001562, 3.730594288453259 ], [ 101.65488382000575, 3.728403899983494 ], [ 101.655036102407081, 3.727809886566491 ], [ 101.655196733265115, 3.727139864161287 ], [ 101.655336677379481, 3.726642201832259 ], [ 101.655844723923366, 3.727006415612409 ], [ 101.656829064339718, 3.727155057293982 ], [ 101.65795618777112, 3.726907794390489 ], [ 101.659437863117248, 3.726411010257427 ], [ 101.660169883485338, 3.726427010131227 ], [ 101.660625071835625, 3.726438344741029 ], [ 101.661067016889476, 3.726345069016019 ], [ 101.663329358912023, 3.725420365397709 ], [ 101.66417337361878, 3.725087578655789 ], [ 101.664491328484928, 3.724732821611742 ], [ 101.664916965956863, 3.724520789647869 ], [ 101.66576730413918, 3.724360714897622 ], [ 101.666172793276786, 3.724104539057751 ], [ 101.667038082690055, 3.723473614179437 ], [ 101.667508302732244, 3.722980463213089 ], [ 101.667917132755463, 3.722737861070852 ], [ 101.668883042588405, 3.722259817993474 ], [ 101.669248209266641, 3.721925529013332 ], [ 101.66943399709983, 3.72177026344421 ], [ 101.670632406955335, 3.721360643658683 ], [ 101.671338492509435, 3.72093931543759 ], [ 101.671915700453866, 3.720754798833526 ], [ 101.672640758149328, 3.720739961547403 ], [ 101.673032244979581, 3.720683859227592 ], [ 101.673697323478592, 3.720462255133707 ], [ 101.674267754064331, 3.720287894832728 ], [ 101.675168135190759, 3.72025343151069 ], [ 101.675548779053074, 3.720373105890297 ], [ 101.676932732309325, 3.721048173660982 ], [ 101.677567074623894, 3.720968940854339 ], [ 101.677746807600357, 3.720644071404955 ], [ 101.677920884909568, 3.719987361157071 ], [ 101.678160903884987, 3.719744328522915 ], [ 101.678441113684528, 3.719633392826043 ], [ 101.679122602733102, 3.719601480887219 ], [ 101.679645176550522, 3.719552206890214 ], [ 101.679834520314529, 3.719437649667979 ], [ 101.679920028532337, 3.718987329143519 ], [ 101.680051376310004, 3.717971552488796 ], [ 101.680366315356352, 3.717579471573574 ], [ 101.680930761255183, 3.717089942350819 ], [ 101.681474278447197, 3.716874808951961 ], [ 101.682095146110115, 3.716781690795341 ], [ 101.683164342344455, 3.716741142840434 ], [ 101.683222622966341, 3.7163786563605 ], [ 101.683248760370162, 3.715586185610836 ], [ 101.68337766451225, 3.715335804859699 ], [ 101.683871898216907, 3.714679901735972 ], [ 101.684082381911026, 3.714203045552285 ], [ 101.684104859058024, 3.713525602484566 ], [ 101.68408154704052, 3.71224487984625 ], [ 101.68419723715111, 3.711875754834651 ], [ 101.684475025076125, 3.7114872536899 ], [ 101.685059843840023, 3.711061933370378 ], [ 101.685667034836626, 3.710921576026131 ], [ 101.686456391777355, 3.710839335277162 ], [ 101.686686814187013, 3.71049113242389 ], [ 101.687025949173346, 3.709865362948685 ], [ 101.687300276547759, 3.709510486227525 ], [ 101.688212889168184, 3.70872392241954 ], [ 101.688969696826661, 3.708258896896893 ], [ 101.690550045064697, 3.707535342069348 ], [ 101.691924175894215, 3.707041340833503 ], [ 101.692453103026622, 3.707151486350036 ], [ 101.693150147418336, 3.707543285445837 ], [ 101.694893076259433, 3.708798645552934 ], [ 101.695773927188952, 3.709733016914067 ], [ 101.696298255250284, 3.710347953237051 ], [ 101.69658082784899, 3.71053520802372 ], [ 101.696958085318911, 3.710658256342477 ], [ 101.697265048052245, 3.71064913233967 ], [ 101.698530412504681, 3.710341110584179 ], [ 101.699074174900687, 3.710136141453117 ], [ 101.699299997473744, 3.710174298396734 ], [ 101.700225614064749, 3.710749536349851 ], [ 101.701317723866566, 3.71088511269994 ], [ 101.701925087072738, 3.710788552754055 ], [ 101.702465068006219, 3.710634448310652 ], [ 101.702715121747346, 3.710425068892238 ], [ 101.702884317574529, 3.710262970466705 ], [ 101.703093677803338, 3.710128106048815 ], [ 101.70357311319529, 3.709997592513902 ], [ 101.704986944633816, 3.709720738565447 ], [ 101.705632972603112, 3.709573115239964 ], [ 101.706406401833519, 3.709094266110924 ], [ 101.707042375656016, 3.708449160595382 ], [ 101.707200612702835, 3.708397266120794 ], [ 101.70742039447066, 3.708490521887698 ], [ 101.708708747910634, 3.70984675653579 ], [ 101.708945891641278, 3.709973690636675 ], [ 101.709223964404401, 3.710161494460787 ], [ 101.709536980068549, 3.710559109317697 ], [ 101.709848381576094, 3.711159940767595 ], [ 101.710210842341169, 3.711821386217334 ], [ 101.710479369651523, 3.712117703206101 ], [ 101.710574108965062, 3.712147616686419 ], [ 101.710781883533343, 3.711969784232941 ], [ 101.711484554826015, 3.7107312855546 ], [ 101.711848262481439, 3.710172836059802 ], [ 101.712133886939156, 3.710028266771816 ], [ 101.712592486587312, 3.710021494202986 ], [ 101.713633572288828, 3.70938021781041 ], [ 101.714190261162031, 3.709413541654741 ], [ 101.715297815513651, 3.709561291197006 ], [ 101.715862554996349, 3.709522276697385 ], [ 101.716286506293613, 3.709181328951298 ], [ 101.716762853870094, 3.70881168121485 ], [ 101.717498766758624, 3.708549982588684 ], [ 101.718017846497858, 3.70836539025876 ], [ 101.719021939664998, 3.707778566366078 ], [ 101.719284137633096, 3.7076647445346 ], [ 101.71973328387557, 3.707767531160281 ], [ 101.720635580292324, 3.707942827743367 ], [ 101.721341030211548, 3.707942788588306 ], [ 101.721988225874739, 3.707953245936248 ], [ 101.722210840117569, 3.708030528069896 ], [ 101.722273533561761, 3.708071641235809 ], [ 101.722487978448328, 3.708304845981507 ], [ 101.722891823831745, 3.708674361441372 ], [ 101.723102678898314, 3.708860910211607 ], [ 101.723753059203133, 3.709291344987725 ], [ 101.72446778134956, 3.709811480028097 ], [ 101.72520406086764, 3.710651028161173 ], [ 101.726140227336799, 3.711009571682592 ], [ 101.726909597346463, 3.711641233677783 ], [ 101.72820130423365, 3.712553415887965 ], [ 101.728615848516213, 3.712970778117707 ], [ 101.728924980447857, 3.71323270692275 ], [ 101.729201701460198, 3.713281440357146 ], [ 101.729700810665918, 3.712803587638082 ], [ 101.730102919309047, 3.712417637897048 ], [ 101.730687892554656, 3.712152264649724 ], [ 101.731337977324927, 3.711598468873263 ], [ 101.731589860919598, 3.711444200356993 ], [ 101.732025269189791, 3.71148851898884 ], [ 101.732471889648366, 3.711668252615702 ], [ 101.732872097062668, 3.711963473508356 ], [ 101.733257415688954, 3.712288096540716 ], [ 101.733564708783732, 3.712406413683353 ], [ 101.734343530882072, 3.712370218701881 ], [ 101.734853861617964, 3.712196171243085 ], [ 101.736416148436746, 3.711361122967737 ], [ 101.73734011111037, 3.710866504911792 ], [ 101.738246967315661, 3.710348101536403 ], [ 101.738771397559233, 3.710103771023516 ], [ 101.739780149739914, 3.709977793495097 ], [ 101.739919473919045, 3.70995620402057 ], [ 101.740159278754263, 3.709849409487424 ], [ 101.740240917346455, 3.709719201670245 ], [ 101.740269281656552, 3.709170072546454 ], [ 101.740201100071417, 3.708405641537412 ], [ 101.739986564204898, 3.707953512226152 ], [ 101.738860887117141, 3.707189501088075 ], [ 101.738046204235971, 3.706870402172528 ], [ 101.737849662329637, 3.70674845367222 ], [ 101.737774463042214, 3.706303446581222 ], [ 101.737974353882407, 3.705854741746879 ], [ 101.738095679374283, 3.705488615104954 ], [ 101.737752551026702, 3.705086781985002 ], [ 101.737673851017036, 3.704824815578525 ], [ 101.737659462269391, 3.704573590786979 ], [ 101.738137851880637, 3.703704862148435 ], [ 101.738348413480608, 3.70313771583886 ], [ 101.738373304976449, 3.70283981844313 ], [ 101.738708714506743, 3.701780928789428 ], [ 101.73877639402582, 3.701271263064443 ], [ 101.738961793158083, 3.700312924907038 ], [ 101.739186704571324, 3.699900100082596 ], [ 101.739958054181116, 3.69905996673148 ], [ 101.740143705949322, 3.698747649481426 ], [ 101.740271861513833, 3.697584760544994 ], [ 101.740471762271198, 3.697168356415047 ], [ 101.741573341578544, 3.696236702887959 ], [ 101.741869089332837, 3.696088757873371 ], [ 101.742132147713249, 3.69608346657771 ], [ 101.742782703890072, 3.6960344697723 ], [ 101.74329574453499, 3.696081516615673 ], [ 101.743708791586897, 3.696298753189899 ], [ 101.744097329213233, 3.696548882007643 ], [ 101.744372387786697, 3.696473402481411 ], [ 101.745445341612793, 3.695750718882918 ], [ 101.745840388500667, 3.695368137176954 ], [ 101.746122001850082, 3.695128860363966 ], [ 101.746679701488532, 3.695044049246232 ], [ 101.747165362498663, 3.694812873368871 ], [ 101.747947585624416, 3.694099628088961 ], [ 101.748383187918236, 3.69347496478391 ], [ 101.748689849573012, 3.692035649892724 ], [ 101.748950305569863, 3.691188539292769 ], [ 101.74911811749736, 3.690944418877622 ], [ 101.749989787929522, 3.690861517161462 ], [ 101.750697592682741, 3.690808231531384 ], [ 101.751007097854284, 3.690670490660501 ], [ 101.751674435217879, 3.690180883783765 ], [ 101.752422890877284, 3.689650207375416 ], [ 101.75309355768411, 3.688940131388605 ], [ 101.753679095864115, 3.68805699630291 ], [ 101.753807521722678, 3.687601140251737 ], [ 101.753885842676425, 3.68692637568673 ], [ 101.753842789401972, 3.686477768153574 ], [ 101.75414257095602, 3.685713187438231 ], [ 101.754241814587857, 3.685599335232814 ], [ 101.754260397301536, 3.685548044865516 ], [ 101.754517490929885, 3.685232106861775 ], [ 101.755008428403656, 3.684907230737401 ], [ 101.755146114542754, 3.684883714607918 ], [ 101.756182035602734, 3.684606933603918 ], [ 101.756760753220931, 3.684527736019513 ], [ 101.757339544511325, 3.684627988071992 ], [ 101.757961203354526, 3.684721043916075 ], [ 101.758246999956924, 3.684706569077879 ], [ 101.758314839588834, 3.684613226848529 ], [ 101.758379047492625, 3.684376326115015 ], [ 101.758489636092349, 3.68398866806625 ], [ 101.758646694110766, 3.683665592670529 ], [ 101.758698995833399, 3.683660999663672 ], [ 101.758768093401514, 3.683504037114655 ], [ 101.759196059792814, 3.683310592423717 ], [ 101.75953602341184, 3.683108927010524 ], [ 101.759775205926559, 3.682681736199998 ], [ 101.75990516840703, 3.682515823333258 ], [ 101.760103699789369, 3.682250919035786 ], [ 101.760339466892106, 3.682204163509078 ], [ 101.760578871942798, 3.682315322381559 ], [ 101.761543673599533, 3.68284609012999 ], [ 101.761875945205787, 3.682910552670689 ], [ 101.762161717264405, 3.682838652664465 ], [ 101.763407949588128, 3.681452774769392 ], [ 101.763482337592222, 3.681384609362207 ], [ 101.763607946151339, 3.681298363533974 ], [ 101.764072406495032, 3.681377125546783 ], [ 101.764747683108126, 3.681545523122453 ], [ 101.765573167087112, 3.682097879239435 ], [ 101.766087687101361, 3.68228069983557 ], [ 101.766390178235383, 3.682322443002541 ], [ 101.766899787428983, 3.682154739811724 ], [ 101.767891561842049, 3.681691336769169 ], [ 101.768057027379641, 3.681546509989863 ], [ 101.768066495431654, 3.681407731416284 ], [ 101.767465639955248, 3.679814472954097 ], [ 101.767317528195122, 3.678752192879646 ], [ 101.76738854659807, 3.677728102150551 ], [ 101.767883164380663, 3.675904681085206 ], [ 101.768159073811688, 3.675043204274183 ], [ 101.768358973769409, 3.674665078074598 ], [ 101.768430389239299, 3.674583697036179 ], [ 101.768537265268279, 3.674437588160096 ], [ 101.76935708696594, 3.67356761399001 ], [ 101.770362160624828, 3.672635058571189 ], [ 101.770977647567307, 3.671950677142483 ], [ 101.771053742543998, 3.671673095475422 ], [ 101.771015477512449, 3.67129985628718 ], [ 101.769952745845416, 3.67008483782144 ], [ 101.76947601940148, 3.669147116946776 ], [ 101.769375814256406, 3.668730836055745 ], [ 101.769232668865797, 3.66814708691955 ], [ 101.768527254399118, 3.667085044197472 ], [ 101.768288872580555, 3.666568329940628 ], [ 101.768188408465349, 3.665534741299363 ], [ 101.768283506675544, 3.665137518461479 ], [ 101.76857859559118, 3.664582294684741 ], [ 101.768650016384782, 3.664515269684065 ], [ 101.768729292707846, 3.664398811796292 ], [ 101.769067189268114, 3.66402032342332 ], [ 101.770358673591872, 3.663068675445584 ], [ 101.771269014008325, 3.662628732237022 ], [ 101.772235847579381, 3.662374695425323 ], [ 101.772550075928791, 3.662030016885665 ], [ 101.773121016206375, 3.66050325185173 ], [ 101.773835227600401, 3.659856925268426 ], [ 101.774501580706584, 3.658684232821631 ], [ 101.775172871558652, 3.657923076048901 ], [ 101.775428257324137, 3.657600177602467 ], [ 101.776100505959818, 3.656664553215492 ], [ 101.776681959541648, 3.655926941825078 ], [ 101.777295911203225, 3.654754270592753 ], [ 101.777533685105467, 3.653854526034907 ], [ 101.778124032798175, 3.65317953861288 ], [ 101.778314559066899, 3.653174670456599 ], [ 101.778428814199131, 3.653031060985883 ], [ 101.77887165624422, 3.652715036757286 ], [ 101.780695914292806, 3.652599392789251 ], [ 101.781738981372399, 3.652426664229784 ], [ 101.782196209430637, 3.652335542424272 ], [ 101.782910360529158, 3.651579147443707 ], [ 101.783786438266219, 3.650774827434984 ], [ 101.78412443697195, 3.650343999352969 ], [ 101.784428672578699, 3.648951336161579 ], [ 101.78406642388488, 3.648386827760991 ], [ 101.783818602653582, 3.648075890919284 ], [ 101.783241913755646, 3.647286566270938 ], [ 101.782736542422697, 3.646195734396167 ], [ 101.783412410457288, 3.645042174396782 ], [ 101.784012350163593, 3.644539451493819 ], [ 101.784116883015855, 3.643950810662228 ], [ 101.784521298296923, 3.642912217331144 ], [ 101.784406285362707, 3.641313969864835 ], [ 101.784148616701273, 3.640261311975991 ], [ 101.78401962634355, 3.639376083721588 ], [ 101.784033694863339, 3.638868833165114 ], [ 101.783847580739177, 3.638060195116093 ], [ 101.783742594159165, 3.637605635387671 ], [ 101.78366552698715, 3.635634115426195 ], [ 101.783836250252719, 3.633911323567102 ], [ 101.783864745698182, 3.633719898068482 ], [ 101.784131273599542, 3.633246033943195 ], [ 101.784736052271427, 3.632934722176891 ], [ 101.785326537066069, 3.632613845691365 ], [ 101.786097849851814, 3.631905277900909 ], [ 101.786902080133146, 3.630230059681575 ], [ 101.787554361001412, 3.629631605952556 ], [ 101.787954235519038, 3.629119399426674 ], [ 101.788392165934752, 3.628497113478617 ], [ 101.789702058901625, 3.628601809182233 ], [ 101.791273910971739, 3.628682459458071 ], [ 101.792373929872866, 3.628112514665051 ], [ 101.793297773241065, 3.627676636659848 ], [ 101.794317013582514, 3.627546975372442 ], [ 101.795093326242267, 3.627393495820641 ], [ 101.795650601478002, 3.627383674006563 ], [ 101.79597446474304, 3.627326104053604 ], [ 101.796317296734273, 3.627081898003886 ], [ 101.796412337543089, 3.626588967277201 ], [ 101.796444867443881, 3.624775316892325 ], [ 101.797101586452712, 3.623473413532546 ], [ 101.797591783856134, 3.622587907917426 ], [ 101.79789136852942, 3.62150150510179 ], [ 101.798186202482555, 3.620443816301493 ], [ 101.798376416745825, 3.619759429661696 ], [ 101.798385779568136, 3.619395741256867 ], [ 101.798152028317162, 3.618587128368929 ], [ 101.797899347702256, 3.618051287069912 ], [ 101.798270447213909, 3.617122767389542 ], [ 101.798293863203071, 3.616232687588508 ], [ 101.79906023570571, 3.615179570477476 ], [ 101.799974328581968, 3.614279515977204 ], [ 101.800936265527767, 3.61385797066938 ], [ 101.80186031170949, 3.613910188052134 ], [ 101.803055892524981, 3.614057986591363 ], [ 101.804194215454061, 3.613980899973943 ], [ 101.805265611949864, 3.613367887519528 ], [ 101.806189288629639, 3.612611382626993 ], [ 101.808313169670868, 3.611705977243056 ], [ 101.809098799248147, 3.611131375614725 ], [ 101.808979205817451, 3.610002097338104 ], [ 101.808567600476309, 3.608483009425687 ], [ 101.808473467308858, 3.608121703668666 ], [ 101.808720415411145, 3.606537650752252 ], [ 101.809334334614292, 3.605441529761636 ], [ 101.810215292566696, 3.605029584235145 ], [ 101.812568181767759, 3.605004562120872 ], [ 101.813506386472923, 3.604793569918748 ], [ 101.814277878484376, 3.604563513718377 ], [ 101.81481102673331, 3.603912461551695 ], [ 101.815072710790488, 3.603314175037057 ], [ 101.81493903016424, 3.602629938511329 ], [ 101.814767141800658, 3.601720810288072 ], [ 101.81461912631552, 3.600936088846978 ], [ 101.814337436164564, 3.59947670118643 ], [ 101.814341145281972, 3.597203676981437 ], [ 101.814702245849162, 3.595303739713637 ], [ 101.814444636603952, 3.594413792440722 ], [ 101.814015621256814, 3.593648343176131 ], [ 101.81343434223308, 3.593203580501428 ], [ 101.813248549570488, 3.593117531516507 ], [ 101.812524386734836, 3.592677620067172 ], [ 101.811847789662821, 3.592098911796394 ], [ 101.8111997092591, 3.591386200925273 ], [ 101.810989766702363, 3.590568009669394 ], [ 101.810932423286445, 3.590156499284201 ], [ 101.810798700537191, 3.58936698448184 ], [ 101.810684064675698, 3.588654025806883 ], [ 101.810679071503017, 3.588151570173181 ], [ 101.810593103071824, 3.587634796047428 ], [ 101.810154509916487, 3.586740145040555 ], [ 101.809501781523593, 3.586266700159956 ], [ 101.808896765329436, 3.585975074735999 ], [ 101.808067714541139, 3.585286370633718 ], [ 101.807590811488978, 3.583927559863054 ], [ 101.808042818297309, 3.582908080111071 ], [ 101.807966449653009, 3.582549216469172 ], [ 101.807780277076759, 3.581620950559918 ], [ 101.808003967165462, 3.581261949226224 ], [ 101.807984202597012, 3.579692374572165 ], [ 101.807860101851574, 3.579103837561695 ], [ 101.807787255373356, 3.578633713605873 ], [ 101.807440418448792, 3.5778801850961 ], [ 101.80730815921082, 3.577679262325584 ], [ 101.807064979282003, 3.577069245650554 ], [ 101.806954128529966, 3.576814478193382 ], [ 101.806875064011905, 3.576443428422841 ], [ 101.806782423715248, 3.576276208466877 ], [ 101.806778708680497, 3.575960379214793 ], [ 101.806751704104798, 3.575862687694617 ], [ 101.806737204594157, 3.575396125862441 ], [ 101.806715596640984, 3.575008525009593 ], [ 101.806679680851985, 3.574577862824718 ], [ 101.80662959357187, 3.574405614254825 ], [ 101.80719014648372, 3.573816764163707 ], [ 101.807329404584877, 3.573698263905515 ], [ 101.807511519660821, 3.573561799091162 ], [ 101.807786468464158, 3.573335567073042 ], [ 101.808607601863216, 3.572348219387905 ], [ 101.808800359415613, 3.572050245053234 ], [ 101.80890708513806, 3.571088347472807 ], [ 101.808538722288361, 3.57012307862327 ], [ 101.808442067727157, 3.569663732451529 ], [ 101.808020136344808, 3.568723610674493 ], [ 101.807973354793432, 3.567962766583817 ], [ 101.807912458946277, 3.567585950658813 ], [ 101.808012275453819, 3.567140870501412 ], [ 101.808129971733621, 3.566738850024873 ], [ 101.807947560714709, 3.566218530094772 ], [ 101.807521845645056, 3.564804663008713 ], [ 101.807303536604152, 3.563889570454895 ], [ 101.80699920578256, 3.562324909950801 ], [ 101.80673802546832, 3.561391891652946 ], [ 101.806737917110553, 3.56115142942352 ], [ 101.80654118298979, 3.560548568688031 ], [ 101.80640876693127, 3.559992335511533 ], [ 101.806287207676505, 3.559748339451963 ], [ 101.806051135027545, 3.559041415687372 ], [ 101.805625506387827, 3.557803407244797 ], [ 101.805403824483605, 3.557322583024695 ], [ 101.805410926679315, 3.557229266063626 ], [ 101.805221483453963, 3.556949410617553 ], [ 101.804999790756284, 3.556443463314587 ], [ 101.804859848280472, 3.555029464353435 ], [ 101.804652356110481, 3.554326115960238 ], [ 101.804469961536924, 3.553830917610981 ], [ 101.804373324473346, 3.553400282331088 ], [ 101.804408752615686, 3.552747069990402 ], [ 101.804790823281579, 3.552445422249493 ], [ 101.80491577628932, 3.552294628188798 ], [ 101.805072650841694, 3.551637771997207 ], [ 101.805215396268508, 3.551336232262137 ], [ 101.805258102895351, 3.550984491869345 ], [ 101.805211361550533, 3.550302604752949 ], [ 101.805093270200359, 3.549821733334362 ], [ 101.804961038661716, 3.549671055433284 ], [ 101.804625211066693, 3.549538414336895 ], [ 101.801978685748892, 3.550278936913612 ], [ 101.801542867697549, 3.550203763375138 ], [ 101.801424934239435, 3.55007461245785 ], [ 101.800949811568515, 3.549970744277117 ], [ 101.800195638002663, 3.5488836163291 ], [ 101.800031197575962, 3.548592981244338 ], [ 101.799105624430652, 3.547627954316002 ], [ 101.798637516173414, 3.547226195141393 ], [ 101.798466043125231, 3.547186792386053 ], [ 101.797387137416038, 3.546814015533876 ], [ 101.796872696692063, 3.546645560505404 ], [ 101.79653690595984, 3.546591874063511 ], [ 101.796251200074636, 3.546714026134008 ], [ 101.795833302183084, 3.546771634550832 ], [ 101.795311807078022, 3.546807754472121 ], [ 101.795168946202153, 3.546850885366073 ], [ 101.793776126905826, 3.547443682280663 ], [ 101.793168945568311, 3.547576741565719 ], [ 101.792783157685349, 3.54754819866747 ], [ 101.792618777447714, 3.547390354806692 ], [ 101.791775758913829, 3.54732612158745 ], [ 101.791178859136437, 3.546454255846755 ], [ 101.790778641323428, 3.546095530568969 ], [ 101.79018201863947, 3.545862505460881 ], [ 101.789546081243543, 3.545575662034787 ], [ 101.789271064471919, 3.545636794401297 ], [ 101.788792436673589, 3.545680069983057 ], [ 101.788385202399866, 3.545615644448197 ], [ 101.788128045477478, 3.545676768749374 ], [ 101.787367437897203, 3.546204680460954 ], [ 101.786553229689503, 3.546685957758045 ], [ 101.786185293149558, 3.54663587033808 ], [ 101.785717243017999, 3.546356129864487 ], [ 101.785649332391813, 3.54625566708578 ], [ 101.785442062240634, 3.546033238226985 ], [ 101.784991579559403, 3.545064401746714 ], [ 101.784952130562104, 3.544694751662158 ], [ 101.784819817700395, 3.544343086415498 ], [ 101.784623210820811, 3.54399503770542 ], [ 101.784240754586634, 3.543395838511676 ], [ 101.783940623189253, 3.543194982960112 ], [ 101.783536855964172, 3.542879323571708 ], [ 101.78285083167755, 3.542395101387466 ], [ 101.781875547908285, 3.542076095823091 ], [ 101.781428921263014, 3.541767631612835 ], [ 101.781396746317014, 3.541703043252491 ], [ 101.781253847797487, 3.541656446945613 ], [ 101.781018150472704, 3.541782162120914 ], [ 101.780535611619769, 3.541014320372836 ], [ 101.780531769894154, 3.540371890571033 ], [ 101.779977462082329, 3.538814498188954 ], [ 101.779859470087573, 3.538534605882701 ], [ 101.779534062728729, 3.537676971731264 ], [ 101.779194513769767, 3.53716747666774 ], [ 101.778969263205511, 3.53664716622301 ], [ 101.778290276408256, 3.535890172562148 ], [ 101.777779136432372, 3.535046971642509 ], [ 101.777214507804089, 3.534419133025726 ], [ 101.77683206242618, 3.533823518675472 ], [ 101.776678278304558, 3.53336419052807 ], [ 101.776502945163529, 3.532621339981974 ], [ 101.776295243410729, 3.531343741169473 ], [ 101.776323686545609, 3.531024307834327 ], [ 101.776427046527061, 3.530478735852223 ], [ 101.776594427471309, 3.529272760173281 ], [ 101.77650482312977, 3.528533462616831 ], [ 101.776361586731724, 3.527664983252097 ], [ 101.776197015690329, 3.527029798074527 ], [ 101.775896875356537, 3.526789460008711 ], [ 101.775539508984323, 3.526366106397857 ], [ 101.775242853615282, 3.52591401528112 ], [ 101.774435396213178, 3.52541547935465 ], [ 101.773977939479067, 3.524801949240849 ], [ 101.774052946586977, 3.524794740099109 ], [ 101.773806147356311, 3.523972960009724 ], [ 101.773441655535933, 3.523589087371344 ], [ 101.7730876796887, 3.522717105260542 ], [ 101.772097503770127, 3.520858408589061 ], [ 101.771575408701338, 3.519390719619444 ], [ 101.77092806745766, 3.517352429292689 ], [ 101.770148729030822, 3.515705394164795 ], [ 101.769465874745606, 3.514158810839348 ], [ 101.769129992915182, 3.513846704306878 ], [ 101.767836857378114, 3.513549343811432 ], [ 101.765975786281459, 3.513227088552276 ], [ 101.765268356145356, 3.512724913273717 ], [ 101.764728644976614, 3.511824289454141 ], [ 101.764081586050935, 3.510439191864523 ], [ 101.763066617527159, 3.509025529240005 ], [ 101.761998289418784, 3.508153827403526 ], [ 101.761973204015931, 3.507945674707204 ], [ 101.762154808924933, 3.506535120055401 ], [ 101.762214895835811, 3.504934396327746 ], [ 101.762218375243123, 3.504701109103339 ], [ 101.762131922236691, 3.502859980052036 ], [ 101.762302653573116, 3.501051049245271 ], [ 101.762569962769589, 3.499593803085703 ], [ 101.762669271451145, 3.497820790909099 ], [ 101.76222947261887, 3.496640181195419 ], [ 101.762361410710994, 3.496087420465754 ], [ 101.762353735135449, 3.494741543478122 ], [ 101.762074545789446, 3.493248625143567 ], [ 101.762120898272713, 3.493044032885236 ], [ 101.762224457421183, 3.492986567383308 ], [ 101.762238702053438, 3.492878891292829 ], [ 101.762417246002357, 3.492763971655566 ], [ 101.762488668958667, 3.49273164204196 ], [ 101.763485155967345, 3.492627162589311 ], [ 101.763867317081591, 3.4925767634665 ], [ 101.764177978359967, 3.492364887263503 ], [ 101.764588476938442, 3.491718700378749 ], [ 101.765041287054345, 3.489690726469127 ], [ 101.765394364519878, 3.488362650001962 ], [ 101.765422865879827, 3.488179598906278 ], [ 101.765479857159121, 3.487784784616224 ], [ 101.765501187844606, 3.48753354515614 ], [ 101.765550971322099, 3.486977228182256 ], [ 101.765672732544346, 3.486855180586961 ], [ 101.765675917388805, 3.486812083414545 ], [ 101.766018650927549, 3.48642074330937 ], [ 101.766361459991487, 3.486219620740382 ], [ 101.766514974193541, 3.486040108340799 ], [ 101.766575476658588, 3.485494554092118 ], [ 101.766550261224495, 3.484959801374086 ], [ 101.766306950192785, 3.48387601741621 ], [ 101.766367515646976, 3.483488379693163 ], [ 101.76652457262216, 3.483237085652006 ], [ 101.766774419192316, 3.482795536590042 ], [ 101.76714918221171, 3.482117062358631 ], [ 101.767441564091712, 3.480860790216796 ], [ 101.767516394500248, 3.480419311532803 ], [ 101.767559020510475, 3.479830696308604 ], [ 101.767408737043453, 3.47915243345892 ], [ 101.767226456998898, 3.478847440752193 ], [ 101.76712984861463, 3.4784167980884 ], [ 101.76717251637082, 3.477932264195698 ], [ 101.767293907995423, 3.477813777937378 ], [ 101.767308169170548, 3.477749169969196 ], [ 101.767693986840698, 3.477361810078316 ], [ 101.768395690885782, 3.476375135505559 ], [ 101.768932573681624, 3.475918118751431 ], [ 101.769453593848354, 3.474790958385678 ], [ 101.769565974569488, 3.47463552985065 ], [ 101.770076361836459, 3.473925090520178 ], [ 101.770728096109181, 3.473293824379765 ], [ 101.771763649982148, 3.472690450010734 ], [ 101.772124330531895, 3.472535975838979 ], [ 101.772442050595885, 3.472133877272817 ], [ 101.772727234108714, 3.47076275890793 ], [ 101.773139637919414, 3.469966733985313 ], [ 101.773358907950694, 3.469481224536807 ], [ 101.773576568350009, 3.468953551152202 ], [ 101.774354699801037, 3.46772220272938 ], [ 101.77451066297921, 3.467511253048173 ], [ 101.775065098296608, 3.466813892516584 ], [ 101.775650046707355, 3.464821752236071 ], [ 101.776566982237668, 3.462395205359364 ], [ 101.777658663623626, 3.45932615338407 ], [ 101.777840560971114, 3.458694412848565 ], [ 101.777861732169313, 3.458059149401496 ], [ 101.777872223503977, 3.45751002657762 ], [ 101.777861261574415, 3.456903488410079 ], [ 101.777896463779868, 3.455640142428318 ], [ 101.778123776598235, 3.452514021230779 ], [ 101.77831618908823, 3.451394170996388 ], [ 101.778526544142522, 3.450482475960999 ], [ 101.779050736752836, 3.448429346622967 ], [ 101.779196857252899, 3.44765406033371 ], [ 101.779569784984531, 3.447052756979514 ], [ 101.780025051773663, 3.446623673421883 ], [ 101.780282147784277, 3.446476418017409 ], [ 101.780607007517318, 3.446092259951842 ], [ 101.780985300207121, 3.445363534822353 ], [ 101.781181596181867, 3.445015319809609 ], [ 101.781370735594919, 3.444634806644148 ], [ 101.781459986050365, 3.444537866494496 ], [ 101.781784840330587, 3.444142941113729 ], [ 101.782148971681266, 3.443722876322247 ], [ 101.782816214205283, 3.442147024900895 ], [ 101.783276562152494, 3.441202924625328 ], [ 101.783458456651857, 3.440578361605836 ], [ 101.783285933957686, 3.437933333612338 ], [ 101.783325006209708, 3.437409322092427 ], [ 101.783485557737336, 3.436996519483845 ], [ 101.783985230275377, 3.43614930605993 ], [ 101.784713464799495, 3.435258929354857 ], [ 101.784788243149421, 3.434713368952507 ], [ 101.784759478529267, 3.434246809785632 ], [ 101.784466345836023, 3.433604499012722 ], [ 101.784469732908704, 3.433155871497238 ], [ 101.784626627739328, 3.432538496811772 ], [ 101.784762218565461, 3.432226196717589 ], [ 101.784818963371649, 3.431253551744907 ], [ 101.784854504716009, 3.430830033932853 ], [ 101.785122146732789, 3.430284393384407 ], [ 101.785482731556442, 3.429939698625718 ], [ 101.786257580315322, 3.429508695021504 ], [ 101.78654325088506, 3.429379371644032 ], [ 101.787203858225297, 3.429066852260942 ], [ 101.787925074386862, 3.42849589855786 ], [ 101.788646251015024, 3.427831630224741 ], [ 101.789431692051309, 3.427113499373725 ], [ 101.790649133936981, 3.426025518570558 ], [ 101.79136308307082, 3.42516744527859 ], [ 101.792098188649959, 3.423659752525194 ], [ 101.792101503674161, 3.42304603105019 ], [ 101.791976270905309, 3.422496965916678 ], [ 101.791600974942128, 3.421811623894758 ], [ 101.791293643136456, 3.421377483521604 ], [ 101.789996570477854, 3.41990653564406 ], [ 101.789424858927774, 3.41925716487225 ], [ 101.788921106434685, 3.418848228781845 ], [ 101.787881376241543, 3.41782938460398 ], [ 101.786330914730186, 3.416789217170751 ], [ 101.78588075367432, 3.416419736006439 ], [ 101.784948312685927, 3.41573821035962 ], [ 101.783061865468696, 3.414030619679697 ], [ 101.782290156195188, 3.413374147850734 ], [ 101.781707710602745, 3.412652995497812 ], [ 101.78131799367614, 3.411605163716084 ], [ 101.781010484230478, 3.410711625560622 ], [ 101.780663655821513, 3.409735556003831 ], [ 101.780413314538251, 3.408899418335978 ], [ 101.780238223943314, 3.408680560011617 ], [ 101.779816668620469, 3.408379254801573 ], [ 101.779159399457896, 3.408085223294116 ], [ 101.778448564444602, 3.407805569087174 ], [ 101.777773440208165, 3.407515132794662 ], [ 101.776741062027725, 3.40695566434356 ], [ 101.77640520940723, 3.406618432640436 ], [ 101.776087056705521, 3.405886402058957 ], [ 101.775790215911982, 3.404860063515938 ], [ 101.77538282520328, 3.404246505982075 ], [ 101.774793225277477, 3.403467926705681 ], [ 101.774496659221256, 3.403127089302907 ], [ 101.773735446295618, 3.401882005979901 ], [ 101.773385424597265, 3.401831899813443 ], [ 101.772913935424128, 3.401684938607501 ], [ 101.772274533183761, 3.401398072483988 ], [ 101.771770839131378, 3.401093206779755 ], [ 101.771138559335469, 3.400752501724198 ], [ 101.770538435662615, 3.400444084595629 ], [ 101.770091889957939, 3.400149962262754 ], [ 101.768548646138072, 3.399174359722487 ], [ 101.767248374775278, 3.398485780346067 ], [ 101.766201922187278, 3.398428766910366 ], [ 101.765576962927611, 3.398536682325602 ], [ 101.764751997615974, 3.398630319413839 ], [ 101.764330559968641, 3.398608949814236 ], [ 101.763955422181212, 3.39825378311292 ], [ 101.763605151893273, 3.397554060602052 ], [ 101.763411946221794, 3.396649702646173 ], [ 101.763379370809645, 3.395526351894959 ], [ 101.763478907739028, 3.394323991299903 ], [ 101.763974778966784, 3.392881012162355 ], [ 101.764449412903843, 3.391936914997513 ], [ 101.765037602196927, 3.389104948731419 ], [ 101.765198173848958, 3.388738806055887 ], [ 101.765273005529508, 3.388304505417661 ], [ 101.765301219194171, 3.387378527167773 ], [ 101.765340336870693, 3.38694424045065 ], [ 101.765397113373126, 3.385996716927769 ], [ 101.765586064372826, 3.385135278358748 ], [ 101.765728696637197, 3.38455739045159 ], [ 101.765671440879544, 3.38426311310349 ], [ 101.765339132061357, 3.383821793081229 ], [ 101.764474550013219, 3.383021777774665 ], [ 101.764299424166921, 3.382688066835497 ], [ 101.764284952393936, 3.38220355459904 ], [ 101.76423121624849, 3.381772892914531 ], [ 101.764006070875126, 3.381385365970096 ], [ 101.763323747652578, 3.380886756361714 ], [ 101.762866457061591, 3.380481373795517 ], [ 101.762444720021591, 3.379656061655848 ], [ 101.761844380049709, 3.378737503493108 ], [ 101.761501370612265, 3.378321308979974 ], [ 101.761226239174675, 3.377962512570741 ], [ 101.759914850526343, 3.376118258033852 ], [ 101.759735152852301, 3.373135848246774 ], [ 101.759863597420221, 3.372809197955193 ], [ 101.759936303201286, 3.372712406676376 ], [ 101.759722124780239, 3.372470691222488 ], [ 101.759390043591182, 3.372311604166816 ], [ 101.759389978657623, 3.372311571983148 ], [ 101.759332451217432, 3.372284054876242 ], [ 101.758981450071161, 3.37211617289045 ], [ 101.758898221831714, 3.372062046483788 ], [ 101.758542169112005, 3.371830494188973 ], [ 101.758183139208853, 3.371657754760352 ], [ 101.75738396878522, 3.371470474768949 ], [ 101.756914661366025, 3.371425675837499 ], [ 101.756806279185483, 3.371415330949747 ], [ 101.755257945172261, 3.37154562392669 ], [ 101.754784703643907, 3.371548513026577 ], [ 101.754076556953891, 3.371352559053575 ], [ 101.752955149032616, 3.370717043315303 ], [ 101.752484264140946, 3.370377104587543 ], [ 101.752030787452938, 3.370294283795324 ], [ 101.75162577425273, 3.370267333878869 ], [ 101.751266681638413, 3.370364563518624 ], [ 101.750971404239621, 3.370500093231008 ], [ 101.750749168858576, 3.370602097110093 ], [ 101.749974923328793, 3.37101089616763 ], [ 101.74948873652508, 3.371429392238129 ], [ 101.749435433617549, 3.371478359098976 ], [ 101.748891188101879, 3.371946855044922 ], [ 101.748704640754752, 3.372095585616795 ], [ 101.748195821368768, 3.372428168751144 ], [ 101.747228043871161, 3.373071343895976 ], [ 101.747146862809984, 3.373139490811523 ], [ 101.746917128793768, 3.373332339611463 ], [ 101.746439604530337, 3.373714656057595 ], [ 101.746383689716495, 3.373795154244327 ], [ 101.746254753618246, 3.373980775799996 ], [ 101.745876617860688, 3.374214384076449 ], [ 101.745525719458385, 3.374362518913735 ], [ 101.745179748316133, 3.3743929907313 ], [ 101.744747990361745, 3.374468611486824 ], [ 101.744697958854232, 3.374475273899664 ], [ 101.74411862083538, 3.3745524202357 ], [ 101.743547779388493, 3.374586924795047 ], [ 101.74343892040956, 3.374592605250634 ], [ 101.743155128396126, 3.374607416774854 ], [ 101.742899474796062, 3.374620758643789 ], [ 101.742891450977822, 3.374621176982399 ], [ 101.74240290137287, 3.374606216473159 ], [ 101.742402059027455, 3.374606190352897 ], [ 101.741775708180299, 3.374607126388129 ], [ 101.741754395858365, 3.37460715809823 ], [ 101.741487582219023, 3.374574609778738 ], [ 101.741354820951614, 3.374558415051431 ], [ 101.741025562317503, 3.37453389354812 ], [ 101.740737768656231, 3.374472350902532 ], [ 101.740688859286905, 3.374461891793037 ], [ 101.740250550783443, 3.374341528859693 ], [ 101.740131998867113, 3.374308496121409 ], [ 101.739640559937214, 3.374417081488773 ], [ 101.739522786374124, 3.374361402473757 ], [ 101.739103357986792, 3.374686919200799 ], [ 101.738747826271663, 3.374897998817217 ], [ 101.738360111423106, 3.375235703430314 ], [ 101.737954760745865, 3.375658878448107 ], [ 101.737724098559298, 3.376064738212202 ], [ 101.737649233662893, 3.376416243998163 ], [ 101.737624161642998, 3.376533965411049 ], [ 101.737416131508795, 3.377034872708165 ], [ 101.737181120266953, 3.377386378286352 ], [ 101.736924106536662, 3.37769275927453 ], [ 101.736782525263607, 3.377840117263511 ], [ 101.736712295278551, 3.377913212166865 ], [ 101.736136256868789, 3.378254938755172 ], [ 101.735461980181242, 3.378374836860002 ], [ 101.734886212236617, 3.378544635805534 ], [ 101.734238292132474, 3.378795757913807 ], [ 101.733837544040369, 3.37904293313957 ], [ 101.733414792752839, 3.379235757887574 ], [ 101.732924798553938, 3.379306684523389 ], [ 101.732439438238188, 3.37931873364391 ], [ 101.73204977351125, 3.379326149375281 ], [ 101.732030583078426, 3.379326514603247 ], [ 101.731612728635412, 3.37926221577292 ], [ 101.731260635652632, 3.379154883476262 ], [ 101.731253714577591, 3.379152773371878 ], [ 101.73076372108514, 3.379223700576172 ], [ 101.729917598041169, 3.379618392405155 ], [ 101.729755315700871, 3.379717550447368 ], [ 101.729471365356446, 3.380082270634871 ], [ 101.729243918976337, 3.381038908571325 ], [ 101.729066586015492, 3.381706942383576 ], [ 101.728903471962838, 3.382243831847541 ], [ 101.728708446947877, 3.382748894735927 ], [ 101.728257873455263, 3.383203730097277 ], [ 101.727816561937047, 3.383518561204634 ], [ 101.72734802688187, 3.383995919619994 ], [ 101.726838899076597, 3.384396322592174 ], [ 101.726370639708918, 3.384715680843521 ], [ 101.725543065113627, 3.384975066221281 ], [ 101.725097396445236, 3.385204069278052 ], [ 101.724445153324041, 3.385545535421415 ], [ 101.723918349982668, 3.385859932173249 ], [ 101.723557884165572, 3.386206668774296 ], [ 101.723138295676975, 3.386724893600887 ], [ 101.722809413757119, 3.387026493960533 ], [ 101.722304372859526, 3.387720462505889 ], [ 101.72224929625277, 3.387986550215866 ], [ 101.722199471609485, 3.388189690583622 ], [ 101.722091101922317, 3.388379005589964 ], [ 101.721416289797475, 3.3884167968388 ], [ 101.721398834216743, 3.388417774065569 ], [ 101.721064056291993, 3.388337882320098 ], [ 101.721053142685363, 3.388335277178331 ], [ 101.720617046784369, 3.388442453060049 ], [ 101.720383195479627, 3.388464480679425 ], [ 101.719416824745949, 3.388601434420235 ], [ 101.719273727345922, 3.388618016343136 ], [ 101.719034301843124, 3.38864538061882 ], [ 101.718674994942134, 3.388626465684162 ], [ 101.718333347225141, 3.38862536256006 ], [ 101.717969697905176, 3.388574703531587 ], [ 101.717592415507866, 3.388501437727252 ], [ 101.717184132944809, 3.388310514305444 ], [ 101.716811753844524, 3.387988805704744 ], [ 101.716543136900455, 3.387658303457007 ], [ 101.716490108524397, 3.387360041502416 ], [ 101.716330166674481, 3.386813363412144 ], [ 101.716117188615002, 3.385936407896601 ], [ 101.716127323407207, 3.385520922251003 ], [ 101.716073980494457, 3.385200322420786 ], [ 101.715953733932082, 3.384879283573436 ], [ 101.715662822009534, 3.38457582805147 ], [ 101.715254232414694, 3.384389425301478 ], [ 101.714939812112036, 3.384234928347075 ], [ 101.714567475019024, 3.384098351365876 ], [ 101.714136890209033, 3.383894136704797 ], [ 101.713714970255339, 3.38364433791969 ], [ 101.713549803237626, 3.383282791992519 ], [ 101.713399131714993, 3.382618537767337 ], [ 101.713275104493562, 3.381985661459172 ], [ 101.713231339774197, 3.381542965084296 ], [ 101.713169611997856, 3.381109315438938 ], [ 101.712969103280969, 3.380598368596056 ], [ 101.712714101731862, 3.380182305111706 ], [ 101.71250025703435, 3.379580920712561 ], [ 101.712340303392082, 3.378961888536053 ], [ 101.712224971366794, 3.378428585771938 ], [ 101.712145574798967, 3.377927289676633 ], [ 101.712129050515145, 3.377398758749338 ], [ 101.712130484411603, 3.376838842341064 ], [ 101.712142722910215, 3.376693193235592 ], [ 101.712169595158926, 3.375736997917583 ], [ 101.712013709644992, 3.375312141052999 ], [ 101.711397516012653, 3.375062242042042 ], [ 101.711318287183346, 3.375030110134114 ], [ 101.710941845311268, 3.374883661997206 ], [ 101.710941775424203, 3.374883556309937 ], [ 101.710932322790285, 3.374879876928704 ], [ 101.710533017858737, 3.374630523791641 ], [ 101.710200929347948, 3.374394542859857 ], [ 101.709874373675092, 3.373946658396792 ], [ 101.709696169780315, 3.373426751580689 ], [ 101.709567807427078, 3.372780671046348 ], [ 101.709529265076938, 3.372116664329324 ], [ 101.70954925476002, 3.371407607243677 ], [ 101.70954943372611, 3.371349292170393 ], [ 101.709549404130655, 3.37134925831979 ], [ 101.709493329048698, 3.370275629298078 ], [ 101.709290740592834, 3.369630296603721 ], [ 101.708836976089756, 3.368915121640349 ], [ 101.70846778726883, 3.368293439304904 ], [ 101.708316442240019, 3.368038587259226 ], [ 101.707598274400723, 3.367048770106936 ], [ 101.707198328670373, 3.366667914820358 ], [ 101.706916664767689, 3.36609828773262 ], [ 101.706919522444281, 3.364894613281376 ], [ 101.706542683399377, 3.363884469390424 ], [ 101.706238138488018, 3.363508658935199 ], [ 101.705704972279307, 3.363292531718095 ], [ 101.705654550200805, 3.363272092331445 ], [ 101.704723850297853, 3.36320539769503 ], [ 101.704555083207211, 3.363127878300953 ], [ 101.704193718862712, 3.362961893714169 ], [ 101.704193476401414, 3.362961782301204 ], [ 101.704193443512949, 3.362961728630701 ], [ 101.703858604353599, 3.362761188606362 ], [ 101.703441939685746, 3.362398694974074 ], [ 101.703056259252591, 3.362086027045178 ], [ 101.702671186498875, 3.361714572935378 ], [ 101.702339408993637, 3.36145145562825 ], [ 101.702182934282348, 3.361148691505845 ], [ 101.702058039541697, 3.360777909778711 ], [ 101.701799301404108, 3.360212525694744 ], [ 101.701612406733133, 3.359561752188154 ], [ 101.701277456194504, 3.358901601365422 ], [ 101.701072582577723, 3.358178478684595 ], [ 101.70084137667601, 3.357428047252543 ], [ 101.70083425816091, 3.357393454916875 ], [ 101.700686055928955, 3.35667335145527 ], [ 101.700670429056387, 3.35594187055324 ], [ 101.700520320393224, 3.354911691195876 ], [ 101.700460658324573, 3.353900035080616 ], [ 101.700507897441256, 3.353118980536297 ], [ 101.700502499803108, 3.352793478678893 ], [ 101.700492543154766, 3.352193053082108 ], [ 101.70028768721707, 3.35154680385491 ], [ 101.699875667994235, 3.35114813123592 ], [ 101.699412631312441, 3.351214512976163 ], [ 101.698662145986532, 3.351180742383955 ], [ 101.698070523861446, 3.350999974038828 ], [ 101.697798767926997, 3.350807802181266 ], [ 101.697383441467068, 3.350476995655831 ], [ 101.696096923964404, 3.349393941547917 ], [ 101.695367050306942, 3.348601639092238 ], [ 101.69447752225571, 3.347032027637661 ], [ 101.694066665464334, 3.346195257822126 ], [ 101.693602782602952, 3.345015364924731 ], [ 101.693313035774821, 3.344201543165767 ], [ 101.693049940261318, 3.343460160314899 ], [ 101.692737611957014, 3.342800001576468 ], [ 101.692450474150192, 3.342695323968156 ], [ 101.691754172400053, 3.342525966557585 ], [ 101.691260144387101, 3.342470527071917 ], [ 101.690572841248994, 3.342387084871065 ], [ 101.690087786114489, 3.342277379377765 ], [ 101.689989143619471, 3.342219453002985 ], [ 101.6897244356676, 3.3420640050273 ], [ 101.68942455838544, 3.341728885955106 ], [ 101.688919823080596, 3.340684206608136 ], [ 101.688606606648136, 3.340231788713381 ], [ 101.688314809846673, 3.340045714754929 ], [ 101.687699100363943, 3.34021992337683 ], [ 101.687421574048159, 3.340220332593609 ], [ 101.686940231786636, 3.340019100229464 ], [ 101.686250047565295, 3.33939843851179 ], [ 101.685995366464766, 3.338914537205883 ], [ 101.685884397509497, 3.338421925619429 ], [ 101.685880930695461, 3.338083045182251 ], [ 101.686093033022246, 3.337735986082484 ], [ 101.686246901733611, 3.337366146604209 ], [ 101.686320238409749, 3.336973441039505 ], [ 101.686246632654942, 3.336812318035261 ], [ 101.686208694190938, 3.336729270606666 ], [ 101.68482857159087, 3.335215442321449 ], [ 101.683874476608537, 3.334288508141567 ], [ 101.682660161671436, 3.333205602643002 ], [ 101.682212219930889, 3.332748320974245 ], [ 101.681723412013866, 3.332394421575767 ], [ 101.681207075007066, 3.332252970880328 ], [ 101.680650180271215, 3.332206037443915 ], [ 101.680326230805122, 3.332345190512191 ], [ 101.680290817291549, 3.332552259656119 ], [ 101.680252898430695, 3.332773982882161 ], [ 101.680197847797459, 3.333248082607149 ], [ 101.680164190624552, 3.333853136840268 ], [ 101.680068277826891, 3.334457930408563 ], [ 101.679971760672544, 3.335148462245289 ], [ 101.679803688644412, 3.335793785109609 ], [ 101.679653267974587, 3.336425629543968 ], [ 101.679553306404188, 3.336894852610189 ], [ 101.679461713236421, 3.337404954377331 ], [ 101.67933016459466, 3.337910268875992 ], [ 101.679144705784907, 3.338311676498746 ], [ 101.678721651762302, 3.338513612818863 ], [ 101.678335124553996, 3.338593717992802 ], [ 101.67828364037841, 3.338602076926449 ], [ 101.677952621942893, 3.338655826211744 ], [ 101.677574481742667, 3.338880362677846 ], [ 101.677407623078196, 3.339021183179836 ], [ 101.677268510938731, 3.33911899842492 ], [ 101.677088288049546, 3.339215254126209 ], [ 101.676896652630717, 3.339317605567059 ], [ 101.676822887975106, 3.339357003722735 ], [ 101.676822851823118, 3.339357022728279 ], [ 101.676736116596658, 3.339283870706771 ], [ 101.676688411486921, 3.339243632838141 ], [ 101.676654227426468, 3.338843815506938 ], [ 101.676453468988214, 3.338231278362426 ], [ 101.676086652367601, 3.337634250042512 ], [ 101.675705925665582, 3.33719956530098 ], [ 101.67471006321199, 3.336654735767211 ], [ 101.674579201416464, 3.336566853016974 ], [ 101.674163024655854, 3.336287365616478 ], [ 101.673832153661053, 3.335780681348074 ], [ 101.673725816672317, 3.3355700725532 ], [ 101.673407381557141, 3.334939380644021 ], [ 101.672986687265791, 3.33441435148124 ], [ 101.672718357105296, 3.334210687906741 ], [ 101.671807717780425, 3.333480472024083 ], [ 101.671575947815214, 3.332892644896473 ], [ 101.671434278246124, 3.332115600584479 ], [ 101.671362884519937, 3.331646869993764 ], [ 101.671352131046191, 3.331597885985026 ], [ 101.671265951083697, 3.331205334261612 ], [ 101.671155316679688, 3.330818815900107 ], [ 101.671047258211104, 3.330595687881889 ], [ 101.670963343044448, 3.330508763097392 ], [ 101.670528310633671, 3.330058129097811 ], [ 101.669806854532837, 3.329383196258496 ], [ 101.669493354136549, 3.329011896048096 ], [ 101.669236520532522, 3.328562446769532 ], [ 101.669108887514682, 3.328387734714665 ], [ 101.668411224989555, 3.328987759675326 ], [ 101.668036762157413, 3.329292314524906 ], [ 101.667347994179096, 3.329673811916481 ], [ 101.66673602260478, 3.329961058204466 ], [ 101.666214182042097, 3.330253174432698 ], [ 101.665556999634831, 3.330603373782612 ], [ 101.664905058767246, 3.33080009294737 ], [ 101.664346668850186, 3.331092122732151 ], [ 101.664218050915508, 3.330558722983187 ], [ 101.66407421941804, 3.330426075355774 ], [ 101.664074188195755, 3.330426091055983 ], [ 101.663761142233255, 3.330137339119571 ], [ 101.663525978795235, 3.329862682667655 ], [ 101.663408313475998, 3.329764570329399 ], [ 101.662958839658543, 3.329389789287799 ], [ 101.662361671884867, 3.329266248218885 ], [ 101.662051343707944, 3.329369216968235 ], [ 101.661537578938194, 3.329828283413918 ], [ 101.661137441006431, 3.330003075247469 ], [ 101.660629493516254, 3.330015091051148 ], [ 101.659988759684154, 3.330048434938907 ], [ 101.659988710376425, 3.330048425867958 ], [ 101.659713554947459, 3.330108122794774 ], [ 101.659348186903614, 3.330187392774749 ], [ 101.659153199839011, 3.330219014405491 ], [ 101.658664950669532, 3.330298194889584 ], [ 101.657859712542745, 3.330621187900133 ], [ 101.65753287556015, 3.330788987938444 ], [ 101.657489345052383, 3.330811337085803 ], [ 101.65725672301437, 3.330930766629836 ], [ 101.656783531900217, 3.331408092874972 ], [ 101.656592478034668, 3.331725025433302 ], [ 101.656673193736751, 3.332043045034159 ], [ 101.656872009025591, 3.33282637160178 ], [ 101.656055027516985, 3.333312609180614 ], [ 101.655983494060422, 3.333344830058343 ], [ 101.655410766116134, 3.333602807626372 ], [ 101.655353850726485, 3.333628443977049 ], [ 101.654960826400838, 3.333747250117701 ], [ 101.654571384206861, 3.333796248669766 ], [ 101.65451823557072, 3.333802935245621 ], [ 101.654044062750799, 3.333928626785724 ], [ 101.653463368658635, 3.334229607542979 ], [ 101.652963816157225, 3.334481014073591 ], [ 101.652913770123362, 3.334523552304258 ], [ 101.652540470862164, 3.334840848721766 ], [ 101.65218029234201, 3.335074509158276 ], [ 101.651672055429472, 3.335244791589791 ], [ 101.651064710936552, 3.335455243233106 ], [ 101.650772340201073, 3.335540118168699 ], [ 101.65040811628505, 3.335642910396133 ], [ 101.649700198181691, 3.335280321546062 ], [ 101.649700152166275, 3.335280333120495 ], [ 101.649264213942146, 3.335057014486539 ], [ 101.648749649244309, 3.334269527172451 ], [ 101.648446036307035, 3.333677182619729 ], [ 101.648088242739433, 3.333241397208523 ], [ 101.646591749918713, 3.331720750948377 ], [ 101.645521665305225, 3.329984638074468 ], [ 101.645423960506548, 3.32982611999168 ], [ 101.64537950852484, 3.329771959588486 ], [ 101.645045641646078, 3.329365174373937 ], [ 101.644568280740316, 3.329163358192043 ], [ 101.644423163083147, 3.3291213311604 ], [ 101.644047613615072, 3.329012572685865 ], [ 101.643545204736157, 3.328744754112961 ], [ 101.643206539465766, 3.328390594592657 ], [ 101.643025414496194, 3.328201183896108 ], [ 101.642556502089633, 3.32725274209445 ], [ 101.642101245507703, 3.326206904253494 ], [ 101.641954677998285, 3.325687430948803 ], [ 101.64177276597826, 3.324891936598567 ], [ 101.641504186092533, 3.324507145823032 ], [ 101.641336144027846, 3.324319264174552 ], [ 101.64119213389867, 3.324166270110673 ], [ 101.640868541346876, 3.323796454664434 ], [ 101.640474806512245, 3.32320366583854 ], [ 101.639876264413289, 3.32197817888566 ], [ 101.639693721362178, 3.321677960946723 ], [ 101.639482834497898, 3.321331125747419 ], [ 101.638291628774994, 3.32144608681622 ], [ 101.638254490732436, 3.321449308850775 ], [ 101.63786363751214, 3.32157407679409 ], [ 101.637439948636441, 3.321796747261692 ], [ 101.637299050638049, 3.321870795545378 ], [ 101.636776450464794, 3.322338323704054 ], [ 101.636747806620804, 3.322363949373357 ], [ 101.635890261141668, 3.322982402231845 ], [ 101.635414866940025, 3.323222039965384 ], [ 101.635104861933982, 3.32344257424031 ], [ 101.634323165931093, 3.323807419623711 ], [ 101.63342254542421, 3.324250782119087 ], [ 101.632811487598246, 3.324460951507127 ], [ 101.632139301404806, 3.324524185420066 ], [ 101.632009430182876, 3.324536399090318 ], [ 101.631444058131251, 3.324458043872336 ], [ 101.630612091531177, 3.324152216918959 ], [ 101.630426826494002, 3.324053920357546 ], [ 101.630133866903435, 3.323937533892191 ], [ 101.629779482428134, 3.323732771214766 ], [ 101.62977944709256, 3.323732769571662 ], [ 101.629133083478109, 3.323359282728612 ], [ 101.628677469613578, 3.323262384714426 ], [ 101.62844608861198, 3.323110290280173 ], [ 101.628018279547973, 3.322404901815705 ], [ 101.627935077371816, 3.322380036917124 ], [ 101.627823766947444, 3.322346771480146 ], [ 101.627674178721819, 3.322416247711968 ], [ 101.627543121564216, 3.32259812028498 ], [ 101.627543063211206, 3.322598083135031 ], [ 101.627463910855752, 3.322707853783633 ], [ 101.627008765522206, 3.323971729505329 ], [ 101.626966027389855, 3.324006915284305 ], [ 101.626335494493375, 3.32388667151472 ], [ 101.625994404703107, 3.323821624014854 ], [ 101.625831496564473, 3.323826256735953 ], [ 101.625154438434265, 3.323845507007134 ], [ 101.625128191277241, 3.323860699400486 ], [ 101.625116990317352, 3.32385158366131 ], [ 101.624160245143514, 3.324006878152523 ], [ 101.623614828873514, 3.324058671503761 ], [ 101.621512124603385, 3.323564872749703 ], [ 101.621473290485866, 3.32356521144909 ], [ 101.621241555591297, 3.323501333109016 ], [ 101.620605466834547, 3.323351953512793 ], [ 101.620180461229495, 3.323275226082862 ], [ 101.61921973676165, 3.322933170316317 ], [ 101.619016037666469, 3.322939987610954 ], [ 101.617061905257771, 3.323005384769059 ], [ 101.617029072561863, 3.323006483352884 ], [ 101.615641648032948, 3.322960882207405 ], [ 101.615023919734256, 3.322940579047939 ], [ 101.614201646584135, 3.323314370693394 ], [ 101.613822876226251, 3.323513199724505 ], [ 101.613093551004269, 3.324229476716625 ], [ 101.61233323366362, 3.324742716711929 ], [ 101.610568152811524, 3.325072009816522 ], [ 101.610190932624036, 3.325308098814638 ], [ 101.609645575618089, 3.325984471434876 ], [ 101.609300872911049, 3.326182208479374 ], [ 101.60895747921883, 3.326228308665355 ], [ 101.608732537363579, 3.326258506552263 ], [ 101.608674893332392, 3.326236889057541 ], [ 101.608112900114136, 3.326038662447091 ], [ 101.60786564757322, 3.325933426642202 ], [ 101.607375898063069, 3.32574972811008 ], [ 101.606530541898238, 3.325771658208044 ], [ 101.606177280632323, 3.325834514590796 ], [ 101.605945161614727, 3.325866867526304 ], [ 101.605616625673036, 3.325920776115827 ], [ 101.605305943986664, 3.325967502516287 ], [ 101.605002408516768, 3.326032172634104 ], [ 101.604731021346907, 3.326132726374496 ], [ 101.604552486148037, 3.326240437841901 ], [ 101.604302537584005, 3.326394822922342 ], [ 101.603584783129079, 3.326631858950979 ], [ 101.602042162601336, 3.327220803198197 ], [ 101.60140293680233, 3.327289134032499 ], [ 101.600556545234923, 3.327181644268599 ], [ 101.599485182773762, 3.327135216295349 ], [ 101.598767389479846, 3.327196384090054 ], [ 101.598285304274555, 3.327307748293799 ], [ 101.597510396093909, 3.327483777852154 ], [ 101.596803346013701, 3.327688505096326 ], [ 101.593728582557645, 3.327786055653807 ], [ 101.592446501912619, 3.327649936916337 ], [ 101.591525130944476, 3.327614236443334 ], [ 101.591000183295336, 3.327689715168415 ], [ 101.590868093543108, 3.327905087103182 ], [ 101.591004208966339, 3.329922121939417 ], [ 101.591054339366892, 3.330578913197238 ], [ 101.590997263972895, 3.33089117486689 ], [ 101.59066880441128, 3.331332699191918 ], [ 101.590472507112707, 3.331914170405493 ], [ 101.590390463758325, 3.332377178517075 ], [ 101.590551472629315, 3.333877380701342 ], [ 101.589701808625748, 3.335266528736554 ], [ 101.589480470978231, 3.335647016457263 ], [ 101.589019937706112, 3.336400817256097 ], [ 101.588373803457671, 3.337664304966078 ], [ 101.588002605200643, 3.338698035390902 ], [ 101.587867050493188, 3.339451769655946 ], [ 101.587906403203192, 3.339796313307574 ], [ 101.588177909232897, 3.340259249374824 ], [ 101.588370817479571, 3.340567870942442 ], [ 101.588685154014257, 3.340908769412208 ], [ 101.590306727608407, 3.342074887913412 ], [ 101.590588913999568, 3.342365545202612 ], [ 101.590635390523104, 3.342613182063965 ], [ 101.59059974485352, 3.342939795581936 ], [ 101.590299833024275, 3.343291587073153 ], [ 101.589885632721916, 3.343600333018105 ], [ 101.589467825238344, 3.343733214670565 ], [ 101.588064445636917, 3.344307754017047 ], [ 101.587150291771479, 3.34472068383075 ], [ 101.586296789426413, 3.344839296066186 ], [ 101.584786130439355, 3.344713981961156 ], [ 101.583993276512729, 3.344516741004649 ], [ 101.583075409859788, 3.344219029956645 ], [ 101.582575381149439, 3.343935591715388 ], [ 101.582203906649497, 3.343598291604487 ], [ 101.581557266993116, 3.342335062708995 ], [ 101.581160656717302, 3.341287129058912 ], [ 101.580899877787431, 3.340878024989798 ], [ 101.580092774081564, 3.340842292078579 ], [ 101.579510637514375, 3.340702431380594 ], [ 101.578882046259466, 3.340411837915981 ], [ 101.578492729310057, 3.340131964987884 ], [ 101.578164105492675, 3.339758764043253 ], [ 101.577885498192273, 3.33948604761462 ], [ 101.577574782241967, 3.339382024126174 ], [ 101.576803424101527, 3.339514968393507 ], [ 101.576053531089684, 3.339848896562749 ], [ 101.575253618159905, 3.340064393986228 ], [ 101.574882203681838, 3.340024984665493 ], [ 101.574107174036811, 3.33962674334069 ], [ 101.5734750225553, 3.339382805015724 ], [ 101.573010748696944, 3.339300343460758 ], [ 101.572442936200346, 3.339361464396189 ], [ 101.571568051103512, 3.339706179862206 ], [ 101.570925251235323, 3.339813971993824 ], [ 101.569882400280335, 3.339516271276482 ], [ 101.568311057093595, 3.339480669427444 ], [ 101.567971802271927, 3.339541745912222 ], [ 101.567836135505402, 3.339760704807652 ], [ 101.567697148489671, 3.341368639692807 ], [ 101.567572222347323, 3.341738338113298 ], [ 101.567382977072029, 3.341903470477565 ], [ 101.564868896173763, 3.342262833954119 ], [ 101.563633282423012, 3.34244250947985 ], [ 101.562004837217486, 3.34264737660244 ], [ 101.561733463183174, 3.342873536888745 ], [ 101.561579963528274, 3.343236061536087 ], [ 101.561369378499549, 3.343910846594079 ], [ 101.561101633384155, 3.344470790964031 ], [ 101.560840983619855, 3.344761552668441 ], [ 101.56060886308336, 3.344819018792501 ], [ 101.55950172263627, 3.344492605751056 ], [ 101.558098150632119, 3.344051391987785 ], [ 101.557176745435413, 3.343897220194917 ], [ 101.556212504540369, 3.343854316498175 ], [ 101.555726835302252, 3.343965661068992 ], [ 101.554712618779234, 3.344051971504201 ], [ 101.554294811779158, 3.344217140164531 ], [ 101.553996549995588, 3.345460061036474 ], [ 101.553908220120817, 3.34581546724471 ], [ 101.553488571204497, 3.346641573616998 ], [ 101.55319309629769, 3.346838657602353 ], [ 101.55281253491566, 3.346958528388896 ], [ 101.552451921644746, 3.347072116582362 ], [ 101.552255556299102, 3.347158134352364 ], [ 101.552169141772509, 3.347178939313904 ], [ 101.551930036886347, 3.347254107230456 ], [ 101.549738721651224, 3.347717976944432 ], [ 101.548262621449837, 3.347818713125259 ], [ 101.546229453969516, 3.348221020224032 ], [ 101.545843764161944, 3.348254580376258 ], [ 101.54411059508935, 3.348752543923072 ], [ 101.542834497892343, 3.348948949211776 ], [ 101.541625041393246, 3.349001778928751 ], [ 101.540577480153388, 3.349045011136863 ], [ 101.540274507021408, 3.349034079397815 ], [ 101.539313848715622, 3.348961308882671 ], [ 101.538806099311941, 3.34892284751202 ], [ 101.538530678099704, 3.348905432405503 ], [ 101.537822164548288, 3.348860633752505 ], [ 101.536838675585926, 3.348630284281159 ], [ 101.536838553138338, 3.348630257871739 ], [ 101.535341933258792, 3.348395950831188 ], [ 101.534889607027878, 3.348325124671601 ], [ 101.534889123817962, 3.348325059499774 ], [ 101.534555276105905, 3.348281345430896 ], [ 101.534364005648385, 3.34825630038759 ], [ 101.534242156761039, 3.348249024395716 ], [ 101.533478443065846, 3.348203419757222 ], [ 101.533201275194671, 3.348186868081684 ], [ 101.532691778133682, 3.348281128276404 ], [ 101.532609692181168, 3.348296314951567 ], [ 101.532410298587891, 3.348322190789415 ], [ 101.531785810119132, 3.348403232765636 ], [ 101.530866222695565, 3.348593900792505 ], [ 101.529125226891466, 3.348651181994468 ], [ 101.528192414437655, 3.348524706422777 ], [ 101.528021242457342, 3.348529352148661 ], [ 101.526458975096517, 3.347994300530575 ], [ 101.524682823872553, 3.347635639758626 ], [ 101.524087543635957, 3.347109322270303 ], [ 101.523320799345967, 3.346252831604649 ], [ 101.522639892498646, 3.346329492207344 ], [ 101.522287545870228, 3.346449176684281 ], [ 101.521930481960453, 3.346899058057148 ], [ 101.521868682140337, 3.347655168306143 ], [ 101.521715221848851, 3.347949976953148 ], [ 101.521715170077513, 3.347949977786069 ], [ 101.52159947387652, 3.348168759292677 ], [ 101.521590710293083, 3.34818533247227 ], [ 101.521437704640235, 3.348365492891124 ], [ 101.521218417398856, 3.348612489518315 ], [ 101.52082754009453, 3.348942964680617 ], [ 101.519236618637294, 3.349123563070309 ], [ 101.518930439168301, 3.349158320297549 ], [ 101.518552258256889, 3.34925880261957 ], [ 101.517802531337793, 3.349677926562635 ], [ 101.517447451312194, 3.349866935687242 ], [ 101.516996481195434, 3.349596609455726 ], [ 101.516656582094214, 3.349557430700074 ], [ 101.5166564941633, 3.349557419149385 ], [ 101.515704480340929, 3.34940686401695 ], [ 101.515606216011278, 3.349391324721546 ], [ 101.515488510663843, 3.349334161391619 ], [ 101.515146356973574, 3.349167996786771 ], [ 101.51439133031954, 3.348682260212412 ], [ 101.514015007574415, 3.348546146539536 ], [ 101.51393621082714, 3.348554621006584 ], [ 101.513463737008237, 3.348619868408687 ], [ 101.512951315872513, 3.348840362741433 ], [ 101.512423438905699, 3.349266412297909 ], [ 101.512070756803496, 3.349959559510272 ], [ 101.512070684487384, 3.349959557041735 ], [ 101.511400567330156, 3.351294744059901 ], [ 101.511079065382432, 3.351863618532163 ], [ 101.510923889584262, 3.35213141449125 ], [ 101.510665882218774, 3.352354260999929 ], [ 101.510314335622112, 3.352530258963661 ], [ 101.509769826670308, 3.35265172096554 ], [ 101.509111955612397, 3.352799770791633 ], [ 101.508957399309182, 3.352829072836286 ], [ 101.508785640955821, 3.352818900169979 ], [ 101.508497756219668, 3.352801848954498 ], [ 101.508178423457224, 3.352577372384906 ], [ 101.507528609872622, 3.351619869870537 ], [ 101.506731983703688, 3.350955304107281 ], [ 101.506390350677819, 3.350771797930416 ], [ 101.505840268610015, 3.350536647404772 ], [ 101.505550050832667, 3.350457599644294 ], [ 101.505288637668912, 3.350467908822835 ], [ 101.505002313967097, 3.350546470342827 ], [ 101.504464045762532, 3.350694160059419 ], [ 101.504076655524287, 3.350800452089421 ], [ 101.503774773799464, 3.350866469455462 ], [ 101.50334623137779, 3.350943087064759 ], [ 101.502639195033908, 3.351579635504848 ], [ 101.502042817088636, 3.351780693983324 ], [ 101.50130009146396, 3.352634983957497 ], [ 101.500178858922951, 3.353923596912138 ], [ 101.499746790700001, 3.354418940962426 ], [ 101.499336148899303, 3.354907104219417 ], [ 101.498582720797728, 3.355904957175846 ], [ 101.498575692490036, 3.356931438692633 ], [ 101.498400781813075, 3.357670811584533 ], [ 101.49846869453124, 3.358194811586387 ], [ 101.498393723033587, 3.3584245219811 ], [ 101.497422406986502, 3.359099380133924 ], [ 101.497411709727643, 3.359250123246894 ], [ 101.497918821165769, 3.359142393866027 ], [ 101.498393785290986, 3.358984420529544 ], [ 101.498761629794217, 3.358998735518388 ], [ 101.498872358636589, 3.359167410414905 ], [ 101.497968901547566, 3.359885330576243 ], [ 101.497551113682675, 3.360369904836005 ], [ 101.497029809067399, 3.361321072545904 ], [ 101.496722704115356, 3.361565164927533 ], [ 101.496754885551809, 3.361927659785803 ], [ 101.496583492175787, 3.362193271650754 ], [ 101.495924644107646, 3.362281577307636 ], [ 101.494910271578533, 3.363463680905651 ], [ 101.494070530022839, 3.364442271598503 ], [ 101.493819593308828, 3.364900946148177 ], [ 101.494126757248452, 3.365191629546715 ], [ 101.494237504876281, 3.365536170522296 ], [ 101.494274167308262, 3.365672194143275 ], [ 101.494269662865861, 3.365686908958272 ], [ 101.49437341975657, 3.366245311483126 ], [ 101.494478231474162, 3.36669393751023 ], [ 101.494499162094655, 3.36678352859484 ], [ 101.494252521528736, 3.366844860838992 ], [ 101.494043847196778, 3.366896752474538 ], [ 101.493671541945545, 3.367037290442213 ], [ 101.493373467828306, 3.367614348699774 ], [ 101.492127159923598, 3.368407671419576 ], [ 101.491612894061632, 3.368454384097049 ], [ 101.490616521218868, 3.368712903574329 ], [ 101.489366576682428, 3.368903255502781 ], [ 101.488577328849374, 3.3690540786772 ], [ 101.488280893454828, 3.368903367090539 ], [ 101.487795179688973, 3.368770620150233 ], [ 101.487623757127153, 3.368781404853013 ], [ 101.487595202031358, 3.368935738784706 ], [ 101.487184524629086, 3.369187016954841 ], [ 101.48712022027064, 3.368982445106338 ], [ 101.487138041716051, 3.368630712109851 ], [ 101.486798740756626, 3.368379509759391 ], [ 101.486180906951063, 3.368433408174658 ], [ 101.486041612862962, 3.368307803810666 ], [ 101.485834457637495, 3.368121191593571 ], [ 101.4854701798116, 3.368092515082791 ], [ 101.485257202635921, 3.368227390393659 ], [ 101.484796925083543, 3.368536233797141 ], [ 101.484143061664255, 3.368829786728571 ], [ 101.483789955883509, 3.369001796477005 ], [ 101.483555166609108, 3.369309198422123 ], [ 101.482743653758575, 3.369359639768997 ], [ 101.48237258854256, 3.369336565884994 ], [ 101.482163512560447, 3.369454676161874 ], [ 101.481889074090361, 3.369790022520435 ], [ 101.4815180194948, 3.369462885952156 ], [ 101.481194032024263, 3.369527812361571 ], [ 101.481174043277477, 3.369855177553625 ], [ 101.481177653065956, 3.370264333968209 ], [ 101.481024128595266, 3.370720163513303 ], [ 101.480224171701863, 3.370953530149366 ], [ 101.480034933332576, 3.37140936290236 ], [ 101.479742116710142, 3.371764710666736 ], [ 101.479495704740316, 3.371875995601166 ], [ 101.479560045852622, 3.372493313830371 ], [ 101.479510072956543, 3.372773267851511 ], [ 101.479063648793698, 3.37270152750705 ], [ 101.478724396445372, 3.372974330113243 ], [ 101.479756668024933, 3.374635984723737 ], [ 101.480163941636945, 3.376139776935218 ], [ 101.479842684128201, 3.377909230430607 ], [ 101.479517828928422, 3.379405912991705 ], [ 101.478771558689033, 3.38098518375866 ], [ 101.478539538636909, 3.382284457194638 ], [ 101.477607642802781, 3.38485433408791 ], [ 101.476900636286103, 3.386272090612364 ], [ 101.476786463847446, 3.387517516451343 ], [ 101.472543657388655, 3.38763633276873 ], [ 101.472104420148341, 3.388156789269395 ], [ 101.471822317893157, 3.388605450236115 ], [ 101.470868846704604, 3.389703794270183 ], [ 101.470336774805432, 3.39050779627358 ], [ 101.469808300829115, 3.391641994324033 ], [ 101.469847620278856, 3.392051147725986 ], [ 101.469972647702107, 3.392388512057052 ], [ 101.469683423643104, 3.393117122322401 ], [ 101.469319215376601, 3.394039549808606 ], [ 101.468522909847778, 3.395518322415766 ], [ 101.468290764961878, 3.395489628790224 ], [ 101.467547891747415, 3.395277933079261 ], [ 101.467094310672408, 3.395148762553667 ], [ 101.466887163289499, 3.395087764716633 ], [ 101.466494310273035, 3.395130865501593 ], [ 101.466137189077727, 3.395396487089428 ], [ 101.465969349773204, 3.395619024325664 ], [ 101.465458675583307, 3.396121538112753 ], [ 101.464983717671799, 3.396656350665013 ], [ 101.464373058250644, 3.397363450120035 ], [ 101.4640373196968, 3.397051225156092 ], [ 101.463801579973733, 3.396721046841323 ], [ 101.463515830543415, 3.396261664946142 ], [ 101.463422966318589, 3.396168355676484 ], [ 101.463308671912756, 3.396053513485335 ], [ 101.463087227125499, 3.395838184887031 ], [ 101.462551525581418, 3.395999735147994 ], [ 101.462151541830337, 3.396211522141305 ], [ 101.462058699561553, 3.396408929361023 ], [ 101.462151587417722, 3.396818079043885 ], [ 101.462573056150077, 3.397349232876245 ], [ 101.462780236678555, 3.397844512003959 ], [ 101.462869604797476, 3.398928411519779 ], [ 101.462826769902065, 3.39922272050205 ], [ 101.462394641955399, 3.399434510073804 ], [ 101.462126788138718, 3.399488366861075 ], [ 101.461858925687523, 3.399427372569511 ], [ 101.461544627615751, 3.399273065258944 ], [ 101.461116038602739, 3.399050573622234 ], [ 101.460616025824464, 3.398892690796073 ], [ 101.460344597199168, 3.398899889129164 ], [ 101.460128296572449, 3.3990279161505 ], [ 101.460402780097553, 3.420325045239301 ], [ 101.460418470776446, 3.422019332106081 ], [ 101.460419763145737, 3.422158823027122 ], [ 101.460506647419024, 3.434851342830058 ], [ 101.460519033242136, 3.436662498048886 ], [ 101.460541907476482, 3.440007212307381 ], [ 101.460558892081451, 3.443023331301029 ], [ 101.460578835428578, 3.446565060048718 ], [ 101.460589952904442, 3.448539268860862 ], [ 101.460648622998065, 3.449721052907177 ], [ 101.460703805152747, 3.449901413828209 ], [ 101.461335500016162, 3.451966060586475 ], [ 101.462503859663116, 3.45597450553221 ], [ 101.462505301457654, 3.456480395244097 ], [ 101.465190913280409, 3.466216005411143 ], [ 101.46762351522753, 3.474786276426153 ], [ 101.46998193866456, 3.483137332647109 ], [ 101.469965074311091, 3.483155197737284 ], [ 101.467256614508457, 3.486024447138199 ], [ 101.462847279789443, 3.49069548736558 ], [ 101.457096346763365, 3.496781793860681 ], [ 101.454462923151397, 3.499447476968598 ], [ 101.445905393993172, 3.50825804908505 ], [ 101.442476624952036, 3.51181862596696 ], [ 101.43855732178767, 3.515924757733118 ], [ 101.436547654004556, 3.518035245410958 ], [ 101.434885620422662, 3.519719806762455 ], [ 101.432966420150706, 3.52173935874929 ], [ 101.431337715076666, 3.523505264832418 ], [ 101.430047123758996, 3.52479260834825 ], [ 101.428204094264714, 3.526587231072539 ], [ 101.426742048072143, 3.528018140669789 ], [ 101.426070552424335, 3.528659417782448 ], [ 101.423403619052493, 3.531444651284324 ], [ 101.419866336395756, 3.535146319740609 ], [ 101.408805451747085, 3.546775259629483 ], [ 101.40535257969006, 3.54983801310985 ], [ 101.402364041395131, 3.552511929426827 ], [ 101.399375485463835, 3.555143963291203 ], [ 101.396130918497732, 3.557997316225218 ], [ 101.392838704476702, 3.560892530412656 ], [ 101.387313930210539, 3.565755745490689 ], [ 101.383795428608323, 3.568818416864033 ], [ 101.381229467749137, 3.571049612133515 ], [ 101.378675401469607, 3.573280800211095 ], [ 101.375115167336673, 3.576385309755579 ], [ 101.372555118274633, 3.578598534873607 ], [ 101.369471135045757, 3.581302249507987 ], [ 101.368345893799841, 3.582271276923312 ], [ 101.367970810661376, 3.582689994614253 ], [ 101.364827264693261, 3.585387709974271 ], [ 101.360999017231649, 3.588761337110455 ], [ 101.358045952064387, 3.591261634796263 ], [ 101.353634178721805, 3.595173572186535 ], [ 101.349442661179381, 3.598894677654605 ], [ 101.348613417407989, 3.610085034204559 ], [ 101.346185027740987, 3.63594407821313 ], [ 101.345799124283616, 3.637848663501573 ], [ 101.345379876269035, 3.639772388647303 ], [ 101.344851051581202, 3.642155509961442 ], [ 101.344365103616909, 3.644313717462202 ], [ 101.34375528102936, 3.647065312310251 ], [ 101.343255035925608, 3.649266587101593 ], [ 101.342773842835342, 3.651434364416669 ], [ 101.342254512392373, 3.654166820628444 ], [ 101.341806647942178, 3.656502089069408 ], [ 101.341735159358549, 3.657267754767297 ], [ 101.342011390246824, 3.657966442755015 ], [ 101.343068793017807, 3.65865560036666 ], [ 101.34413573437935, 3.65913419811352 ], [ 101.344454856067287, 3.659445267339241 ], [ 101.344759685655106, 3.659808975517997 ], [ 101.345255041121987, 3.660258830780166 ], [ 101.345707514713069, 3.660981453430445 ], [ 101.345993248816328, 3.662254392723492 ], [ 101.345888336409999, 3.664771525845412 ], [ 101.34545002136413, 3.666714390532425 ], [ 101.345440449293307, 3.667652335011764 ], [ 101.345649998014338, 3.668394087417253 ], [ 101.345940518461617, 3.669231552355599 ], [ 101.346154821644689, 3.670174293047776 ], [ 101.346183370137709, 3.670829898758334 ], [ 101.346111882156293, 3.671633848057428 ], [ 101.345959406041459, 3.67268185048985 ], [ 101.345930792137182, 3.673390093158855 ], [ 101.345845015583691, 3.674155758230549 ], [ 101.345887864966301, 3.674581663819787 ], [ 101.346397488741431, 3.675667981630025 ], [ 101.347169119652307, 3.676270982846252 ], [ 101.347810397200931, 3.676740308259091 ], [ 101.348246218834703, 3.677253566028752 ], [ 101.348560576960168, 3.677741694533017 ], [ 101.348870152123979, 3.678674867922142 ], [ 101.348979655506085, 3.679871230954269 ], [ 101.348941478394309, 3.681440850983379 ], [ 101.34854128893808, 3.682929102144617 ], [ 101.348036335050082, 3.683737816909642 ], [ 101.347317028376622, 3.684546521294561 ], [ 101.347035971955293, 3.684914986250282 ], [ 101.346990931044957, 3.685083963445735 ], [ 101.347287433537517, 3.685464419280178 ], [ 101.348516352139285, 3.686200236461784 ], [ 101.349027206872208, 3.686605825015882 ], [ 101.349220112320566, 3.686867836088687 ], [ 101.349055764543735, 3.687111885688717 ], [ 101.347358707107148, 3.68926166242176 ], [ 101.346547694728557, 3.690176837539538 ], [ 101.345375844675488, 3.691249913355294 ], [ 101.344754183639367, 3.691974875205164 ], [ 101.343918147986955, 3.693091034628007 ], [ 101.342828463917485, 3.694088740581501 ], [ 101.34195314713989, 3.694795741704719 ], [ 101.341706634908093, 3.694885455352065 ], [ 101.341356526651452, 3.694813655078318 ], [ 101.341020720717452, 3.694519332941277 ], [ 101.340727773400488, 3.694454713669721 ], [ 101.340087781456575, 3.694811524680555 ], [ 101.339762734213451, 3.694848451079825 ], [ 101.339807609934937, 3.694990177806391 ], [ 101.339742522371424, 3.695405168005579 ], [ 101.339621940257587, 3.696034793712727 ], [ 101.339689676918283, 3.696342772624142 ], [ 101.340253814025033, 3.696987956138954 ], [ 101.341014564974358, 3.697837486724531 ], [ 101.341485188932666, 3.698616362780051 ], [ 101.34182814518006, 3.69947146119806 ], [ 101.342079607385216, 3.699965377795166 ], [ 101.342469339314135, 3.700223419171075 ], [ 101.342962786434128, 3.70051454683959 ], [ 101.343183175991925, 3.700765313041193 ], [ 101.343307685984854, 3.701092675298969 ], [ 101.34362755304906, 3.701860092515406 ], [ 101.344437557714585, 3.702896298991736 ], [ 101.345127511836537, 3.703810910074549 ], [ 101.345524167107072, 3.704680296420206 ], [ 101.345758131623413, 3.705289474428478 ], [ 101.345859705485836, 3.705953946954772 ], [ 101.346227815489982, 3.70629501691377 ], [ 101.34669672563686, 3.706704211784648 ], [ 101.346711872913318, 3.707196877666735 ], [ 101.346525214124966, 3.707909972488458 ], [ 101.34642339494323, 3.708283594324038 ], [ 101.346573571204772, 3.708589834891074 ], [ 101.346807334861396, 3.708981389307533 ], [ 101.346871315142664, 3.709228310069075 ], [ 101.346873372575871, 3.709389414219124 ], [ 101.34658739848156, 3.709626275587779 ], [ 101.346334800957393, 3.709897430241336 ], [ 101.346333948539453, 3.710186274812564 ], [ 101.346785730168804, 3.710680491248552 ], [ 101.346868716874056, 3.710969579341753 ], [ 101.346826336920415, 3.711412335113707 ], [ 101.346746873760637, 3.711932141081775 ], [ 101.346622152724905, 3.71224804177216 ], [ 101.346309907216224, 3.712615964787591 ], [ 101.345990900370879, 3.712700111124068 ], [ 101.345533521507022, 3.712673062032165 ], [ 101.344948096704712, 3.712658076376796 ], [ 101.344544249051637, 3.712795392369587 ], [ 101.34420538165233, 3.713031531742134 ], [ 101.344107136204613, 3.713241804686088 ], [ 101.344405215972984, 3.713670854160037 ], [ 101.344676782612908, 3.714218247652783 ], [ 101.344706611495582, 3.714692586517445 ], [ 101.344555908777124, 3.715041194960933 ], [ 101.344267765642456, 3.715725167138187 ], [ 101.344217510795318, 3.716642718836821 ], [ 101.344054882661098, 3.716837542227965 ], [ 101.34363120180447, 3.717211640968299 ], [ 101.343622175843876, 3.717600511891782 ], [ 101.343646432123919, 3.717865689103762 ], [ 101.343666002569847, 3.718193313366905 ], [ 101.34349641129711, 3.718364093570926 ], [ 101.343229642209408, 3.718383101120513 ], [ 101.342845680774928, 3.718454337024355 ], [ 101.342578386050292, 3.71865111688003 ], [ 101.34247512548724, 3.719129872890467 ], [ 101.342341130373967, 3.719631432806531 ], [ 101.342034718714316, 3.719927018248987 ], [ 101.34164203945889, 3.72028170557467 ], [ 101.341471376486993, 3.720814529945768 ], [ 101.34115105904786, 3.72134041790175 ], [ 101.340724981865989, 3.721951917790944 ], [ 101.340429775590948, 3.722833426189758 ], [ 101.340279528753555, 3.723311763032006 ], [ 101.340254379421268, 3.723633886190645 ], [ 101.340581773445223, 3.723854725287529 ], [ 101.340828031750917, 3.72411235311108 ], [ 101.340886001403831, 3.724488419202993 ], [ 101.340682938128182, 3.724750673568746 ], [ 101.340395876127772, 3.725065816853821 ], [ 101.340225698166407, 3.725434152540326 ], [ 101.340281803970953, 3.725869283075522 ], [ 101.340508085886157, 3.726317627042621 ], [ 101.34070205106994, 3.726752876661764 ], [ 101.340731570211105, 3.726950237925222 ], [ 101.34074275140523, 3.727165070266804 ], [ 101.340717042016436, 3.72729613512995 ], [ 101.340584852209687, 3.727471544940907 ], [ 101.340407481155054, 3.727513140754928 ], [ 101.340221844631884, 3.727495641822628 ], [ 101.339927607445929, 3.727478390311772 ], [ 101.339776665015123, 3.72752571488227 ], [ 101.339685545512637, 3.727703222918665 ], [ 101.339705868594578, 3.728250736563192 ], [ 101.339781973235915, 3.728678294180895 ], [ 101.339781790818606, 3.729119196025589 ], [ 101.339688424013161, 3.72939081337753 ], [ 101.3395870720598, 3.729603338497489 ], [ 101.339434868042787, 3.729886654233598 ], [ 101.339287496396466, 3.730153026682172 ], [ 101.339108887753056, 3.730611496975437 ], [ 101.338980181868152, 3.73122499398541 ], [ 101.338944097608518, 3.731724012635997 ], [ 101.338918899675619, 3.732251609453281 ], [ 101.338878506262489, 3.73268532801928 ], [ 101.338796957862527, 3.733050247664234 ], [ 101.338700101633918, 3.733359163404582 ], [ 101.3385482469089, 3.733713986023093 ], [ 101.338434784278775, 3.733930431505855 ], [ 101.338340853735261, 3.734296163858449 ], [ 101.338353394955021, 3.734526259979962 ], [ 101.338366935393537, 3.734893436390303 ], [ 101.338358948524345, 3.735309727637123 ], [ 101.338262107569449, 3.735803198622567 ], [ 101.338049035210403, 3.736117992649228 ], [ 101.337590763318588, 3.736765572678295 ], [ 101.337307640264569, 3.737173147120383 ], [ 101.337218620913589, 3.737400686937955 ], [ 101.337197991021227, 3.737621077953028 ], [ 101.337272800800363, 3.737915231338181 ], [ 101.337426184994769, 3.73827829409215 ], [ 101.337553440824252, 3.738628561741336 ], [ 101.337640430855657, 3.739084416008055 ], [ 101.337694168790591, 3.739274217908875 ], [ 101.33781380083947, 3.739634072580678 ], [ 101.337906652174269, 3.739916126328812 ], [ 101.337958656827794, 3.740310830338565 ], [ 101.337865018546992, 3.740767005156976 ], [ 101.337804458174418, 3.740979931276804 ], [ 101.337695143280797, 3.741315095521715 ], [ 101.337442856684021, 3.741759499734052 ], [ 101.3372551565989, 3.742056561942023 ], [ 101.337025554455792, 3.742441682363806 ], [ 101.336912804627744, 3.742701372603321 ], [ 101.336838184467851, 3.74310107632009 ], [ 101.33690351832486, 3.743459360337716 ], [ 101.336935324306353, 3.743739257475237 ], [ 101.336959369229746, 3.743884882726155 ], [ 101.336964575703689, 3.744121177348314 ], [ 101.336932137826054, 3.744432823652157 ], [ 101.336859366409172, 3.744777985429448 ], [ 101.336760811862021, 3.744994475277976 ], [ 101.336674997572558, 3.745184717287835 ], [ 101.336652035027171, 3.745431952148633 ], [ 101.336777407162813, 3.745658987725141 ], [ 101.336937931095036, 3.745797098300986 ], [ 101.337191617621571, 3.745923610109064 ], [ 101.337314935896813, 3.745989824038975 ], [ 101.337464168225239, 3.746140619195093 ], [ 101.337524074488584, 3.746337506575283 ], [ 101.337419006453317, 3.746662789463888 ], [ 101.33730321689103, 3.746809136473508 ], [ 101.337052247597299, 3.747093293932708 ], [ 101.336805931903513, 3.747326592938822 ], [ 101.336625305497321, 3.747514579576063 ], [ 101.33632120540085, 3.747783602874344 ], [ 101.336004590450344, 3.748003411777163 ], [ 101.335675516947504, 3.748249468387602 ], [ 101.335168329095126, 3.748690584913844 ], [ 101.334886576733837, 3.749013090685686 ], [ 101.334693623768302, 3.749182951622195 ], [ 101.334170363454874, 3.749540644710097 ], [ 101.333563637208854, 3.749770908045661 ], [ 101.333174501152115, 3.749966762726746 ], [ 101.332877306120565, 3.750089402466938 ], [ 101.332631076501542, 3.750103943317496 ], [ 101.332496332341321, 3.749906555254297 ], [ 101.332451654092651, 3.749509327653935 ], [ 101.332338395662291, 3.749372202952242 ], [ 101.332112471637558, 3.749276011672923 ], [ 101.331901230302833, 3.749351703580365 ], [ 101.331677193353073, 3.749566694699996 ], [ 101.331451596679855, 3.749832554214903 ], [ 101.331195971339199, 3.750167569920913 ], [ 101.331034102353428, 3.750480533668372 ], [ 101.33094806015356, 3.750745954704014 ], [ 101.33091823357266, 3.751030192771704 ], [ 101.331039375695227, 3.751448559504115 ], [ 101.331103721368947, 3.751854322161045 ], [ 101.331083783069047, 3.752030342356533 ], [ 101.330978464930155, 3.752249355713226 ], [ 101.330714066416348, 3.752129028793243 ], [ 101.330514708149849, 3.751710432132726 ], [ 101.330275822213238, 3.751243674704 ], [ 101.330196496260768, 3.751143956439333 ], [ 101.329948326293376, 3.750959801474083 ], [ 101.32971135792657, 3.750981998752306 ], [ 101.329339163589665, 3.751251385718088 ], [ 101.329159317998474, 3.75164823712472 ], [ 101.328994644809526, 3.751957516900088 ], [ 101.328666350979191, 3.752412153881229 ], [ 101.328499423191332, 3.75281695749147 ], [ 101.328477781301714, 3.752903661455858 ], [ 101.32844283657198, 3.75320484257546 ], [ 101.328429685082241, 3.753275179238592 ], [ 101.32839583964261, 3.75349100938589 ], [ 101.328275290852119, 3.753910363018484 ], [ 101.327996786130427, 3.754085906673525 ], [ 101.327754871272759, 3.754162354364781 ], [ 101.327418560424491, 3.754192174200436 ], [ 101.326978071830439, 3.754246842648401 ], [ 101.326514045088558, 3.754551851417792 ], [ 101.326347407163098, 3.754953262751558 ], [ 101.326304882976913, 3.7551543702415 ], [ 101.326253297203962, 3.755563185491285 ], [ 101.326324032068683, 3.75590142010065 ], [ 101.326464079134112, 3.756112674146313 ], [ 101.32684512142076, 3.756555262130831 ], [ 101.327150515820477, 3.756891642005311 ], [ 101.327445728745985, 3.757339630577709 ], [ 101.327399078076823, 3.757697586770019 ], [ 101.327241858205767, 3.757959971379218 ], [ 101.32705034803908, 3.758116269050515 ], [ 101.326770909743374, 3.758414755118319 ], [ 101.326634882902752, 3.758740511667489 ], [ 101.326662914571614, 3.75924565531362 ], [ 101.326777360955305, 3.75955038504032 ], [ 101.327030791207832, 3.760045734299392 ], [ 101.3271789238389, 3.760281882954196 ], [ 101.32744275263012, 3.760593552252934 ], [ 101.32767526959924, 3.760837580633456 ], [ 101.327814443098148, 3.76105928988938 ], [ 101.327839135157262, 3.761270204395372 ], [ 101.327768442231246, 3.761482253525736 ], [ 101.327569192601345, 3.76168572765076 ], [ 101.327375482776574, 3.762012728915572 ], [ 101.327272692874018, 3.7624202629065 ], [ 101.327186610292713, 3.762979620765593 ], [ 101.327117206609572, 3.763325074923911 ], [ 101.327008059074629, 3.763694435123848 ], [ 101.326783160941588, 3.764100481168377 ], [ 101.326603824330562, 3.764418762090341 ], [ 101.326364156884296, 3.764871398314695 ], [ 101.326126160394125, 3.765235293378385 ], [ 101.325897527292099, 3.765572930567826 ], [ 101.325744084568285, 3.765794345425885 ], [ 101.325466437624343, 3.765963107835434 ], [ 101.325416567477603, 3.765985854374206 ], [ 101.325091081591339, 3.766157019730995 ], [ 101.324970496958969, 3.766210647676903 ], [ 101.324670386740422, 3.766363799254817 ], [ 101.324556452244366, 3.766452209905359 ], [ 101.324400497909252, 3.766666551590244 ], [ 101.324565000787643, 3.767167292741872 ], [ 101.324733677671432, 3.767402089713152 ], [ 101.324820000435878, 3.767608382319151 ], [ 101.324832422246587, 3.76787607110249 ], [ 101.324759451240567, 3.768002475573137 ], [ 101.324622169524488, 3.768088838818448 ], [ 101.324392641648856, 3.768067248402879 ], [ 101.324029703834441, 3.767872578978205 ], [ 101.323719776147385, 3.767546075916452 ], [ 101.323430458576752, 3.767290007655366 ], [ 101.323146029323581, 3.767092459044995 ], [ 101.323116234049195, 3.767082761912956 ], [ 101.32276513468436, 3.767162561102264 ], [ 101.322388499321193, 3.767407624335136 ], [ 101.322080244765687, 3.767648931678604 ], [ 101.321753197379465, 3.767870964162954 ], [ 101.321316677058107, 3.768100305994438 ], [ 101.320999039398274, 3.768186704105763 ], [ 101.320524440261821, 3.768166086095034 ], [ 101.320164719400012, 3.768118674231643 ], [ 101.319892645890874, 3.768117024790082 ], [ 101.319629954700261, 3.76827028411186 ], [ 101.319593661223166, 3.768550547834739 ], [ 101.319730865667296, 3.769052339806763 ], [ 101.319783611133118, 3.769289622557414 ], [ 101.319867572077399, 3.769813586459103 ], [ 101.319916545067912, 3.77027639697591 ], [ 101.319953045347972, 3.77039605827276 ], [ 101.320104279122248, 3.770817059088308 ], [ 101.320261315333184, 3.771180421346937 ], [ 101.320346142947159, 3.771509652981587 ], [ 101.32031799846321, 3.77188631847208 ], [ 101.3203009697299, 3.772216381927505 ], [ 101.32037311200142, 3.772647042366474 ], [ 101.320585604613044, 3.772813855645267 ], [ 101.320864834579254, 3.772775109771662 ], [ 101.321213550130537, 3.772647258080747 ], [ 101.321539726400005, 3.772435114736002 ], [ 101.321605721527462, 3.772383305735424 ], [ 101.322014253809385, 3.772199386053171 ], [ 101.322353950772708, 3.772169579439672 ], [ 101.32266299584235, 3.772321696714041 ], [ 101.322801351119935, 3.772628476863934 ], [ 101.322823624853513, 3.77308188349143 ], [ 101.322793678432973, 3.773403995382524 ], [ 101.322766476543421, 3.77384227739644 ], [ 101.32276572386732, 3.773999418573267 ], [ 101.32283052360998, 3.774251717163256 ], [ 101.323085459946597, 3.774620736986155 ], [ 101.323302606599171, 3.774736972973325 ], [ 101.323793100260332, 3.774806814116372 ], [ 101.324226907323762, 3.774827027626126 ], [ 101.324570450587871, 3.774828321819048 ], [ 101.324644429366643, 3.77483532242998 ], [ 101.324870359089431, 3.774931799786055 ], [ 101.325033575317079, 3.775299135729558 ], [ 101.325052614503235, 3.775424114938879 ], [ 101.325086172474215, 3.775868229666626 ], [ 101.325055888847814, 3.776302828146398 ], [ 101.325013794896833, 3.776828682521976 ], [ 101.324912633728133, 3.777441413835707 ], [ 101.324829422620851, 3.777604529826474 ], [ 101.324755125156614, 3.777891465571261 ], [ 101.324810956893373, 3.778132714049394 ], [ 101.324903908943824, 3.778192623639306 ], [ 101.325066580365004, 3.778272804357617 ], [ 101.325401917904884, 3.778290467168154 ], [ 101.325629643737841, 3.778257221235009 ], [ 101.325929017534889, 3.778257820419871 ], [ 101.32632983335597, 3.778302242471417 ], [ 101.326745664828977, 3.778406344302014 ], [ 101.326968982639386, 3.778529663299468 ], [ 101.32717373893523, 3.778743934593922 ], [ 101.327189761323268, 3.778936737130033 ], [ 101.327128102043716, 3.779231907064212 ], [ 101.326988458822427, 3.779635660663498 ], [ 101.326755053151615, 3.780061748039742 ], [ 101.32663455217849, 3.78036833296222 ], [ 101.326602443584008, 3.780566928791251 ], [ 101.326625311799674, 3.781198114155627 ], [ 101.326718575234295, 3.781623750988484 ], [ 101.326909447533495, 3.782058718885368 ], [ 101.327122299697734, 3.782294213101584 ], [ 101.327442567424896, 3.7823652466145 ], [ 101.327938342300527, 3.782270611748257 ], [ 101.328180452614134, 3.78222638461201 ], [ 101.32836874199694, 3.782208848988199 ], [ 101.328494149875524, 3.782236350936444 ], [ 101.328654698549045, 3.782461799384017 ], [ 101.32869903209658, 3.782597026816999 ], [ 101.328689812396476, 3.782669071599584 ], [ 101.328626690131742, 3.782794939389845 ], [ 101.328420055471028, 3.783019308306158 ], [ 101.328141578588699, 3.783180720314376 ], [ 101.327953101251723, 3.783260998718754 ], [ 101.327773464810903, 3.783395568621894 ], [ 101.327508614361236, 3.783704555746258 ], [ 101.327322633579442, 3.78398437959337 ], [ 101.327087072786, 3.784283842284808 ], [ 101.326819788973083, 3.784559471374224 ], [ 101.326605976008324, 3.78473774762293 ], [ 101.326398293848513, 3.785029378772344 ], [ 101.326366240440223, 3.785303155811546 ], [ 101.326448559629114, 3.785625317193099 ], [ 101.326745999882945, 3.786084057172768 ], [ 101.326888185043373, 3.786240771744685 ], [ 101.327144112365943, 3.786562313757726 ], [ 101.327360748039681, 3.786756836871303 ], [ 101.327723987298569, 3.786948117270193 ], [ 101.328118348594103, 3.786988564015388 ], [ 101.328493142227188, 3.786986274669084 ], [ 101.32877919693837, 3.787019901745454 ], [ 101.329204889310546, 3.787309156129657 ], [ 101.329427288922304, 3.787552309542257 ], [ 101.329643745143727, 3.787712916157904 ], [ 101.330047134096333, 3.787839591527032 ], [ 101.330339111239127, 3.787774596644057 ], [ 101.330549671739874, 3.787742995071435 ], [ 101.330876411276165, 3.787814614144082 ], [ 101.331150140744342, 3.788018066975772 ], [ 101.331453956870348, 3.788227825581866 ], [ 101.331709227097647, 3.788299516372261 ], [ 101.33202333003365, 3.788363183543014 ], [ 101.332173780243068, 3.788391040921814 ], [ 101.332615691972791, 3.788432473194384 ], [ 101.332866646722152, 3.788442254643762 ], [ 101.333197447505455, 3.78847318506837 ], [ 101.333581122066676, 3.788700700961257 ], [ 101.333693578866203, 3.788919789501899 ], [ 101.333691109510454, 3.789275052988646 ], [ 101.333649570744868, 3.789428400796571 ], [ 101.333604779188775, 3.789728425028017 ], [ 101.333690340413938, 3.790379016302228 ], [ 101.33390249371854, 3.790662272892902 ], [ 101.33406476446882, 3.790783433965863 ], [ 101.334319050166727, 3.790902886355225 ], [ 101.334671742453779, 3.790953099983439 ], [ 101.33487381289649, 3.79093786553532 ], [ 101.335113240270672, 3.790850951339466 ], [ 101.335542145563309, 3.790631473095095 ], [ 101.335816718898869, 3.790458742458975 ], [ 101.33603029638823, 3.790359316158605 ], [ 101.336205072485711, 3.790344849425789 ], [ 101.336343649164675, 3.790391890269602 ], [ 101.336650035773076, 3.790683901200676 ], [ 101.336859821694745, 3.791100271166913 ], [ 101.33687807921271, 3.791488099068432 ], [ 101.336862154843487, 3.791732812706655 ], [ 101.336808583191313, 3.792052597114373 ], [ 101.336647521757769, 3.792468161631358 ], [ 101.336541522882214, 3.792912716611043 ], [ 101.336537160897763, 3.792960185585062 ], [ 101.336508932858067, 3.793555894823188 ], [ 101.336577284118562, 3.793846078438007 ], [ 101.33676892524538, 3.794308464662659 ], [ 101.336904430802363, 3.794536381880002 ], [ 101.337043853644929, 3.794771094553937 ], [ 101.337106694362006, 3.794838452008918 ], [ 101.33717245523701, 3.794908937197329 ], [ 101.337366962467812, 3.795117421093043 ], [ 101.337767080132721, 3.7953051342529 ], [ 101.337989028689094, 3.79532415562483 ], [ 101.338186792438577, 3.795244184499642 ], [ 101.338309784593548, 3.795045006445521 ], [ 101.338409887284755, 3.794879110330973 ], [ 101.338556622840812, 3.794832623409489 ], [ 101.338679470934025, 3.794775890999059 ], [ 101.338767663794783, 3.794734885202896 ], [ 101.338979739200781, 3.794761791954854 ], [ 101.33933506905808, 3.794871647209777 ], [ 101.339823524865452, 3.79496973967203 ], [ 101.340119028223242, 3.794949972852936 ], [ 101.340271499550823, 3.794866760440732 ], [ 101.340391058036687, 3.794780906667079 ], [ 101.340397255667497, 3.794778381513062 ], [ 101.340658966919861, 3.79467316003507 ], [ 101.340936759370479, 3.79464768931956 ], [ 101.341274314376946, 3.794679485043366 ], [ 101.341501239441456, 3.794728196567008 ], [ 101.34158154474477, 3.794784393884598 ], [ 101.341793230188301, 3.794848041140112 ], [ 101.342118127140637, 3.794972786458849 ], [ 101.342348864221933, 3.79496950462148 ], [ 101.342617086755624, 3.794850734535436 ], [ 101.342753459551204, 3.79478782395173 ], [ 101.342820573125294, 3.794738842848579 ], [ 101.34301115887834, 3.794517531993141 ], [ 101.343131500358169, 3.794357912995217 ], [ 101.343324780450331, 3.794365827666276 ], [ 101.343467399925018, 3.794506759700623 ], [ 101.343422847587377, 3.794694252508879 ], [ 101.343411590402738, 3.794789750336246 ], [ 101.34341592018886, 3.794847420930545 ], [ 101.343440090449633, 3.795234699809555 ], [ 101.34361378614706, 3.795583696873499 ], [ 101.343863932222476, 3.795865932271281 ], [ 101.34417666058674, 3.79610906518624 ], [ 101.344450947134746, 3.796222073883633 ], [ 101.345191836068068, 3.796401734961126 ], [ 101.345923280863559, 3.796635068093904 ], [ 101.346247332434444, 3.796855904871291 ], [ 101.346556458628939, 3.79717533869596 ], [ 101.346770469495041, 3.797403485372976 ], [ 101.347353452725613, 3.797886516139546 ], [ 101.347541187344845, 3.797961962484255 ], [ 101.347808553641585, 3.797941829124175 ], [ 101.347978272726337, 3.797830683669926 ], [ 101.348024895670335, 3.797670000882952 ], [ 101.347929522954189, 3.797381152287985 ], [ 101.347675099396042, 3.79721195854197 ], [ 101.347326023281013, 3.796985113720399 ], [ 101.347186985036529, 3.79680862557277 ], [ 101.347141046924563, 3.796644280551797 ], [ 101.347160814362184, 3.796336549042616 ], [ 101.34725892185358, 3.796083312113449 ], [ 101.34743543113791, 3.795864786897579 ], [ 101.347539506728211, 3.795591782242909 ], [ 101.347669329033394, 3.7952710882342 ], [ 101.347510058325497, 3.794801732301867 ], [ 101.347504482843007, 3.794689227327912 ], [ 101.347584359446941, 3.7944164353901 ], [ 101.347725356388281, 3.794217589652727 ], [ 101.347928997813639, 3.794147809422186 ], [ 101.348261730256951, 3.794192871402928 ], [ 101.348587367005564, 3.794353228237858 ], [ 101.349091471310629, 3.794677469435585 ], [ 101.34935157915244, 3.794732494198984 ], [ 101.349706818832104, 3.794683787598184 ], [ 101.349947231221307, 3.794549106900219 ], [ 101.350248223645849, 3.794385775373237 ], [ 101.35058495798117, 3.79431496734282 ], [ 101.350780919712662, 3.794367544236214 ], [ 101.350954084311596, 3.794516997710138 ], [ 101.35105990807368, 3.794697909624932 ], [ 101.351120627451024, 3.794812271912914 ], [ 101.351092084069677, 3.794949266482515 ], [ 101.351079175670577, 3.795127290042454 ], [ 101.351024154809394, 3.795273533162574 ], [ 101.350903987322241, 3.795470179426148 ], [ 101.350637748904049, 3.795679400436714 ], [ 101.35047653937238, 3.7957679609696 ], [ 101.350340202752278, 3.79591368505085 ], [ 101.350248986503473, 3.796025624056796 ], [ 101.350165422000828, 3.796214180831774 ], [ 101.35025066598503, 3.796692364772948 ], [ 101.350543784862026, 3.796907175494018 ], [ 101.351054745696999, 3.797008153157858 ], [ 101.351327406454885, 3.797005275448259 ], [ 101.351572222150338, 3.796999205285102 ], [ 101.351873325343902, 3.796988212836048 ], [ 101.352044986167982, 3.79698136553459 ], [ 101.352227617168296, 3.796974831672632 ], [ 101.352435821231964, 3.796979678497441 ], [ 101.352707286504952, 3.797095502320004 ], [ 101.352843969590893, 3.797212630219704 ], [ 101.352903047638961, 3.797501372703672 ], [ 101.352759980511848, 3.797734412608348 ], [ 101.352439924887122, 3.797968348468625 ], [ 101.352193804937343, 3.798129863706271 ], [ 101.352207100745474, 3.798485739080395 ], [ 101.352364273579298, 3.798809533152879 ], [ 101.352463275613303, 3.799013884381075 ], [ 101.352579441322064, 3.799218286703764 ], [ 101.352795412652839, 3.799545359406349 ], [ 101.353488597563484, 3.800538017330716 ], [ 101.354113319051308, 3.800516097997021 ], [ 101.354550804234364, 3.800345247708931 ], [ 101.354883666496988, 3.800252664685923 ], [ 101.355110886635273, 3.800297135124025 ], [ 101.35523949463456, 3.800385975517034 ], [ 101.355303006761019, 3.800507693620544 ], [ 101.355669814645481, 3.801209699087767 ], [ 101.35568908751226, 3.801542982182963 ], [ 101.356085219742326, 3.802699549658304 ], [ 101.356556353242127, 3.802568649370023 ], [ 101.356768201741701, 3.802197883089141 ], [ 101.357160218821619, 3.80179796371284 ], [ 101.357574014477819, 3.801454635079614 ], [ 101.357787490497202, 3.801484934065793 ], [ 101.358022704700105, 3.801586236964059 ], [ 101.3586643364672, 3.802126525439418 ], [ 101.358891568002846, 3.802453631701403 ], [ 101.359072508827481, 3.802639000815536 ], [ 101.359375327673519, 3.803000808429876 ], [ 101.359615373352256, 3.803180980631461 ], [ 101.359900769995178, 3.803344892140349 ], [ 101.360345901113121, 3.803538661564068 ], [ 101.360741537654278, 3.803627429091871 ], [ 101.360955014318137, 3.803657727295398 ], [ 101.361039401204124, 3.803667016940221 ], [ 101.361336592710458, 3.803743344228919 ], [ 101.361821090632006, 3.803945988939526 ], [ 101.362131836684256, 3.804101494003551 ], [ 101.362398110888918, 3.804166427106277 ], [ 101.362928755950946, 3.804273391686443 ], [ 101.363430168886353, 3.804179599762807 ], [ 101.363809327695208, 3.803940461092819 ], [ 101.364070211406357, 3.803734045489922 ], [ 101.364302594336692, 3.803555529284733 ], [ 101.36459650854917, 3.803120557137691 ], [ 101.364828100371511, 3.802732888023977 ], [ 101.365068014565182, 3.802385093638176 ], [ 101.365331827993955, 3.80213911698914 ], [ 101.365788886105548, 3.801722707815357 ], [ 101.366215908711524, 3.801472965209296 ] ] ] } },
{ "type": "Feature", "properties": { "OBJECTID": 8, "KATEGORI": "Majlis Perbandaran", "NAMA_PBT": "Majlis Perbandaran Sepang", "Shape_area": 55101.121349399997, "web_name": "Majlis Perbandaran Sepang", "web_type": "Majlis Perbandaran", "web_area": 55101.121349399997 }, "geometry": { "type": "Polygon", "coordinates": [ [ [ 101.722944011881452, 3.008415494557386 ], [ 101.723580341325189, 3.007314652736542 ], [ 101.723996626200901, 3.006578766570908 ], [ 101.725667705293944, 3.003617273690525 ], [ 101.726488521605063, 3.002641990789336 ], [ 101.727487806490984, 3.001558980080939 ], [ 101.728362174409511, 3.000595642980726 ], [ 101.72921877379585, 2.999901490499097 ], [ 101.731275482205376, 2.998200722598831 ], [ 101.731449466931949, 2.997998589324884 ], [ 101.732323838227288, 2.997065158538622 ], [ 101.732776115507662, 2.996491770056166 ], [ 101.73313868873862, 2.996071928316287 ], [ 101.734001209530049, 2.99530598969954 ], [ 101.735369488323457, 2.994551853648395 ], [ 101.735809668883277, 2.994156917309744 ], [ 101.736327015377157, 2.993175743263004 ], [ 101.73654107233547, 2.992715079209746 ], [ 101.737337837794229, 2.990998058773463 ], [ 101.738533109621983, 2.988826296542292 ], [ 101.739288354276638, 2.98753399378112 ], [ 101.740311209487956, 2.985804936043165 ], [ 101.740650255833359, 2.985475830162876 ], [ 101.740864323187481, 2.985057037927215 ], [ 101.741458945297225, 2.983866475774464 ], [ 101.741803755880198, 2.982957136765203 ], [ 101.74213663357088, 2.981946111574862 ], [ 101.742094773865063, 2.981288131128664 ], [ 101.742231297599972, 2.980265205659153 ], [ 101.742373761642128, 2.979212369454333 ], [ 101.74241502448794, 2.977998058237615 ], [ 101.742432371305981, 2.976418867138272 ], [ 101.742431792305197, 2.974600411224339 ], [ 101.742437243530773, 2.973033187389565 ], [ 101.742430774203143, 2.971400167940204 ], [ 101.742608858385324, 2.970098478870286 ], [ 101.742846173743388, 2.967954538380756 ], [ 101.743578511968209, 2.965781726202037 ], [ 101.744234844751801, 2.964097050193708 ], [ 101.744995835873411, 2.962230494607414 ], [ 101.74568084383813, 2.960919070902713 ], [ 101.747308067994183, 2.958851246833494 ], [ 101.748107318283516, 2.957568497526837 ], [ 101.749293498660791, 2.955666696257285 ], [ 101.750362197991166, 2.953519306828531 ], [ 101.751189709711895, 2.951336890087378 ], [ 101.751674564869077, 2.949326859952416 ], [ 101.751730883686008, 2.946857570834787 ], [ 101.751806118457836, 2.944005442764718 ], [ 101.752081724353289, 2.94256973008388 ], [ 101.752623359323195, 2.939526033094484 ], [ 101.753070360309152, 2.938224255703546 ], [ 101.753700206248723, 2.93636415203912 ], [ 101.754753920247794, 2.933878553058822 ], [ 101.7553721824588, 2.932308736138506 ], [ 101.75597142280543, 2.930796350199407 ], [ 101.756465990481345, 2.929417989994042 ], [ 101.756789342868359, 2.928460801972756 ], [ 101.756960451017733, 2.927714222031589 ], [ 101.757055246738005, 2.926489126517509 ], [ 101.756940485333544, 2.924871696629788 ], [ 101.756168189318871, 2.921129761612184 ], [ 101.755938992296549, 2.918880694849907 ], [ 101.756119290805444, 2.917119605396752 ], [ 101.756402894032732, 2.916133114926074 ], [ 101.756670856057298, 2.91538710664766 ], [ 101.757098959770758, 2.914554305086815 ], [ 101.757155967473963, 2.914219307787784 ], [ 101.757565062792409, 2.913482220535505 ], [ 101.758193079020529, 2.912668494637026 ], [ 101.758611814267638, 2.912304665767642 ], [ 101.759563544877039, 2.911663107262003 ], [ 101.76060095523728, 2.911040661343818 ], [ 101.761533660690446, 2.910446961792768 ], [ 101.762570993349669, 2.909594814872322 ], [ 101.763360874525247, 2.908905453460188 ], [ 101.764017489981555, 2.908235277719703 ], [ 101.764588414640443, 2.907517276283363 ], [ 101.765178313977287, 2.906607852108841 ], [ 101.76594886106264, 2.905037981402448 ], [ 101.766262697638538, 2.904128649387977 ], [ 101.766433699482249, 2.903085373931441 ], [ 101.766547255119164, 2.901046753651326 ], [ 101.766622778076552, 2.899142137407078 ], [ 101.766698145836813, 2.896768551532711 ], [ 101.766744747100319, 2.893763301791626 ], [ 101.766820036576902, 2.891150445542192 ], [ 101.766829204520334, 2.890088082562995 ], [ 101.766964635254396, 2.889358011480666 ], [ 101.767304617358874, 2.888432173491287 ], [ 101.76802756605943, 2.886891031196342 ], [ 101.768703091823184, 2.885876299042422 ], [ 101.769264529500418, 2.88529229130989 ], [ 101.770263749694294, 2.884411441062058 ], [ 101.7716485008403, 2.883549601604622 ], [ 101.772890525214848, 2.882874439760991 ], [ 101.774175427779298, 2.882328468019709 ], [ 101.776045635447261, 2.881423390272233 ], [ 101.7781014341721, 2.880432108981273 ], [ 101.780499849421858, 2.879239719539315 ], [ 101.782498491477199, 2.878147957669364 ], [ 101.78355486164854, 2.877415425308397 ], [ 101.784925276805296, 2.876438727513452 ], [ 101.785610409188763, 2.875735035332987 ], [ 101.786795133961803, 2.874571770152131 ], [ 101.787855943943313, 2.873238529918206 ], [ 101.788387902382524, 2.872128486018053 ], [ 101.788462773791011, 2.871910686076384 ], [ 101.788612232210824, 2.87160712785303 ], [ 101.788985330045108, 2.870917874756963 ], [ 101.789132738946549, 2.870525420627386 ], [ 101.789284907290792, 2.870132964816492 ], [ 101.789603490646556, 2.869257125673777 ], [ 101.777187626639872, 2.869676958356347 ], [ 101.76997703263234, 2.869930627777737 ], [ 101.766863318715053, 2.869999057840029 ], [ 101.766062437866381, 2.870278873085912 ], [ 101.763099652761738, 2.870339668263946 ], [ 101.751200917715693, 2.870594750921188 ], [ 101.751699386767214, 2.866526989398438 ], [ 101.752316611698305, 2.861729414196724 ], [ 101.752529881119941, 2.858846133594628 ], [ 101.752695661073247, 2.85629784713186 ], [ 101.752813350200952, 2.852170388710491 ], [ 101.752978822451055, 2.848641091935501 ], [ 101.753191795464545, 2.844812691473344 ], [ 101.753440213008474, 2.840182722412776 ], [ 101.7536058511443, 2.837179821061687 ], [ 101.753866418565309, 2.833351405204356 ], [ 101.753996608667705, 2.831138108714423 ], [ 101.754368440601951, 2.825454112048097 ], [ 101.754378989849144, 2.824944461781444 ], [ 101.754407164619565, 2.823724171475981 ], [ 101.754510473820631, 2.823063751258032 ], [ 101.754709941815491, 2.821707022446229 ], [ 101.754923660600966, 2.820264151615469 ], [ 101.754980464083872, 2.819277141344937 ], [ 101.755214610237488, 2.814666317667071 ], [ 101.755365955140519, 2.811613173429628 ], [ 101.755612001078404, 2.807004738429282 ], [ 101.755735089031106, 2.804908686538183 ], [ 101.756242156548268, 2.797931387087363 ], [ 101.756279855302608, 2.796725449773438 ], [ 101.756407321884694, 2.793404329185237 ], [ 101.756482824082823, 2.791327433716407 ], [ 101.756724425923423, 2.787728722839985 ], [ 101.756989673711146, 2.78364667713592 ], [ 101.75733555431286, 2.77868408889875 ], [ 101.757463492423497, 2.776879945685719 ], [ 101.757529837334928, 2.775965909779987 ], [ 101.75765773836531, 2.774042131062568 ], [ 101.757785517958013, 2.771725947944521 ], [ 101.757880217712014, 2.770165871469719 ], [ 101.757951173724095, 2.768773292100488 ], [ 101.758031613973898, 2.7672706450925 ], [ 101.758140537886462, 2.765538289004918 ], [ 101.758173301546776, 2.763758102486798 ], [ 101.758182332079059, 2.762178910988558 ], [ 101.758367166739305, 2.759685649301774 ], [ 101.758874085698992, 2.752225020577865 ], [ 101.758959301714739, 2.750775011537224 ], [ 101.759082399918128, 2.748707671392883 ], [ 101.759319159442384, 2.744836192119866 ], [ 101.759513297040826, 2.74164425582548 ], [ 101.759579537573018, 2.740390454861116 ], [ 101.759622196443658, 2.7398305473083 ], [ 101.759835383397416, 2.736681673792786 ], [ 101.76025229959383, 2.730580131833527 ], [ 101.760517702879909, 2.7270005540089 ], [ 101.760726236457458, 2.724196232115781 ], [ 101.761067502232649, 2.719702615067398 ], [ 101.761318662091583, 2.716233106197671 ], [ 101.761896743188601, 2.708049855007888 ], [ 101.761939100613731, 2.706504150402393 ], [ 101.762028698992211, 2.703819500550316 ], [ 101.761906779438362, 2.703689912734152 ], [ 101.761697235041609, 2.703182722545407 ], [ 101.760688029041404, 2.702101527624688 ], [ 101.760516575200953, 2.701656535910481 ], [ 101.760159549726993, 2.701288167905923 ], [ 101.75979764812962, 2.700532181889462 ], [ 101.760021177369126, 2.700082283470946 ], [ 101.760454101259825, 2.699651462464522 ], [ 101.760482577307386, 2.699397826248674 ], [ 101.760201682396044, 2.698991151386545 ], [ 101.759725729021781, 2.698761596892023 ], [ 101.759311729013703, 2.698823934142956 ], [ 101.759002520320436, 2.699206862694699 ], [ 101.758731299758509, 2.699317010360537 ], [ 101.758103127200371, 2.699298060416443 ], [ 101.757946081178488, 2.699283752029042 ], [ 101.757750814500625, 2.698771771009967 ], [ 101.757460466374383, 2.698575656974494 ], [ 101.756875040338088, 2.698279138613142 ], [ 101.756646630617297, 2.698327062260656 ], [ 101.756275441453653, 2.698327174929203 ], [ 101.755985085072567, 2.69810234793434 ], [ 101.755642390230932, 2.697906249264638 ], [ 101.755337750419514, 2.697657499273312 ], [ 101.755180587308558, 2.697250785510151 ], [ 101.75514238361859, 2.696805752339616 ], [ 101.754994748383538, 2.69643253363382 ], [ 101.754732908557145, 2.696083276510827 ], [ 101.754375886679043, 2.695714906301567 ], [ 101.754023455689833, 2.694781854085298 ], [ 101.754151829844673, 2.694398981195529 ], [ 101.754156541631602, 2.694241060657432 ], [ 101.754323036155128, 2.694025666252288 ], [ 101.754694204035005, 2.693958558380929 ], [ 101.755193767081877, 2.693580358856886 ], [ 101.755127100785757, 2.69343681616359 ], [ 101.755031436162199, 2.691800228829835 ], [ 101.754760037095025, 2.691307411602375 ], [ 101.754346005115565, 2.691254896590322 ], [ 101.753632215195026, 2.691360390653562 ], [ 101.753265781268752, 2.69134135896853 ], [ 101.752927857638355, 2.691178755760933 ], [ 101.752613624666125, 2.690666809037686 ], [ 101.752513620321068, 2.690432352963508 ], [ 101.752251687875599, 2.689762471270007 ], [ 101.752089779670584, 2.689394041629463 ], [ 101.751937392003924, 2.689035179966392 ], [ 101.751556445172611, 2.688212199816673 ], [ 101.751456420122182, 2.687905962150782 ], [ 101.751437269227296, 2.687513562617813 ], [ 101.751632248472077, 2.687068459496119 ], [ 101.751846289589309, 2.686714273834606 ], [ 101.752250519608523, 2.68580970695694 ], [ 101.752483517750917, 2.685192316949464 ], [ 101.752502451088986, 2.684847760371359 ], [ 101.752426152262331, 2.684311815057116 ], [ 101.752011765731822, 2.683048585268367 ], [ 101.751873579300963, 2.682431305997004 ], [ 101.751449820298674, 2.681656192496206 ], [ 101.751204003857026, 2.681533244187843 ], [ 101.751050035731325, 2.681493606749275 ], [ 101.750374286152763, 2.681479451103893 ], [ 101.749759404438521, 2.681588592577024 ], [ 101.748908680023533, 2.681805294338708 ], [ 101.748627977968667, 2.681820851432358 ], [ 101.748418553100009, 2.681896362267435 ], [ 101.748161587797753, 2.681925150659139 ], [ 101.747606257377399, 2.681789946337308 ], [ 101.747390599924088, 2.681695677007301 ], [ 101.747000337591842, 2.681547443356478 ], [ 101.746619620678445, 2.681494915422183 ], [ 101.746224608061596, 2.681375395493944 ], [ 101.745701057491473, 2.681078852034334 ], [ 101.745067975334862, 2.680504785171054 ], [ 101.744763338310833, 2.68024167527912 ], [ 101.744073095405696, 2.67947142164899 ], [ 101.743549401751793, 2.678672406483745 ], [ 101.742954372814438, 2.67803133104892 ], [ 101.74242600411246, 2.677519442680063 ], [ 101.741516748383816, 2.67635205940257 ], [ 101.741021648664272, 2.675687026671435 ], [ 101.740635966600934, 2.674902326247889 ], [ 101.740502588279256, 2.674433391866066 ], [ 101.740188288141056, 2.673648670650774 ], [ 101.740054893874287, 2.673122310932089 ], [ 101.739992788389998, 2.672270520995696 ], [ 101.740016228853577, 2.67102630064099 ], [ 101.740096991423684, 2.670547733753726 ], [ 101.740206341632501, 2.670193580022183 ], [ 101.740444102620287, 2.669576190376666 ], [ 101.740784273219461, 2.669014787515726 ], [ 101.741181408033341, 2.668532753206283 ], [ 101.741585782046926, 2.668121089262557 ], [ 101.741956876162575, 2.667819499847056 ], [ 101.742680068650344, 2.667355103875945 ], [ 101.743279584699536, 2.667067804446111 ], [ 101.743550776641371, 2.666876308548254 ], [ 101.743945686818023, 2.666656064145803 ], [ 101.745363276872482, 2.664894612589455 ], [ 101.745567599848513, 2.663846542968288 ], [ 101.745810062380187, 2.663042519418642 ], [ 101.745900228500005, 2.662176329510705 ], [ 101.746028524679815, 2.661520687637212 ], [ 101.746313799722927, 2.660664011827545 ], [ 101.746713190594292, 2.659486678649174 ], [ 101.746884152713207, 2.658892520840293 ], [ 101.747231294097972, 2.657428790898611 ], [ 101.747426039840377, 2.656179735767962 ], [ 101.747497273729181, 2.655672458962291 ], [ 101.747487658476558, 2.65533269592264 ], [ 101.747435213848348, 2.654988159924315 ], [ 101.74736853598408, 2.65479197653332 ], [ 101.747177410194283, 2.654433150826245 ], [ 101.746973390383744, 2.654179555912369 ], [ 101.746378337414114, 2.653414059234756 ], [ 101.745464479719686, 2.652734792330664 ], [ 101.745094184474752, 2.652494938664133 ], [ 101.744027187160512, 2.652113100832305 ], [ 101.742547153739849, 2.651792902270343 ], [ 101.741366852739546, 2.651247700550778 ], [ 101.740667279280117, 2.651066053774668 ], [ 101.739910575246952, 2.650788714070541 ], [ 101.739534527315982, 2.650382058793049 ], [ 101.739106151979186, 2.650037628937921 ], [ 101.738677821184965, 2.64985111838787 ], [ 101.737997276822725, 2.649645537338148 ], [ 101.737392848312382, 2.649358581894397 ], [ 101.736583750307958, 2.648899407967174 ], [ 101.735040222266932, 2.648247938462512 ], [ 101.734551554339788, 2.647981174312395 ], [ 101.733880486672106, 2.64762245396086 ], [ 101.732919072540923, 2.647010185697914 ], [ 101.732343169416239, 2.646617939752467 ], [ 101.731591136773531, 2.646005611993198 ], [ 101.730511102742213, 2.644714260438919 ], [ 101.729914883668798, 2.643978663100467 ], [ 101.729375804024599, 2.643372256641271 ], [ 101.728843875558994, 2.642812505994414 ], [ 101.72823698473448, 2.64219893936531 ], [ 101.727894230866326, 2.641707328852655 ], [ 101.727779958901309, 2.641466891529503 ], [ 101.727505029309654, 2.641025509454444 ], [ 101.726830238800815, 2.640074586548423 ], [ 101.726344223422075, 2.639205567739646 ], [ 101.726151833088352, 2.638947798953005 ], [ 101.725687713497337, 2.638370082585673 ], [ 101.725305653280969, 2.63769184931371 ], [ 101.724994980222974, 2.637042309185164 ], [ 101.724527089321143, 2.635703707070847 ], [ 101.725001528278213, 2.634842198008426 ], [ 101.725315465364361, 2.634357586347879 ], [ 101.726161126187364, 2.633693375933755 ], [ 101.726710613534777, 2.633212289046925 ], [ 101.727716676528303, 2.631812271725257 ], [ 101.72807694509055, 2.631094356432912 ], [ 101.728455041457423, 2.630315421771197 ], [ 101.728733262741116, 2.629741092178824 ], [ 101.729036422590667, 2.629005246929489 ], [ 101.729125570967511, 2.62872886303249 ], [ 101.729353782040192, 2.62798944917833 ], [ 101.729788782249585, 2.626481914619601 ], [ 101.729977699583486, 2.625613304460113 ], [ 101.730027455308147, 2.624841637711622 ], [ 101.730158022109336, 2.623758894845359 ], [ 101.730243475649416, 2.623019520067905 ], [ 101.730289665324108, 2.622258621541611 ], [ 101.730282408900962, 2.621820755242509 ], [ 101.730249933071661, 2.620507159253902 ], [ 101.730210600344037, 2.620230810519175 ], [ 101.730131931080635, 2.619663756698644 ], [ 101.729853131096803, 2.618088224776606 ], [ 101.729640796231521, 2.617469452431659 ], [ 101.729438873878081, 2.617104928622701 ], [ 101.729142569664347, 2.616785580840659 ], [ 101.728946239025674, 2.616631303663882 ], [ 101.72857146192969, 2.616469896830159 ], [ 101.728303779633535, 2.616412544246087 ], [ 101.727904051277548, 2.616365994709935 ], [ 101.727582863578093, 2.616412739971266 ], [ 101.727222439200133, 2.61653845567086 ], [ 101.726865593248945, 2.616700061165923 ], [ 101.726705035343826, 2.616858024394327 ], [ 101.726441034189975, 2.617220593481238 ], [ 101.725745344132733, 2.618135998379564 ], [ 101.724864107683686, 2.619191427361986 ], [ 101.723972051608769, 2.619826935649241 ], [ 101.723340429404516, 2.620103464881935 ], [ 101.72278015552682, 2.62026871302358 ], [ 101.722505355747771, 2.620290321094952 ], [ 101.722112779335262, 2.620301193322401 ], [ 101.721484643999645, 2.620269059224573 ], [ 101.720959983235659, 2.620147170059683 ], [ 101.720381774902108, 2.61997145857362 ], [ 101.719932066946697, 2.619871083552069 ], [ 101.718518644232873, 2.619343861857476 ], [ 101.717160463762156, 2.618906963593748 ], [ 101.716352113504399, 2.618540476384298 ], [ 101.715513303733331, 2.618081292710558 ], [ 101.714745891943352, 2.617697460651994 ], [ 101.714057004619718, 2.617345909425138 ], [ 101.713239597905115, 2.616840060254475 ], [ 101.711983133804395, 2.616004127722094 ], [ 101.711649645377079, 2.615721177790766 ], [ 101.711297774078332, 2.615483886533781 ], [ 101.710823034151076, 2.615178936156922 ], [ 101.710241192261648, 2.614734038528155 ], [ 101.709630808824841, 2.614325038821383 ], [ 101.708895482145792, 2.613786863423721 ], [ 101.708195834071233, 2.613205609287035 ], [ 101.707624665472835, 2.61262073284506 ], [ 101.705679213072116, 2.610973833077379 ], [ 101.704283449055637, 2.609635453417262 ], [ 101.703612288824402, 2.608781417768272 ], [ 101.702973264497615, 2.607988388196275 ], [ 101.702969650263853, 2.607805345260641 ], [ 101.702930356261959, 2.607658202216187 ], [ 101.702744594791113, 2.60692966246233 ], [ 101.702601698116425, 2.606355443013708 ], [ 101.702469455832599, 2.605569464244744 ], [ 101.702447865240288, 2.604851650589784 ], [ 101.702483455365623, 2.604453252116373 ], [ 101.702547635366173, 2.604212766688962 ], [ 101.702708146069924, 2.603857406125269 ], [ 101.703086318650534, 2.603347659987998 ], [ 101.703778571387417, 2.602923973307396 ], [ 101.70453863454631, 2.602511036536538 ], [ 101.705109592804462, 2.602277601723299 ], [ 101.706604777299177, 2.601620420088062 ], [ 101.707625352145456, 2.601157168419414 ], [ 101.708360419404372, 2.600697577731994 ], [ 101.70895986639627, 2.60022366485392 ], [ 101.709177530714186, 2.600083634759834 ], [ 101.710101715647596, 2.599505554920587 ], [ 101.710562026567658, 2.599229077063832 ], [ 101.710811794687842, 2.59902802393675 ], [ 101.710913871593746, 2.598903828978262 ], [ 101.711889267894847, 2.597778743434727 ], [ 101.712399435727477, 2.597085917521133 ], [ 101.712627562855076, 2.595991185718558 ], [ 101.711480433976845, 2.595900241023605 ], [ 101.710727921262958, 2.596016784515893 ], [ 101.706255944418842, 2.594663950946261 ], [ 101.702189430285898, 2.594882883803335 ], [ 101.695112848294471, 2.595495187115764 ], [ 101.691090054995669, 2.598013612851751 ], [ 101.687848882179793, 2.601667125989021 ], [ 101.687791527390473, 2.605596725764266 ], [ 101.687719264145841, 2.606251663662947 ], [ 101.686619684873406, 2.608303939618879 ], [ 101.684492382650191, 2.608799061583372 ], [ 101.681193280384889, 2.612452577581725 ], [ 101.68088779919654, 2.612594907835326 ], [ 101.676287589579019, 2.614738209794836 ], [ 101.671541207295277, 2.618086247461761 ], [ 101.66617225168558, 2.619294895513288 ], [ 101.660557271897162, 2.620678206210167 ], [ 101.656664591298153, 2.623211066137549 ], [ 101.653857203236228, 2.624928767505609 ], [ 101.651816689934719, 2.62540927584589 ], [ 101.645695059752768, 2.625890220128118 ], [ 101.643263804550827, 2.626428978650615 ], [ 101.64117972742568, 2.625512283902906 ], [ 101.637547279058651, 2.625905616411996 ], [ 101.637185498694521, 2.626065739945482 ], [ 101.633900452669039, 2.627361377706796 ], [ 101.633437373136246, 2.627652504692819 ], [ 101.631252162384982, 2.628467737972332 ], [ 101.630195725083794, 2.628744369548656 ], [ 101.629718166046686, 2.628933612583538 ], [ 101.62968927123255, 2.629501228898103 ], [ 101.630094520960427, 2.629792264708527 ], [ 101.629370918153853, 2.629806892516774 ], [ 101.628878856491497, 2.629734164843376 ], [ 101.628097380437396, 2.629981658283895 ], [ 101.627200132628715, 2.63021460081478 ], [ 101.62618709240779, 2.630302025782872 ], [ 101.625188525491325, 2.630433101556367 ], [ 101.623958443782143, 2.630971705525403 ], [ 101.623596663517844, 2.631175496277839 ], [ 101.623032211895421, 2.630797139046213 ], [ 101.622236278827032, 2.631204726098788 ], [ 101.621150869260703, 2.631233931130919 ], [ 101.620441759889673, 2.631437742137105 ], [ 101.620007590759883, 2.631452339498487 ], [ 101.618169657814988, 2.631729018092178 ], [ 101.617055317254824, 2.631961980406766 ], [ 101.616186992363069, 2.632049376582081 ], [ 101.615318678186554, 2.632151322523824 ], [ 101.614870040363343, 2.632180470292609 ], [ 101.614377989797788, 2.63223872321471 ], [ 101.613726757172884, 2.632369761570214 ], [ 101.612988680707772, 2.632457144347083 ], [ 101.612062466677017, 2.632500879685343 ], [ 101.610716578684716, 2.632792068804764 ], [ 101.610282427964478, 2.632937648354416 ], [ 101.609761437228414, 2.63298135014826 ], [ 101.609124677579842, 2.633170598285583 ], [ 101.607851158315697, 2.633665537076862 ], [ 101.60773541914881, 2.634204049297769 ], [ 101.607084140147265, 2.633723807581751 ], [ 101.606071080167411, 2.633607457566179 ], [ 101.605014629633658, 2.633825845578341 ], [ 101.604160803110716, 2.634233416897411 ], [ 101.603408263911319, 2.634437230199459 ], [ 101.602568905861716, 2.634844807903808 ], [ 101.601483546213643, 2.635630800701664 ], [ 101.601136225499545, 2.63577637058301 ], [ 101.600673129717237, 2.635980162492827 ], [ 101.600210034596302, 2.636198504620486 ], [ 101.600050845536018, 2.6363003901783 ], [ 101.599587748587695, 2.63648963050484 ], [ 101.59934172975187, 2.63663518434968 ], [ 101.598907578826925, 2.636809861711653 ], [ 101.598560243684886, 2.636882659195271 ], [ 101.598082683242154, 2.637159223547882 ], [ 101.597619599867301, 2.637566763505006 ], [ 101.597272284491609, 2.63779965696672 ], [ 101.596881545816771, 2.638061655090615 ], [ 101.596432931602308, 2.638352767693434 ], [ 101.596230334810784, 2.638585641597688 ], [ 101.595854075683846, 2.638876749335243 ], [ 101.595535697701465, 2.639109640827661 ], [ 101.595101560689471, 2.639531737894273 ], [ 101.594826614154925, 2.639851940812446 ], [ 101.594305638342348, 2.640317705704492 ], [ 101.593987274030738, 2.640637919794641 ], [ 101.593451819869131, 2.640972699447522 ], [ 101.592815059803712, 2.641249262661292 ], [ 101.592395375066687, 2.641423937191786 ], [ 101.592178316457449, 2.641802358047175 ], [ 101.591342632110752, 2.641749973003776 ], [ 101.591030855692608, 2.641600342796192 ], [ 101.590536008208716, 2.641513222475731 ], [ 101.590207664789631, 2.64152045418168 ], [ 101.590122025840998, 2.641620963605527 ], [ 101.590129199549125, 2.641843488178561 ], [ 101.590250603224206, 2.642209559157102 ], [ 101.590143563146555, 2.642389032813136 ], [ 101.589993676989735, 2.64245366143358 ], [ 101.591806820883789, 2.643128120749758 ], [ 101.593497015058148, 2.643763462782742 ], [ 101.597153462806247, 2.645101249689763 ], [ 101.596582674111772, 2.646587242730834 ], [ 101.597039656331873, 2.64750598128562 ], [ 101.597979617931699, 2.648283465722594 ], [ 101.597575593527125, 2.651035194832902 ], [ 101.596895413212735, 2.651202471310856 ], [ 101.596755758027058, 2.657220587972794 ], [ 101.596519809200743, 2.669088658417304 ], [ 101.596409448697273, 2.67258289552609 ], [ 101.596378123031286, 2.675501246453144 ], [ 101.596295441773194, 2.679054490659578 ], [ 101.596224718154886, 2.6829666447644 ], [ 101.596165710670377, 2.685802060389714 ], [ 101.596103461451065, 2.689466721590246 ], [ 101.596047789221402, 2.692023223107381 ], [ 101.596036120290009, 2.693375127165987 ], [ 101.595870761661331, 2.700481613614356 ], [ 101.595752820728293, 2.706571173971295 ], [ 101.595658460282536, 2.711392574201092 ], [ 101.595708817368291, 2.727663238450159 ], [ 101.602668782128703, 2.727662017226888 ], [ 101.603346926189403, 2.727626004906179 ], [ 101.605024462505938, 2.727661594725493 ], [ 101.607689472487934, 2.727649147437688 ], [ 101.610294993352539, 2.727624741496547 ], [ 101.612841038291194, 2.727660159584066 ], [ 101.615387074434778, 2.727647717395044 ], [ 101.62157370968005, 2.727646532185268 ], [ 101.630829862996848, 2.727620771837638 ], [ 101.632947595779711, 2.727620342418895 ], [ 101.632983425284678, 2.72830226589166 ], [ 101.633019911164638, 2.732238314846757 ], [ 101.633068414393207, 2.73676058216667 ], [ 101.633141779461013, 2.746534905859876 ], [ 101.633262731220512, 2.756249399578012 ], [ 101.643021346584945, 2.768187102966755 ], [ 101.645627641814897, 2.771356913787193 ], [ 101.649545456606376, 2.776184593010421 ], [ 101.654639049232728, 2.782045651340384 ], [ 101.663681412428218, 2.792085864762168 ], [ 101.665347573531363, 2.793963766138792 ], [ 101.669322652746942, 2.798748279688656 ], [ 101.683368688843416, 2.814412395322333 ], [ 101.681843711664641, 2.815924984115319 ], [ 101.678893366842672, 2.817636524799833 ], [ 101.6783818385031, 2.818031452532835 ], [ 101.677311223005262, 2.818964882886101 ], [ 101.676300138441462, 2.820065788570922 ], [ 101.675146281130893, 2.821202619745137 ], [ 101.674694253343148, 2.821645385964773 ], [ 101.674363375833366, 2.822030896113608 ], [ 101.673913704992373, 2.82238273784678 ], [ 101.672971500672801, 2.822971580438856 ], [ 101.672164884329305, 2.823345043650648 ], [ 101.671301139880285, 2.823653916624121 ], [ 101.670294552782991, 2.82370440905443 ], [ 101.669466428599961, 2.823704610072112 ], [ 101.667924405969757, 2.823712160987633 ], [ 101.666867820089408, 2.8236549896919 ], [ 101.66630226558344, 2.823314535004501 ], [ 101.665968801014202, 2.823233486665795 ], [ 101.659414340174948, 2.829803082160142 ], [ 101.652293960710253, 2.836912257116143 ], [ 101.650133703006276, 2.83916191691273 ], [ 101.647906650964813, 2.841162226169821 ], [ 101.641189074647343, 2.853605931454017 ], [ 101.637306961248541, 2.861072108353168 ], [ 101.635413814027245, 2.864846443611738 ], [ 101.632533659344574, 2.870415515622996 ], [ 101.630995095408352, 2.873305383829425 ], [ 101.630440677174107, 2.874481700842812 ], [ 101.629120188588246, 2.876848560158968 ], [ 101.629052866061429, 2.876953430969241 ], [ 101.626845110489583, 2.881100179035808 ], [ 101.624448607055555, 2.885601407857526 ], [ 101.618962755088674, 2.895919910935952 ], [ 101.617026707832437, 2.899561429802237 ], [ 101.609605569018328, 2.91358842450222 ], [ 101.607802864562373, 2.917150539604235 ], [ 101.607284049604758, 2.918103391672537 ], [ 101.606649442620267, 2.919268902178369 ], [ 101.605725298172146, 2.920966170714361 ], [ 101.605125375169393, 2.922081005423744 ], [ 101.603381145223779, 2.925706602018133 ], [ 101.602696612691176, 2.92712948019169 ], [ 101.60264644883452, 2.927232882190424 ], [ 101.602273111626502, 2.928002434976834 ], [ 101.602040053809219, 2.928423139243377 ], [ 101.60170075799374, 2.929035620041149 ], [ 101.601129728995488, 2.930128902881795 ], [ 101.600709235919041, 2.930933971163059 ], [ 101.599127058977643, 2.933966425474853 ], [ 101.59840639698335, 2.935349521736496 ], [ 101.597481109432707, 2.937115189990386 ], [ 101.595417384559013, 2.940883653013717 ], [ 101.594853800310901, 2.941912780206467 ], [ 101.593534738191323, 2.944537673244357 ], [ 101.592497380295143, 2.946729327407868 ], [ 101.59120708384755, 2.949115550035043 ], [ 101.588690259526501, 2.95388878285432 ], [ 101.58732877748507, 2.956513901085262 ], [ 101.586140395228426, 2.958778839740423 ], [ 101.584530899481095, 2.961858579183807 ], [ 101.583321095061279, 2.96417017752675 ], [ 101.581522294444298, 2.967630149699016 ], [ 101.581248939718535, 2.968187197473339 ], [ 101.579309854315156, 2.972196120590882 ], [ 101.578573911324867, 2.973739937551714 ], [ 101.575669746013446, 2.979672855096064 ], [ 101.577886156779257, 2.979627436336285 ], [ 101.580146754727608, 2.97992030570467 ], [ 101.58195556677353, 2.980015698488399 ], [ 101.583483539799261, 2.980111138101244 ], [ 101.587134487040061, 2.980311474498037 ], [ 101.594350624968158, 2.980276648766617 ], [ 101.595259771364766, 2.980214267041789 ], [ 101.598182368559492, 2.980022294712061 ], [ 101.601528685281068, 2.980256139345019 ], [ 101.604332340353622, 2.98036565819377 ], [ 101.608673455752268, 2.980388724526063 ], [ 101.6126147244523, 2.980373571538832 ], [ 101.614014163391843, 2.980382856211438 ], [ 101.618112506713899, 2.980343723904918 ], [ 101.624157665138085, 2.980208451329671 ], [ 101.625971240576774, 2.980161367867816 ], [ 101.628784377611552, 2.980221805829566 ], [ 101.633006505865623, 2.980302227301343 ], [ 101.633801363863142, 2.980029279053573 ], [ 101.635576843751551, 2.980048023128322 ], [ 101.63903738227792, 2.980166876005414 ], [ 101.641493553977085, 2.980242880518348 ], [ 101.645901308406252, 2.98026099858459 ], [ 101.651594270306106, 2.980321860961763 ], [ 101.655376183618998, 2.980366766967291 ], [ 101.657577501659418, 2.980385888995441 ], [ 101.660728719520478, 2.980439271654224 ], [ 101.664336814542608, 2.980529295054522 ], [ 101.666483580997578, 2.980571822876737 ], [ 101.669010898544101, 2.980639114679828 ], [ 101.671111751208457, 2.98067717574773 ], [ 101.67123294420189, 2.980677564925994 ], [ 101.674742212768692, 2.980756333932064 ], [ 101.680373316524097, 2.980884058711133 ], [ 101.685709369966801, 2.981265462495819 ], [ 101.690621778406211, 2.9816134585469 ], [ 101.694724982609983, 2.981932945701409 ], [ 101.701612881089162, 2.982581821009665 ], [ 101.707910536411489, 2.983192540722118 ], [ 101.708829243023857, 2.983283195979854 ], [ 101.710590495264924, 2.983459741071663 ], [ 101.711337835234104, 2.983526517351131 ], [ 101.711932850993421, 2.983578981757439 ], [ 101.713594139907258, 2.98374119510893 ], [ 101.713389872108053, 2.985148170396451 ], [ 101.713128591788589, 2.986923640228024 ], [ 101.713514182726399, 2.987024019829553 ], [ 101.714275837737858, 2.987200854315381 ], [ 101.714666184670207, 2.987286875803423 ], [ 101.716941632931295, 2.987822163333055 ], [ 101.717036868867169, 2.987941770331904 ], [ 101.717114647816061, 2.988056169786227 ], [ 101.717565439026401, 2.988640283285107 ], [ 101.718217732139223, 2.989209552261857 ], [ 101.718803895698642, 2.991487236112579 ], [ 101.718899383895774, 2.992449076918937 ], [ 101.719209948433786, 2.996329959267758 ], [ 101.718996151321022, 2.997684298009937 ], [ 101.718772998526447, 2.999588962925333 ], [ 101.718621010046732, 3.000704011900774 ], [ 101.718454690987556, 3.001651575487403 ], [ 101.718374142114214, 3.002895809175313 ], [ 101.718236199872749, 3.00323083034766 ], [ 101.718045796342651, 3.003230887941521 ], [ 101.718060236986176, 3.003766850669378 ], [ 101.718355513117814, 3.004269230450953 ], [ 101.718450864792715, 3.005603041238372 ], [ 101.71846921696249, 3.006030117702392 ], [ 101.718518765662068, 3.007183155004957 ], [ 101.718523333048111, 3.007289437893021 ], [ 101.718469577489017, 3.007300664526688 ], [ 101.718306657515811, 3.007313723811752 ], [ 101.717335812942167, 3.007391547619334 ], [ 101.717294006187643, 3.007394898410221 ], [ 101.717408168434318, 3.007766066900707 ], [ 101.717596977544943, 3.008379928020477 ], [ 101.717599226854716, 3.008382812923499 ], [ 101.717630037953512, 3.008344082772735 ], [ 101.717709940491446, 3.008309718169569 ], [ 101.718939436907817, 3.010004383363181 ], [ 101.719585010161808, 3.010886097412995 ], [ 101.720884279456911, 3.011770792491892 ], [ 101.721687676256323, 3.010497836074189 ], [ 101.72233742110437, 3.009480436362848 ], [ 101.722944011881452, 3.008415494557386 ] ], [ [ 101.707008414171753, 2.982838008399972 ], [ 101.706715094584567, 2.980817446643492 ], [ 101.705990135378414, 2.979941923143357 ], [ 101.705179663501923, 2.97964785326019 ], [ 101.70477247610917, 2.978915799960243 ], [ 101.703815726573453, 2.978941198449295 ], [ 101.702976646346514, 2.97847127045885 ], [ 101.702208782103952, 2.977348110204614 ], [ 101.697124895746512, 2.976516883926871 ], [ 101.693925810246725, 2.975121626709435 ], [ 101.69009093284933, 2.972452411355279 ], [ 101.68790949104276, 2.971738780145543 ], [ 101.684789057495479, 2.970670078417507 ], [ 101.682061778476395, 2.971320431794654 ], [ 101.6809158627144, 2.971482245145858 ], [ 101.677028319212184, 2.972050345008728 ], [ 101.675903647596925, 2.971537400364956 ], [ 101.67418655667538, 2.971778315487263 ], [ 101.67359392968018, 2.971728221866243 ], [ 101.673119064775008, 2.971495054292827 ], [ 101.672597785977146, 2.97124395304939 ], [ 101.671640952881702, 2.970917592796229 ], [ 101.671101828538042, 2.970680851700619 ], [ 101.67062340375351, 2.970483574698386 ], [ 101.66957008341339, 2.969762438002967 ], [ 101.668813222486676, 2.96964419094645 ], [ 101.668166976358634, 2.969310570247637 ], [ 101.667795586634, 2.96885485067941 ], [ 101.666113853496256, 2.967713946343134 ], [ 101.665528268199012, 2.967258279740878 ], [ 101.664996120535363, 2.966350374637079 ], [ 101.663317950094054, 2.965152039086662 ], [ 101.662900085839411, 2.964416380364714 ], [ 101.663021217625342, 2.963414995237315 ], [ 101.663338309010314, 2.960841541644069 ], [ 101.664287220698938, 2.958045407369318 ], [ 101.66480474395965, 2.957578697114843 ], [ 101.665009556562111, 2.95744371239939 ], [ 101.665722055793907, 2.95694319958911 ], [ 101.668088497577287, 2.955288036303654 ], [ 101.668449047004543, 2.955241287140713 ], [ 101.668895272480512, 2.955187338010962 ], [ 101.669459368026679, 2.955384594747867 ], [ 101.671129740894628, 2.954013139637016 ], [ 101.672050584510544, 2.953252018597172 ], [ 101.673264057739985, 2.952092433489835 ], [ 101.67427766093796, 2.951115942036365 ], [ 101.674738044083497, 2.950591817162737 ], [ 101.674773551592992, 2.949841689571703 ], [ 101.674680385554709, 2.948474272790305 ], [ 101.674569319269679, 2.946905871870131 ], [ 101.673783772233207, 2.94622773702325 ], [ 101.670538663961523, 2.945891191484102 ], [ 101.668635870403349, 2.945705040328966 ], [ 101.668003959454722, 2.945536512401195 ], [ 101.667471999104862, 2.945342835410947 ], [ 101.667004285207398, 2.945102483932791 ], [ 101.666475846291419, 2.944711405798424 ], [ 101.66587243502893, 2.944298811560502 ], [ 101.665601099618868, 2.944198384788851 ], [ 101.665190537322374, 2.944090814424462 ], [ 101.664804997761536, 2.944119622983991 ], [ 101.665893544322103, 2.943042626001425 ], [ 101.667135557709287, 2.941822026259727 ], [ 101.667710106180422, 2.941014337870284 ], [ 101.667945635354684, 2.940684082844585 ], [ 101.668213237873431, 2.940131296386779 ], [ 101.668402352279955, 2.939775929346263 ], [ 101.668545068202263, 2.939460053896807 ], [ 101.668826791487845, 2.938271995565826 ], [ 101.66875518001541, 2.937410632928207 ], [ 101.668701378709954, 2.936391345994787 ], [ 101.668201125735095, 2.934482077658501 ], [ 101.667743759026351, 2.932759430650765 ], [ 101.667425749647947, 2.931571522420279 ], [ 101.667447016131035, 2.93095419416544 ], [ 101.66762596606803, 2.930575851465023 ], [ 101.668239195744619, 2.929647568485253 ], [ 101.668328235398434, 2.929218333761123 ], [ 101.668296124575392, 2.928886667842145 ], [ 101.668103187798167, 2.92821555688207 ], [ 101.6682852035933, 2.928032467917456 ], [ 101.668602869996576, 2.927838577693682 ], [ 101.669413134529194, 2.927493822112023 ], [ 101.669412884827722, 2.926488877941089 ], [ 101.670854904021951, 2.925734806788759 ], [ 101.671036712839495, 2.924726227682681 ], [ 101.671340043015235, 2.924309817083238 ], [ 101.672467701538565, 2.92270521022989 ], [ 101.672535437861114, 2.922346284467259 ], [ 101.672074856343315, 2.922041328846443 ], [ 101.671885596443374, 2.921800907967616 ], [ 101.671739124025407, 2.921359487406267 ], [ 101.671756860864789, 2.920910847147697 ], [ 101.672042293279461, 2.920304219411244 ], [ 101.672416917343938, 2.91948581296333 ], [ 101.672091889728904, 2.918782434316609 ], [ 101.672070356054931, 2.918323036719045 ], [ 101.672195040290731, 2.917289348343807 ], [ 101.671930695506219, 2.916568008775549 ], [ 101.671834062081174, 2.915570267126638 ], [ 101.669656481208492, 2.915524156394471 ], [ 101.669674216338294, 2.915064748789768 ], [ 101.669320713598694, 2.914684393985267 ], [ 101.669648494881145, 2.912103758180233 ], [ 101.66975181140279, 2.911267474966237 ], [ 101.669694584070598, 2.910818853343729 ], [ 101.669487423825643, 2.910359501912819 ], [ 101.669206041458352, 2.910064440761688 ], [ 101.668855444574078, 2.909832063704652 ], [ 101.668116463834394, 2.909674327744337 ], [ 101.665771076911227, 2.909470330138766 ], [ 101.665717463059764, 2.909193983511521 ], [ 101.664917648930867, 2.908426115202059 ], [ 101.664789131352421, 2.908401023131765 ], [ 101.664400095048293, 2.908681067519275 ], [ 101.664178784459736, 2.908742136267401 ], [ 101.663964598603556, 2.908742188711033 ], [ 101.663793232549708, 2.908670448852327 ], [ 101.663650227629446, 2.907783978716133 ], [ 101.663389244198768, 2.906165363034777 ], [ 101.663053225176327, 2.904248870993105 ], [ 101.660593049692196, 2.90166173309639 ], [ 101.659682164108972, 2.899131643122686 ], [ 101.660138702438132, 2.897502085999693 ], [ 101.660723631767553, 2.895377203276646 ], [ 101.661424294535522, 2.892888662139677 ], [ 101.661591714786766, 2.892232050976412 ], [ 101.661747261455915, 2.891690959905247 ], [ 101.661875659601563, 2.89122434706546 ], [ 101.662785652588298, 2.890043316095571 ], [ 101.663727894447348, 2.889375516683698 ], [ 101.663395570979134, 2.887954317401681 ], [ 101.66260645630804, 2.887071592077973 ], [ 101.662670569213205, 2.886479376537871 ], [ 101.662780977355638, 2.885424157038221 ], [ 101.663576642434762, 2.883855531630203 ], [ 101.663833539303241, 2.883352996608095 ], [ 101.664233154332251, 2.882563299623949 ], [ 101.664652681549853, 2.881719000750485 ], [ 101.665014541418202, 2.881012622427708 ], [ 101.665860150383324, 2.879336311015426 ], [ 101.67112641060767, 2.883372739065257 ], [ 101.671864586070654, 2.880336186049559 ], [ 101.67433393132616, 2.876836206759168 ], [ 101.675241728338037, 2.881254145408595 ], [ 101.676473332127614, 2.881512248166923 ], [ 101.678511034460485, 2.879196768859484 ], [ 101.679403575979279, 2.879684656577217 ], [ 101.679278707349496, 2.879961048185605 ], [ 101.680902952956998, 2.88013290759221 ], [ 101.680839039536338, 2.881471653076598 ], [ 101.682042122254686, 2.881866142219621 ], [ 101.683048895441118, 2.882346818975194 ], [ 101.683562805069784, 2.8818621590914 ], [ 101.684669488308785, 2.88218129957132 ], [ 101.684873222391417, 2.883196957329125 ], [ 101.684945102963212, 2.885081207856098 ], [ 101.686697820828769, 2.885080748508518 ], [ 101.687301778586701, 2.887689853274159 ], [ 101.687859272528456, 2.89006567919698 ], [ 101.688088258880754, 2.892071915992428 ], [ 101.690676700216159, 2.893585820403362 ], [ 101.69255424333106, 2.893104380366065 ], [ 101.69564571309769, 2.893462453274811 ], [ 101.697190769908005, 2.894421764269344 ], [ 101.697481900403361, 2.898465129976459 ], [ 101.700880628118242, 2.899716783102742 ], [ 101.701684355799784, 2.901672607740504 ], [ 101.701095195590028, 2.905453266428175 ], [ 101.697520911905102, 2.906301275242048 ], [ 101.697602701346142, 2.909521852729558 ], [ 101.700296694461827, 2.909554607289738 ], [ 101.700378579724443, 2.913091022305255 ], [ 101.707218331969031, 2.913294876397299 ], [ 101.707324764327751, 2.919410629664144 ], [ 101.707497701366435, 2.929257803811594 ], [ 101.717284977219791, 2.929237021098776 ], [ 101.73267688942525, 2.929232385198092 ], [ 101.732631074370289, 2.953205951392423 ], [ 101.731113261908845, 2.955125374496552 ], [ 101.715262877278661, 2.955203142572641 ], [ 101.715401698961401, 2.963990638400368 ], [ 101.714726887012105, 2.963671410824397 ], [ 101.714155792130967, 2.963998184697694 ], [ 101.713863019414958, 2.963869064506145 ], [ 101.713498699610994, 2.963230317404223 ], [ 101.713041642277631, 2.962867955752741 ], [ 101.712948742594989, 2.962588035595147 ], [ 101.712563053162029, 2.962117980631492 ], [ 101.711691856424309, 2.961658834804068 ], [ 101.711217458022659, 2.9615740143388 ], [ 101.710660125330989, 2.961587354651302 ], [ 101.710188964606388, 2.961831548724749 ], [ 101.709207299070556, 2.962061534626915 ], [ 101.708750296134653, 2.961882213608785 ], [ 101.708718612405292, 2.963436290683018 ], [ 101.7034244158409, 2.963513183514006 ], [ 101.703286197879251, 2.967091528756418 ], [ 101.70211908688546, 2.968025020250231 ], [ 101.699780886234862, 2.968449193473931 ], [ 101.699922828498231, 2.970034769961683 ], [ 101.700106756129387, 2.972038175255322 ], [ 101.700603277231636, 2.973093222265592 ], [ 101.701006819796504, 2.973577632686276 ], [ 101.703508950169748, 2.975623072788004 ], [ 101.70616802509825, 2.977809963426483 ], [ 101.707285796811206, 2.979087349012874 ], [ 101.707875034803962, 2.979747566862256 ], [ 101.708150082171414, 2.980296614627994 ], [ 101.707940003338422, 2.982209650282866 ], [ 101.708361406986825, 2.982708408303119 ], [ 101.707834362753076, 2.983145232031038 ], [ 101.707008414171753, 2.982838008399972 ] ] ] } },
{ "type": "Feature", "properties": { "OBJECTID": 6, "KATEGORI": "Majlis Perbandaran", "NAMA_PBT": "Majlis Perbandaran Kajang", "Shape_area": 80543.145331799999, "web_name": "Majlis Perbandaran Kajang", "web_type": "Majlis Perbandaran", "web_area": 80543.145331799999 }, "geometry": { "type": "Polygon", "coordinates": [ [ [ 101.945108325520366, 3.176970453841938 ], [ 101.94523306767681, 3.17653971315502 ], [ 101.945333915849602, 3.175941501347963 ], [ 101.945749827940034, 3.174703090902001 ], [ 101.945898268299445, 3.174074945504103 ], [ 101.946308295574894, 3.172962151235998 ], [ 101.946546042947759, 3.172411717946255 ], [ 101.946795426224313, 3.171364807878592 ], [ 101.946955860853734, 3.170910121573765 ], [ 101.94695560127407, 3.170425614399939 ], [ 101.94710949513086, 3.168870322435394 ], [ 101.947299630098854, 3.168313933357888 ], [ 101.947394593381929, 3.167841337795091 ], [ 101.947412215752976, 3.16741065509655 ], [ 101.947556364357709, 3.166973549645955 ], [ 101.947816349922022, 3.166411513882087 ], [ 101.948559720004468, 3.165466022960001 ], [ 101.948874905322498, 3.165059105293489 ], [ 101.949451851193672, 3.164496524724121 ], [ 101.94967783194204, 3.164203305144862 ], [ 101.949951443104723, 3.1639519306578 ], [ 101.95026648600907, 3.163281823763826 ], [ 101.950325687242142, 3.162707560954293 ], [ 101.950438424887238, 3.162091398080377 ], [ 101.950705717687853, 3.161158128080358 ], [ 101.950961298011663, 3.160577777008148 ], [ 101.951585536203083, 3.159434958017016 ], [ 101.952150727558617, 3.159153516775217 ], [ 101.952579162323076, 3.159087486210751 ], [ 101.953531192366, 3.158853686025687 ], [ 101.954447419099139, 3.158440457642532 ], [ 101.955512416125131, 3.158021165577786 ], [ 101.955887051548444, 3.15751252746968 ], [ 101.955862732232546, 3.156561472080034 ], [ 101.956159832792281, 3.155735853533398 ], [ 101.956623478541999, 3.154760604631474 ], [ 101.957759313954639, 3.153294498789347 ], [ 101.95791979767148, 3.152941498515002 ], [ 101.958912944042666, 3.151726695909477 ], [ 101.958114550982543, 3.149944628777704 ], [ 101.957524764147962, 3.148754621032115 ], [ 101.957345951402687, 3.148228341366083 ], [ 101.957256357179872, 3.147618270908436 ], [ 101.957244134628482, 3.147026102773166 ], [ 101.957434226663509, 3.146403916103779 ], [ 101.957880109972223, 3.145602142488461 ], [ 101.958361850524668, 3.14508148260877 ], [ 101.958909147858449, 3.144740233512986 ], [ 101.960027694685849, 3.144332873308265 ], [ 101.96048585147517, 3.144218971827671 ], [ 101.960801193318972, 3.144117111860828 ], [ 101.961848174821597, 3.143428656012041 ], [ 101.962353680231601, 3.142842184558967 ], [ 101.96303768211753, 3.142201780423755 ], [ 101.964107973128137, 3.140616076413267 ], [ 101.965946604968195, 3.140274109906386 ], [ 101.966065517294496, 3.14008263419788 ], [ 101.966225980589911, 3.139699725667655 ], [ 101.966166317663507, 3.139418625647171 ], [ 101.965844905425115, 3.139299172694392 ], [ 101.965261507872086, 3.138910694644535 ], [ 101.964416243561914, 3.138468526916935 ], [ 101.964219760598368, 3.138277225634639 ], [ 101.963993464599739, 3.137978272720667 ], [ 101.96383852671427, 3.137583575420078 ], [ 101.962801223617333, 3.134180640101968 ], [ 101.962157915394926, 3.133044497465322 ], [ 101.96186012044609, 3.132578099324999 ], [ 101.961895354079928, 3.131710753664191 ], [ 101.961948566962675, 3.131076679002835 ], [ 101.96206730053666, 3.130556218031406 ], [ 101.962067027577717, 3.130053767073861 ], [ 101.961774509299715, 3.128343201081865 ], [ 101.961892811243189, 3.127027192726653 ], [ 101.962296750926811, 3.125711027787573 ], [ 101.962474845955668, 3.124921364068856 ], [ 101.962522224970286, 3.124502628818575 ], [ 101.96264102628669, 3.1241077806478 ], [ 101.96251563160169, 3.123318283344912 ], [ 101.961890246309295, 3.122295778887302 ], [ 101.960764878861923, 3.121052229142637 ], [ 101.960705148256594, 3.120639533891343 ], [ 101.96046087648601, 3.120101326498751 ], [ 101.960103585916485, 3.119646922517301 ], [ 101.959686659219685, 3.118953288258335 ], [ 101.959454225556811, 3.11829544270222 ], [ 101.95734041802416, 3.115886019627697 ], [ 101.956917730224774, 3.115539317669281 ], [ 101.956108178264941, 3.115067211761203 ], [ 101.955284077261453, 3.114684181899555 ], [ 101.953547183973001, 3.11379864904888 ], [ 101.952515097606053, 3.112918147726782 ], [ 101.9523472074154, 3.112767502201196 ], [ 101.951850771300386, 3.112491419788466 ], [ 101.951375965372009, 3.11260652043994 ], [ 101.951097589926547, 3.11282918407593 ], [ 101.950240829559547, 3.113098813339482 ], [ 101.949776552340211, 3.112869368971368 ], [ 101.949244230631564, 3.112248765598868 ], [ 101.948865386731484, 3.111531178488088 ], [ 101.948904214596254, 3.110684166547384 ], [ 101.948832255489236, 3.109639821598123 ], [ 101.949064050617295, 3.109104945140322 ], [ 101.949238647012834, 3.108433719208604 ], [ 101.949241882448746, 3.107798474054224 ], [ 101.949137960275309, 3.107077151264964 ], [ 101.949083908679953, 3.106136876164102 ], [ 101.948969198282796, 3.105268412230939 ], [ 101.949186312380448, 3.103976276045688 ], [ 101.950395624805196, 3.101980178136285 ], [ 101.951027165456139, 3.101186684487017 ], [ 101.951516024398188, 3.100648081876415 ], [ 101.952144095674782, 3.100048392699355 ], [ 101.953389700033355, 3.099179202077893 ], [ 101.953971539160534, 3.098927664422044 ], [ 101.95436064791474, 3.098809020741803 ], [ 101.954110460508517, 3.098317469573957 ], [ 101.953770989208223, 3.097779309836211 ], [ 101.953731408966163, 3.097201511060707 ], [ 101.954091796280039, 3.096785000631712 ], [ 101.954520073717262, 3.096468944167992 ], [ 101.954969803623683, 3.096210299162891 ], [ 101.955551545570557, 3.095779313896337 ], [ 101.955943767609327, 3.094802910900019 ], [ 101.956254097705965, 3.094253636020857 ], [ 101.956418109384657, 3.093830052702093 ], [ 101.956314362806708, 3.093442502636575 ], [ 101.955738930423607, 3.092305116600795 ], [ 101.955838645228894, 3.091824144763188 ], [ 101.956166914230508, 3.091439951777679 ], [ 101.956434406920479, 3.090905055763425 ], [ 101.956526683349864, 3.0898642128689 ], [ 101.957014806992092, 3.087954633440892 ], [ 101.957114345800974, 3.087143479012012 ], [ 101.957256726739118, 3.086328712653896 ], [ 101.957527717865602, 3.085661023906384 ], [ 101.958148500421501, 3.084802933325119 ], [ 101.958433821736293, 3.08422854929211 ], [ 101.958487004519512, 3.083528677046754 ], [ 101.958432434649026, 3.081619389242778 ], [ 101.958607153506691, 3.081192211312599 ], [ 101.958928236329726, 3.080729065323482 ], [ 101.959520512292897, 3.07998224709775 ], [ 101.960084397017951, 3.079558448667417 ], [ 101.960659061146231, 3.079263846079698 ], [ 101.961280072042371, 3.078843605332262 ], [ 101.961965213933894, 3.078172103891034 ], [ 101.962371805662698, 3.077378728659091 ], [ 101.962585694304437, 3.076761315506485 ], [ 101.962703128895981, 3.076039875194633 ], [ 101.962620131892649, 3.074392596626949 ], [ 101.962473429636788, 3.073793322809302 ], [ 101.96219459986402, 3.073143875006421 ], [ 101.962033500249419, 3.072325683433033 ], [ 101.962211547937883, 3.071449886051461 ], [ 101.961986342355672, 3.070929610993249 ], [ 101.961671935297801, 3.07051346312664 ], [ 101.96157526242952, 3.069996707664852 ], [ 101.961756405098811, 3.068227262395281 ], [ 101.961652542405048, 3.067617198288883 ], [ 101.961316598655273, 3.066982136248772 ], [ 101.960798636241393, 3.066469195716477 ], [ 101.960219905517619, 3.065816318669481 ], [ 101.959716179737512, 3.065217235152053 ], [ 101.959523084930851, 3.064650285600762 ], [ 101.959654876938075, 3.064068806400582 ], [ 101.959540300250097, 3.062903914543372 ], [ 101.959386299969424, 3.062543649453575 ], [ 101.95932537017201, 3.062098653121614 ], [ 101.959539414828356, 3.061775533864153 ], [ 101.959964134918437, 3.061509724986621 ], [ 101.960399594095719, 3.061297744361696 ], [ 101.960979252522463, 3.060917262921999 ], [ 101.961931377693773, 3.061024420586897 ], [ 101.962359706605184, 3.060832780428504 ], [ 101.96262344360521, 3.060473392119081 ], [ 101.96263308904436, 3.060198587355796 ], [ 101.962858969665703, 3.059755829963294 ], [ 101.963322815858263, 3.059217239544584 ], [ 101.964405306906116, 3.058307458857701 ], [ 101.965571197746655, 3.057577079372742 ], [ 101.967379858678726, 3.057085613846601 ], [ 101.966784319254046, 3.05615281194039 ], [ 101.966533974151702, 3.055351417560432 ], [ 101.965105114498229, 3.053916612363842 ], [ 101.964473819729406, 3.052876159451567 ], [ 101.964235422831592, 3.052158499534768 ], [ 101.965031550872283, 3.049861149910523 ], [ 101.965031022709397, 3.048868210115776 ], [ 101.965340027633971, 3.048090440341041 ], [ 101.966672269242721, 3.04689341021542 ], [ 101.967350149315294, 3.04603169954735 ], [ 101.96773050514085, 3.045158186024079 ], [ 101.96742057715484, 3.044201302778666 ], [ 101.967169796237755, 3.04257445217192 ], [ 101.967193253426032, 3.041928430496453 ], [ 101.96769267863597, 3.041174484388543 ], [ 101.968025341451323, 3.040133512932247 ], [ 101.968108275918894, 3.039439606761591 ], [ 101.968012605664811, 3.038566349841696 ], [ 101.967690767086523, 3.037585546395601 ], [ 101.967773701882933, 3.036891640214431 ], [ 101.968535001491219, 3.036257184590605 ], [ 101.968796399747717, 3.035479440437233 ], [ 101.968807095720237, 3.033218403328908 ], [ 101.968604417088486, 3.032524650883603 ], [ 101.968686925005272, 3.031029215292394 ], [ 101.969150707762253, 3.030394919967659 ], [ 101.969662194056781, 3.029952008904599 ], [ 101.969804573092972, 3.029150402670854 ], [ 101.968565566866459, 3.02660292224301 ], [ 101.968124538335161, 3.025263288120156 ], [ 101.96776768949691, 3.02557452086022 ], [ 101.967018106098166, 3.025850074412097 ], [ 101.96603039910913, 3.025910418339813 ], [ 101.964983290705433, 3.026162203290952 ], [ 101.964364453720037, 3.026138606950342 ], [ 101.963733520987603, 3.025744159306391 ], [ 101.962852352071465, 3.024727760734471 ], [ 101.961911933809759, 3.024189918349113 ], [ 101.961531125772666, 3.024202083354516 ], [ 101.961340881653641, 3.024513225963612 ], [ 101.960936479407891, 3.024920187147889 ], [ 101.960186882182882, 3.02517180991364 ], [ 101.957259631122326, 3.025675806476058 ], [ 101.956188608067123, 3.025712258996728 ], [ 101.955284129368849, 3.025628991556979 ], [ 101.954676908175955, 3.025055078099537 ], [ 101.954188370201578, 3.023859017688828 ], [ 101.953795476150148, 3.023512291408176 ], [ 101.951950667516456, 3.023046690490315 ], [ 101.951379095632305, 3.02236508747853 ], [ 101.950902623338862, 3.021480060738104 ], [ 101.949342791794436, 3.019770136463428 ], [ 101.948116206843963, 3.018119852800597 ], [ 101.947830261683308, 3.017462025758912 ], [ 101.947401524742673, 3.016828198551923 ], [ 101.946675297641193, 3.016230413797805 ], [ 101.94541357369296, 3.015668793073567 ], [ 101.944568976303117, 3.01631523836051 ], [ 101.941724771768619, 3.016280803759932 ], [ 101.94115344583561, 3.016065757701926 ], [ 101.940534404225346, 3.015623434958227 ], [ 101.939843744463786, 3.0147504732316 ], [ 101.939652815837363, 3.013709772432626 ], [ 101.939961352560658, 3.011974952698536 ], [ 101.941185747983099, 3.009318501747968 ], [ 101.94178032241642, 3.008444886319257 ], [ 101.9427916889736, 3.008133328201189 ], [ 101.943184277197048, 3.007893864219717 ], [ 101.943433935195529, 3.007403246151076 ], [ 101.943207510189637, 3.006769312725511 ], [ 101.943016557019575, 3.005680759959068 ], [ 101.942980295414017, 3.004568201897787 ], [ 101.942837227389205, 3.004041894450058 ], [ 101.940967546614161, 3.001363089599845 ], [ 101.940585822935944, 2.999532914324603 ], [ 101.940299811328515, 2.998719561832126 ], [ 101.939942596743919, 2.998301030646574 ], [ 101.939537859540124, 2.99803804485886 ], [ 101.938907156846298, 2.998050326476488 ], [ 101.938300290261154, 2.998134374915269 ], [ 101.936741481738395, 2.99836246034306 ], [ 101.934766237788921, 2.998734310794012 ], [ 101.932778856056999, 2.998627635547324 ], [ 101.932159887924172, 2.998304937550097 ], [ 101.93146917164006, 2.997276445264873 ], [ 101.931349781480847, 2.996486932567948 ], [ 101.931277574382804, 2.994848008152852 ], [ 101.93156244188097, 2.993352464793317 ], [ 101.931490388385342, 2.992024583819364 ], [ 101.931157015219824, 2.991677816140437 ], [ 101.93058543506784, 2.990912453880612 ], [ 101.930073303449475, 2.990039392772384 ], [ 101.929823021109144, 2.989261907484489 ], [ 101.929595749474089, 2.9868693761055 ], [ 101.929796979782836, 2.984680007539834 ], [ 101.93036704561807, 2.982358861384472 ], [ 101.92999660942327, 2.979212717560177 ], [ 101.929841647295447, 2.978674449067213 ], [ 101.927758242750954, 2.976797248027161 ], [ 101.926210961591352, 2.976199845014281 ], [ 101.925199051501153, 2.975338987137343 ], [ 101.924162933923597, 2.973628750300248 ], [ 101.924078735736259, 2.971762526930751 ], [ 101.923684584138712, 2.968736020363124 ], [ 101.923416810195533, 2.968088145399158 ], [ 101.92272882798288, 2.966375299367908 ], [ 101.922489912600042, 2.965833294732823 ], [ 101.921505030380658, 2.963330479479768 ], [ 101.920598886338666, 2.961116930237157 ], [ 101.919467060549664, 2.958282185905392 ], [ 101.918788378184487, 2.957445084404331 ], [ 101.918562141525939, 2.957146111693367 ], [ 101.918228478767475, 2.956153321984579 ], [ 101.917847348160748, 2.955435709484008 ], [ 101.917478117825027, 2.954718091067149 ], [ 101.917024980112075, 2.95270848138398 ], [ 101.915857245978103, 2.949383253459235 ], [ 101.915309221552391, 2.94801970286089 ], [ 101.914880385754714, 2.947062845917269 ], [ 101.912056941517392, 2.940125489298036 ], [ 101.911496884100089, 2.938450895727875 ], [ 101.911318413444789, 2.93849883264153 ], [ 101.910937467480124, 2.938152076822986 ], [ 101.910533551129461, 2.936759099961881 ], [ 101.910000618662679, 2.935449463977616 ], [ 101.910000604681642, 2.935449428472669 ], [ 101.909058588515506, 2.933121706201103 ], [ 101.909015795958666, 2.932932700938147 ], [ 101.895502574654572, 2.89977109138416 ], [ 101.885162414123442, 2.873904335236524 ], [ 101.883671016893274, 2.870043222137465 ], [ 101.881855952595217, 2.866105679740467 ], [ 101.881427635733644, 2.866196786207689 ], [ 101.879147886204876, 2.866326972894004 ], [ 101.870966372511589, 2.866526660901799 ], [ 101.869138631051428, 2.866312091932171 ], [ 101.868519914819089, 2.866360205834129 ], [ 101.867972495695241, 2.866178592946413 ], [ 101.864093715466524, 2.866711389706589 ], [ 101.857478091235578, 2.86694861064155 ], [ 101.852989985631339, 2.867232782796538 ], [ 101.846136471620099, 2.867699732792866 ], [ 101.841705404909106, 2.867806780135434 ], [ 101.833181178040803, 2.867977623475308 ], [ 101.829273643036913, 2.868050920951323 ], [ 101.825323275515117, 2.868133792247317 ], [ 101.823333813893967, 2.868177620919744 ], [ 101.818893215265035, 2.868260656866141 ], [ 101.815961381207188, 2.868338325653569 ], [ 101.81405760255717, 2.868415603758432 ], [ 101.8079083945929, 2.868661936490579 ], [ 101.805471550478472, 2.868744181733579 ], [ 101.801430770290978, 2.868889213835255 ], [ 101.798241927891041, 2.868990857396486 ], [ 101.794324886727509, 2.86911667849 ], [ 101.789603490646556, 2.869257125673777 ], [ 101.789284907290792, 2.870132964816492 ], [ 101.789132738946549, 2.870525420627386 ], [ 101.788985330045108, 2.870917874756963 ], [ 101.788612232210824, 2.87160712785303 ], [ 101.788462773791011, 2.871910686076384 ], [ 101.788387902382524, 2.872128486018053 ], [ 101.787855943943313, 2.873238529918206 ], [ 101.786795133961803, 2.874571770152131 ], [ 101.785610409188763, 2.875735035332987 ], [ 101.784925276805296, 2.876438727513452 ], [ 101.78355486164854, 2.877415425308397 ], [ 101.782498491477199, 2.878147957669364 ], [ 101.780499849421858, 2.879239719539315 ], [ 101.7781014341721, 2.880432108981273 ], [ 101.776045635447261, 2.881423390272233 ], [ 101.774175427779298, 2.882328468019709 ], [ 101.772890525214848, 2.882874439760991 ], [ 101.7716485008403, 2.883549601604622 ], [ 101.770263749694294, 2.884411441062058 ], [ 101.769264529500418, 2.88529229130989 ], [ 101.768703091823184, 2.885876299042422 ], [ 101.76802756605943, 2.886891031196342 ], [ 101.767304617358874, 2.888432173491287 ], [ 101.766964635254396, 2.889358011480666 ], [ 101.766829204520334, 2.890088082562995 ], [ 101.766820036576902, 2.891150445542192 ], [ 101.766744747100319, 2.893763301791626 ], [ 101.766698145836813, 2.896768551532711 ], [ 101.766622778076552, 2.899142137407078 ], [ 101.766547255119164, 2.901046753651326 ], [ 101.766433699482249, 2.903085373931441 ], [ 101.766262697638538, 2.904128649387977 ], [ 101.76594886106264, 2.905037981402448 ], [ 101.765178313977287, 2.906607852108841 ], [ 101.764588414640443, 2.907517276283363 ], [ 101.764017489981555, 2.908235277719703 ], [ 101.763360874525247, 2.908905453460188 ], [ 101.762570993349669, 2.909594814872322 ], [ 101.761533660690446, 2.910446961792768 ], [ 101.76060095523728, 2.911040661343818 ], [ 101.759563544877039, 2.911663107262003 ], [ 101.758611814267638, 2.912304665767642 ], [ 101.758193079020529, 2.912668494637026 ], [ 101.757565062792409, 2.913482220535505 ], [ 101.757155967473963, 2.914219307787784 ], [ 101.757098959770758, 2.914554305086815 ], [ 101.756670856057298, 2.91538710664766 ], [ 101.756402894032732, 2.916133114926074 ], [ 101.756119290805444, 2.917119605396752 ], [ 101.755938992296549, 2.918880694849907 ], [ 101.756168189318871, 2.921129761612184 ], [ 101.756940485333544, 2.924871696629788 ], [ 101.757055246738005, 2.926489126517509 ], [ 101.756960451017733, 2.927714222031589 ], [ 101.756789342868359, 2.928460801972756 ], [ 101.756465990481345, 2.929417989994042 ], [ 101.75597142280543, 2.930796350199407 ], [ 101.7553721824588, 2.932308736138506 ], [ 101.754753920247794, 2.933878553058822 ], [ 101.753700206248723, 2.93636415203912 ], [ 101.753070360309152, 2.938224255703546 ], [ 101.752623359323195, 2.939526033094484 ], [ 101.752081724353289, 2.94256973008388 ], [ 101.751806118457836, 2.944005442764718 ], [ 101.751730883686008, 2.946857570834787 ], [ 101.751674564869077, 2.949326859952416 ], [ 101.751189709711895, 2.951336890087378 ], [ 101.750362197991166, 2.953519306828531 ], [ 101.749293498660791, 2.955666696257285 ], [ 101.748107318283516, 2.957568497526837 ], [ 101.747308067994183, 2.958851246833494 ], [ 101.74568084383813, 2.960919070902713 ], [ 101.744995835873411, 2.962230494607414 ], [ 101.744234844751801, 2.964097050193708 ], [ 101.743578511968209, 2.965781726202037 ], [ 101.742846173743388, 2.967954538380756 ], [ 101.742608858385324, 2.970098478870286 ], [ 101.742430774203143, 2.971400167940204 ], [ 101.742437243530773, 2.973033187389565 ], [ 101.742431792305197, 2.974600411224339 ], [ 101.742432371305981, 2.976418867138272 ], [ 101.74241502448794, 2.977998058237615 ], [ 101.742373761642128, 2.979212369454333 ], [ 101.742231297599972, 2.980265205659153 ], [ 101.742094773865063, 2.981288131128664 ], [ 101.74213663357088, 2.981946111574862 ], [ 101.741803755880198, 2.982957136765203 ], [ 101.741458945297225, 2.983866475774464 ], [ 101.740864323187481, 2.985057037927215 ], [ 101.740650255833359, 2.985475830162876 ], [ 101.740311209487956, 2.985804936043165 ], [ 101.739288354276638, 2.98753399378112 ], [ 101.738533109621983, 2.988826296542292 ], [ 101.737337837794229, 2.990998058773463 ], [ 101.73654107233547, 2.992715079209746 ], [ 101.736327015377157, 2.993175743263004 ], [ 101.735809668883277, 2.994156917309744 ], [ 101.735369488323457, 2.994551853648395 ], [ 101.734001209530049, 2.99530598969954 ], [ 101.73313868873862, 2.996071928316287 ], [ 101.732776115507662, 2.996491770056166 ], [ 101.732323838227288, 2.997065158538622 ], [ 101.731449466931949, 2.997998589324884 ], [ 101.731275482205376, 2.998200722598831 ], [ 101.72921877379585, 2.999901490499097 ], [ 101.728362174409511, 3.000595642980726 ], [ 101.727487806490984, 3.001558980080939 ], [ 101.726488521605063, 3.002641990789336 ], [ 101.725667705293944, 3.003617273690525 ], [ 101.723996626200901, 3.006578766570908 ], [ 101.723580341325189, 3.007314652736542 ], [ 101.722944011881452, 3.008415494557386 ], [ 101.72233742110437, 3.009480436362848 ], [ 101.721687676256323, 3.010497836074189 ], [ 101.720884279456911, 3.011770792491892 ], [ 101.72413773194765, 3.013684169996444 ], [ 101.723831759031853, 3.015181936817543 ], [ 101.724021084375636, 3.015540784553933 ], [ 101.72482484590769, 3.017130490269341 ], [ 101.726039413387596, 3.019498893590111 ], [ 101.727064650090284, 3.021479735480441 ], [ 101.72827445010644, 3.023790113362197 ], [ 101.728411392576987, 3.024071213415573 ], [ 101.728878995464399, 3.02412009945134 ], [ 101.728926368824247, 3.024125512148341 ], [ 101.729018385468507, 3.024391665910206 ], [ 101.729041967493089, 3.024456632748214 ], [ 101.729171409278351, 3.024813242654625 ], [ 101.729269635620057, 3.025083850801168 ], [ 101.729795015872412, 3.026605850409712 ], [ 101.729855247206828, 3.028938720036589 ], [ 101.730147009724789, 3.0295786767197 ], [ 101.730682778170504, 3.030362118356928 ], [ 101.730891198579243, 3.030876484072252 ], [ 101.730938932063395, 3.031295192464674 ], [ 101.73087376638162, 3.032210423125817 ], [ 101.730778935682366, 3.033400824360434 ], [ 101.730630789190727, 3.035345542997824 ], [ 101.730526890906546, 3.051837066842505 ], [ 101.730480876695324, 3.053100429782014 ], [ 101.730538596586285, 3.054988255582809 ], [ 101.735993085503523, 3.054992242709356 ], [ 101.73931102144256, 3.054981590510964 ], [ 101.741914910191596, 3.05497116383207 ], [ 101.745299495136493, 3.054974827284215 ], [ 101.747432109539645, 3.054954973240469 ], [ 101.749583769908782, 3.054949464733499 ], [ 101.749599128837886, 3.058179604516467 ], [ 101.749614325848384, 3.060921633397546 ], [ 101.749639129313252, 3.063917285043166 ], [ 101.749735082943175, 3.066147248583425 ], [ 101.749864408259029, 3.068520762631247 ], [ 101.750012911241626, 3.071296243453089 ], [ 101.750099194547559, 3.073071596939474 ], [ 101.748642762196098, 3.073813827310821 ], [ 101.749524013934447, 3.075536272262179 ], [ 101.749490893534116, 3.076139243681779 ], [ 101.747791432778257, 3.076154175174196 ], [ 101.747806568372937, 3.078709573138582 ], [ 101.74550815304967, 3.081318390532886 ], [ 101.745803334142565, 3.081864766430733 ], [ 101.746077010962807, 3.082313121416558 ], [ 101.747009121598538, 3.083077274580799 ], [ 101.749516193292919, 3.08515807280775 ], [ 101.75170900351678, 3.086998505440144 ], [ 101.752373373631713, 3.087841703610183 ], [ 101.753980526147885, 3.089298303316312 ], [ 101.755655544645762, 3.090826657393684 ], [ 101.757012704761024, 3.092060817274175 ], [ 101.758016293088886, 3.092979262674775 ], [ 101.759302031721589, 3.094156019162636 ], [ 101.761019923253713, 3.095720238155947 ], [ 101.76197351352873, 3.096581271847485 ], [ 101.762777123177273, 3.097366987737913 ], [ 101.763773597653298, 3.098332086430174 ], [ 101.764616493167594, 3.099142909896069 ], [ 101.764795073050166, 3.099315120238822 ], [ 101.766845118398791, 3.101134030957509 ], [ 101.768570161481748, 3.102662341768449 ], [ 101.770477356787808, 3.104348500798401 ], [ 101.771759542398243, 3.105492938433692 ], [ 101.774484632539597, 3.107896598174331 ], [ 101.776284705013595, 3.109500235644114 ], [ 101.778188354434405, 3.11118278969152 ], [ 101.77951341188411, 3.112352322997876 ], [ 101.781484833290151, 3.113826680555214 ], [ 101.781781256230772, 3.114034733570536 ], [ 101.783195450400129, 3.11484891365288 ], [ 101.782431342615766, 3.114755885606746 ], [ 101.782088737879249, 3.115179519865036 ], [ 101.78292107373575, 3.116320519914884 ], [ 101.783653444453208, 3.117475912815275 ], [ 101.785103913382216, 3.119797468883349 ], [ 101.786214980013014, 3.121544906011523 ], [ 101.787390379884059, 3.123453823280107 ], [ 101.78876582721432, 3.125617483216312 ], [ 101.789369600099306, 3.126575522870775 ], [ 101.791009099827221, 3.12828685993372 ], [ 101.792620026233962, 3.129958725428004 ], [ 101.794080942279919, 3.131487084907357 ], [ 101.795749027829586, 3.133212757383806 ], [ 101.797477845597768, 3.13501018311748 ], [ 101.798874473956545, 3.136452422527618 ], [ 101.799910344442893, 3.137535899588195 ], [ 101.802064236750638, 3.139760241464509 ], [ 101.803839514187132, 3.141607881423109 ], [ 101.80487896467416, 3.142687761633635 ], [ 101.80637563251247, 3.144237618639598 ], [ 101.807268635012832, 3.145163226691991 ], [ 101.808208440429539, 3.147050671920581 ], [ 101.808547911940778, 3.147725270340461 ], [ 101.809488081017619, 3.150506379047044 ], [ 101.809949219043418, 3.151841306631621 ], [ 101.810638954116214, 3.153373536803971 ], [ 101.810974880912312, 3.154101970561026 ], [ 101.81110358054633, 3.154496710012782 ], [ 101.811378725847462, 3.155020594339149 ], [ 101.811693539225971, 3.156513496847601 ], [ 101.811679718113226, 3.157654809752133 ], [ 101.811391021596719, 3.158943384566204 ], [ 101.810791735468825, 3.160361290685429 ], [ 101.810474249790403, 3.161097168582052 ], [ 101.810013889308806, 3.161707489038569 ], [ 101.809771678945339, 3.163171906618473 ], [ 101.809611372201942, 3.164090760253744 ], [ 101.808523329947079, 3.166556857706924 ], [ 101.808088228976445, 3.167834724697927 ], [ 101.807810045457316, 3.168642366609975 ], [ 101.807299892277598, 3.169751580101487 ], [ 101.806054841959977, 3.172490505301921 ], [ 101.805219757774225, 3.173599849712451 ], [ 101.804474008179298, 3.174885019521001 ], [ 101.80400675571056, 3.17614136457022 ], [ 101.803782052877665, 3.176762355424457 ], [ 101.802833017125863, 3.178661328736337 ], [ 101.804840292814006, 3.180081770090802 ], [ 101.804280169043963, 3.181255605553965 ], [ 101.803909120118192, 3.182005860315785 ], [ 101.80251043129897, 3.184543860735672 ], [ 101.802785976171563, 3.18605472654038 ], [ 101.803629448931332, 3.18803552399794 ], [ 101.805126422558217, 3.190166793782729 ], [ 101.806001752592806, 3.191433360821976 ], [ 101.806870100180646, 3.1930875434085 ], [ 101.807756026747555, 3.194056215631907 ], [ 101.8084391473175, 3.196805121639485 ], [ 101.808914608396407, 3.198172341198144 ], [ 101.809747062947395, 3.19934201756104 ], [ 101.810058260675618, 3.200677002675289 ], [ 101.810137317824029, 3.20190441293042 ], [ 101.810355365679271, 3.202474976180722 ], [ 101.811184056804066, 3.203160135320946 ], [ 101.812030504097251, 3.203604822388727 ], [ 101.812587915451189, 3.204519789396978 ], [ 101.81265244827317, 3.205158689303154 ], [ 101.812785128621442, 3.206518787537612 ], [ 101.812874995745162, 3.207972300240505 ], [ 101.813062585535278, 3.210682724013609 ], [ 101.811986628562067, 3.213656070402513 ], [ 101.811427613209517, 3.214643281229017 ], [ 101.811398621917732, 3.216503598146475 ], [ 101.812428535804472, 3.217322660599468 ], [ 101.813101617301484, 3.218734057758399 ], [ 101.813941124897596, 3.219630959596664 ], [ 101.815250898461358, 3.220790857233487 ], [ 101.815542742617524, 3.221341049524093 ], [ 101.81561470142428, 3.222645026314106 ], [ 101.816269730623432, 3.223559948087884 ], [ 101.817157226493322, 3.225342115013001 ], [ 101.816836595830551, 3.227118810051195 ], [ 101.816533493549713, 3.228117878985112 ], [ 101.816635049541802, 3.229033033462781 ], [ 101.817292095511235, 3.229956766131872 ], [ 101.817968888633303, 3.230773138236239 ], [ 101.818630312680256, 3.232722885312566 ], [ 101.819922086943805, 3.233482008826565 ], [ 101.821577195679168, 3.234940831239193 ], [ 101.822446780276707, 3.236537566258584 ], [ 101.824001637592801, 3.240137866182944 ], [ 101.82447232822183, 3.24136988805729 ], [ 101.825371489237284, 3.2425179807048 ], [ 101.826627686272047, 3.24354030213492 ], [ 101.827205513818086, 3.244784238800992 ], [ 101.828265469479476, 3.246159561469691 ], [ 101.828718094728231, 3.246883146037483 ], [ 101.829242673303128, 3.248106446355147 ], [ 101.829927052439416, 3.248742916411184 ], [ 101.830403501850256, 3.249502379434863 ], [ 101.830689431164984, 3.250094439103324 ], [ 101.830636130293527, 3.250698611025418 ], [ 101.83013648706995, 3.251350832248463 ], [ 101.830029520974733, 3.251721742646295 ], [ 101.830499900993459, 3.252206051298242 ], [ 101.830976068951486, 3.25231351203828 ], [ 101.831386720826941, 3.252307349695442 ], [ 101.831523673440998, 3.252462812758297 ], [ 101.831523926369812, 3.253043034391315 ], [ 101.831428858513576, 3.253401976305117 ], [ 101.831197781605823, 3.25577081837251 ], [ 101.830746600905499, 3.25685298104422 ], [ 101.830714673689158, 3.257337510172677 ], [ 101.830789911856598, 3.257908128129299 ], [ 101.831518768311838, 3.258794289944929 ], [ 101.832008185201914, 3.259249876878878 ], [ 101.832765249714669, 3.259310555164563 ], [ 101.833118853914002, 3.259497026594817 ], [ 101.833407599554803, 3.259773825781323 ], [ 101.83424779437857, 3.260691662529897 ], [ 101.834583713666376, 3.261262164019273 ], [ 101.835048203104989, 3.261868498098713 ], [ 101.83541969980169, 3.262137507514686 ], [ 101.835994502785738, 3.2618680764363 ], [ 101.836544621474005, 3.262305688577554 ], [ 101.837087640089521, 3.26283661744647 ], [ 101.837459088412743, 3.262994367096054 ], [ 101.838266243345672, 3.263266769155433 ], [ 101.838591335085226, 3.263571687975443 ], [ 101.838988043980464, 3.264321609992195 ], [ 101.83929165468696, 3.264500923300455 ], [ 101.839627312933345, 3.264475649323654 ], [ 101.839991463566022, 3.264281679614352 ], [ 101.840266404354963, 3.264231309812054 ], [ 101.840541425219925, 3.264360389664737 ], [ 101.841792328411771, 3.266750095163461 ], [ 101.842789064417815, 3.26772584997009 ], [ 101.843074968863831, 3.268231768344388 ], [ 101.843264489816562, 3.268809510252424 ], [ 101.843754331200955, 3.270183872038352 ], [ 101.844100975902137, 3.270761542149774 ], [ 101.844154710416589, 3.271138361942323 ], [ 101.844157694258016, 3.271310153713334 ], [ 101.844163983090525, 3.272057857709816 ], [ 101.844294997222732, 3.272231265994242 ], [ 101.844527197255374, 3.272422573078162 ], [ 101.84481291344332, 3.27250618589756 ], [ 101.845050984168452, 3.272518040535461 ], [ 101.845562800248388, 3.272463971835298 ], [ 101.846949441080042, 3.272265942523999 ], [ 101.84893701884144, 3.271678827558004 ], [ 101.849597671394719, 3.271726376406497 ], [ 101.850234566703776, 3.27188160547391 ], [ 101.850544185477162, 3.272174563306327 ], [ 101.850889503285899, 3.272443577911366 ], [ 101.851901615646128, 3.273172870469126 ], [ 101.852419663624516, 3.273728923443814 ], [ 101.852949736594056, 3.274548162950901 ], [ 101.853366687843703, 3.27527772998254 ], [ 101.853694271205669, 3.275803962391178 ], [ 101.854313127033521, 3.275218577064266 ], [ 101.855762996220619, 3.274838491070352 ], [ 101.857031558984474, 3.274611365411897 ], [ 101.857545751123666, 3.274546522438099 ], [ 101.857888482431804, 3.27436691221612 ], [ 101.858238111803388, 3.273663306744425 ], [ 101.858630689437277, 3.273167842175758 ], [ 101.860044453160128, 3.272427845445399 ], [ 101.860765572884759, 3.271960937132769 ], [ 101.860979656994829, 3.271587581632634 ], [ 101.861129507059971, 3.271307570052708 ], [ 101.861200906422155, 3.271264468501346 ], [ 101.861236565803438, 3.271156782119561 ], [ 101.861493575206822, 3.270941321573432 ], [ 101.862914563486385, 3.270387945231767 ], [ 101.864157204400641, 3.270265329825505 ], [ 101.868849509105701, 3.270363579583666 ], [ 101.869634979470902, 3.270061727849315 ], [ 101.870220673462171, 3.270176293401713 ], [ 101.872349388286949, 3.271043799083546 ], [ 101.873428111980076, 3.271646225010609 ], [ 101.873878186090693, 3.271918768982801 ], [ 101.874485366247015, 3.272155346598426 ], [ 101.874871049203335, 3.272191048850728 ], [ 101.875335200315391, 3.272032907999033 ], [ 101.875963488101959, 3.271609102693883 ], [ 101.876313253195377, 3.271214144752369 ], [ 101.876677090426483, 3.270381324756146 ], [ 101.877219215389275, 3.26901007124292 ], [ 101.877475953651825, 3.268241904993596 ], [ 101.877682909898226, 3.267911618108432 ], [ 101.877918471926506, 3.267660274685265 ], [ 101.87865376677324, 3.266992365591538 ], [ 101.878903605259126, 3.266726659112402 ], [ 101.880024482032169, 3.265893467534348 ], [ 101.880195825165643, 3.265764180366443 ], [ 101.880795462971491, 3.265182472048703 ], [ 101.881216597961512, 3.264694164570271 ], [ 101.881673473548148, 3.264270440919931 ], [ 101.882173291148348, 3.264033322606133 ], [ 101.882765991731162, 3.263875115702772 ], [ 101.883344264544178, 3.263422619797649 ], [ 101.884008057001267, 3.262596828198174 ], [ 101.885171407440509, 3.261009926949369 ], [ 101.885535562270107, 3.260844653898485 ], [ 101.888249698497333, 3.261295516054306 ], [ 101.888721034245748, 3.261237857626816 ], [ 101.889185206785726, 3.261137134918605 ], [ 101.890049008326955, 3.260397375705332 ], [ 101.890491740525817, 3.260267951429255 ], [ 101.890841784776583, 3.260454402674296 ], [ 101.891099016810685, 3.260705501713412 ], [ 101.892299811936354, 3.262635764539743 ], [ 101.892743252328586, 3.263927570167949 ], [ 101.893172306512795, 3.265011222510076 ], [ 101.893786829365411, 3.26564974902251 ], [ 101.894172585799282, 3.265836180687815 ], [ 101.897593904798029, 3.266516351320871 ], [ 101.899179435729351, 3.266565789683093 ], [ 101.900307847775608, 3.266543679927371 ], [ 101.901014715792655, 3.266184422150058 ], [ 101.902349721752159, 3.265135761150336 ], [ 101.90354904727235, 3.264123058133489 ], [ 101.904127449798764, 3.263943312670645 ], [ 101.905512923191964, 3.263834930198124 ], [ 101.906212799840702, 3.263777145612499 ], [ 101.90721351603861, 3.26357803916872 ], [ 101.907915649108759, 3.263278595657185 ], [ 101.90854620930952, 3.262680108904283 ], [ 101.908843609853704, 3.26233302190998 ], [ 101.909010115603436, 3.262063763575685 ], [ 101.90910519322, 3.261776597507421 ], [ 101.909128323484666, 3.260460633850229 ], [ 101.909347830669461, 3.259096715508867 ], [ 101.909490591137455, 3.258947101470009 ], [ 101.909710654116211, 3.258665852128571 ], [ 101.910037934072719, 3.258558013410046 ], [ 101.91065090991718, 3.258491897243248 ], [ 101.911127067841619, 3.258557447069744 ], [ 101.911930798848942, 3.259083408828085 ], [ 101.913234641062729, 3.259956040957223 ], [ 101.913847750813815, 3.260147131209028 ], [ 101.914359383303776, 3.259758059655801 ], [ 101.915115116180118, 3.259536344468069 ], [ 101.916686218010483, 3.259326163230671 ], [ 101.917477821651147, 3.259415470234711 ], [ 101.917882649233107, 3.259648538825767 ], [ 101.918394720740281, 3.260102869421817 ], [ 101.918710203460122, 3.260198408217307 ], [ 101.919239873533726, 3.260162238687106 ], [ 101.919709959016899, 3.25999450548077 ], [ 101.920120513085678, 3.259796895674806 ], [ 101.920769188933093, 3.259712809635194 ], [ 101.921608421431287, 3.259831995940082 ], [ 101.92232826175308, 3.259993497396111 ], [ 101.92301040314176, 3.260168992912296 ], [ 101.923838890628915, 3.260225974488744 ], [ 101.924481687616989, 3.260279465615325 ], [ 101.925395845442736, 3.260275387967073 ], [ 101.925684994299488, 3.260092196790856 ], [ 101.925895430298283, 3.259621931743689 ], [ 101.927744418449464, 3.258199716445712 ], [ 101.928340480941031, 3.257668231829162 ], [ 101.928365334199043, 3.257399047356716 ], [ 101.928204361899134, 3.25687155847405 ], [ 101.927964755119106, 3.256204142767982 ], [ 101.927918041324261, 3.255655058722854 ], [ 101.928096308827463, 3.255130976535718 ], [ 101.928603008879534, 3.254434448409777 ], [ 101.928967091405099, 3.254150725833203 ], [ 101.929234875622569, 3.254085980774699 ], [ 101.929681326008165, 3.254247243192432 ], [ 101.930088530919633, 3.254473127584661 ], [ 101.930413488102971, 3.254480130349238 ], [ 101.931081143929248, 3.254282378124653 ], [ 101.93136315031694, 3.254102778547286 ], [ 101.9316165202099, 3.253793992302749 ], [ 101.931777142215111, 3.25366470345432 ], [ 101.932512160313436, 3.252562499613802 ], [ 101.933129467909779, 3.251704407514991 ], [ 101.933325694611511, 3.251381296162353 ], [ 101.933607651767829, 3.251111972535756 ], [ 101.934557329128424, 3.250770507859736 ], [ 101.934803659718355, 3.250655527934875 ], [ 101.934810703172516, 3.250472487925046 ], [ 101.934564189512727, 3.250246518169887 ], [ 101.934163959718191, 3.249708393436261 ], [ 101.933778133275098, 3.249392775289157 ], [ 101.933445832088381, 3.249005349069124 ], [ 101.933120563458615, 3.248413348969289 ], [ 101.932791718613856, 3.247810583787359 ], [ 101.932648729384994, 3.247523545336803 ], [ 101.9324627821494, 3.247035549043918 ], [ 101.932287434687268, 3.246335799110995 ], [ 101.932183702629828, 3.246005671984063 ], [ 101.93189787850406, 3.245718710381198 ], [ 101.930869062166749, 3.244965585531357 ], [ 101.931411461381359, 3.244261859921006 ], [ 101.931871724000288, 3.243547411547465 ], [ 101.932281226438562, 3.242882019426903 ], [ 101.932631829243107, 3.241882906878957 ], [ 101.932833929537438, 3.241416234819813 ], [ 101.933000423206352, 3.24114099243928 ], [ 101.933178845250964, 3.24091359622838 ], [ 101.934047401377072, 3.240249172173311 ], [ 101.934398427688308, 3.240045608838837 ], [ 101.934880228584859, 3.239548877429881 ], [ 101.935153889022303, 3.239351337328396 ], [ 101.936028557824613, 3.238991969001278 ], [ 101.936915071037333, 3.238524925254902 ], [ 101.937629062790862, 3.238189569264084 ], [ 101.938396536396155, 3.237704644423076 ], [ 101.939158025621651, 3.237159906659838 ], [ 101.939746893779386, 3.236561428473601 ], [ 101.940139448506201, 3.236118578045603 ], [ 101.940745885271966, 3.23499371166956 ], [ 101.941702803169647, 3.232666357988241 ], [ 101.942600249111862, 3.230422778557496 ], [ 101.943171021208911, 3.2293876546885 ], [ 101.94390259950481, 3.228573760571967 ], [ 101.944189972609152, 3.227990759029388 ], [ 101.944710497968302, 3.226490296340301 ], [ 101.944689188116584, 3.226391330396108 ], [ 101.94508852108261, 3.225600031677891 ], [ 101.945289569064585, 3.225401333290368 ], [ 101.946017372134904, 3.224218975942317 ], [ 101.946269425565006, 3.223697244824582 ], [ 101.946906917391772, 3.222792481478031 ], [ 101.947178030066368, 3.222299451290942 ], [ 101.94729662931627, 3.221514604621404 ], [ 101.947296147172835, 3.220629333176537 ], [ 101.947347945628309, 3.219576549120362 ], [ 101.947300022474437, 3.219002345160045 ], [ 101.947242712726009, 3.218676979485603 ], [ 101.947294902035168, 3.218341983101384 ], [ 101.947466104583413, 3.217982995019818 ], [ 101.947808631847764, 3.217489925621568 ], [ 101.94894524357035, 3.21514452643248 ], [ 101.949068928779894, 3.214957833481451 ], [ 101.949130634366369, 3.214613261370443 ], [ 101.948930076232898, 3.213522334432757 ], [ 101.948605497612803, 3.212000802880096 ], [ 101.948381289521734, 3.211192218493482 ], [ 101.948171578284359, 3.210776016745924 ], [ 101.948042926761403, 3.210584677296899 ], [ 101.948109393699482, 3.210240102589759 ], [ 101.948218766966306, 3.21000077988012 ], [ 101.948418591629377, 3.20974705171808 ], [ 101.950335703360636, 3.206855704923377 ], [ 101.949188120272439, 3.206521368697502 ], [ 101.948373771303196, 3.20611985469528 ], [ 101.945535529974052, 3.204848530276278 ], [ 101.946866819034923, 3.1993423674506 ], [ 101.947039100016312, 3.198780005919494 ], [ 101.947229027486827, 3.197834814371875 ], [ 101.947442559027024, 3.196518752705212 ], [ 101.947620325023607, 3.195095042360741 ], [ 101.947667640246991, 3.194550693806374 ], [ 101.947780356969389, 3.193892659742408 ], [ 101.947785894367712, 3.19312701597512 ], [ 101.947839079963956, 3.192433125009645 ], [ 101.947838886064474, 3.192074231011571 ], [ 101.947719688330537, 3.19175129136347 ], [ 101.947529115513802, 3.191500169443406 ], [ 101.947106418551243, 3.191195339873785 ], [ 101.945874081231224, 3.190364572397844 ], [ 101.945504939218608, 3.190047749739184 ], [ 101.945141719678148, 3.189677089548301 ], [ 101.94446878721169, 3.18883405290842 ], [ 101.944013260384779, 3.187971158750965 ], [ 101.943554740768292, 3.187445028440156 ], [ 101.943185571865797, 3.187074370472281 ], [ 101.942167506220812, 3.186285352292449 ], [ 101.941357779460191, 3.185585944309449 ], [ 101.941125551704232, 3.185334843123696 ], [ 101.940422822623802, 3.184402095070585 ], [ 101.940934211454874, 3.183636178407302 ], [ 101.942397630644777, 3.182594596497094 ], [ 101.94463800389417, 3.181243386608923 ], [ 101.944759234565353, 3.180750996681377 ], [ 101.945098037120516, 3.17998517208067 ], [ 101.945091688852585, 3.179243460507399 ], [ 101.944995962351641, 3.178292442206009 ], [ 101.944983605692968, 3.177443065527324 ], [ 101.945108325520366, 3.176970453841938 ] ] ] } },
{ "type": "Feature", "properties": { "OBJECTID": 7, "KATEGORI": "Majlis Perbandaran", "NAMA_PBT": "Majlis Perbandaran Ampang Jaya", "Shape_area": 13914.661990099999, "web_name": "Majlis Perbandaran Ampang Jaya", "web_type": "Majlis Perbandaran", "web_area": 13914.661990099999 }, "geometry": { "type": "Polygon", "coordinates": [ [ [ 101.833082453694033, 3.289686798093633 ], [ 101.83333600076574, 3.289693862740263 ], [ 101.833996597168266, 3.28958948621535 ], [ 101.834121575625048, 3.289571485255893 ], [ 101.834853512963122, 3.289287626411509 ], [ 101.835335454876656, 3.288953633440938 ], [ 101.83591733120528, 3.288497569492825 ], [ 101.837288386521422, 3.287998081780321 ], [ 101.837584681409723, 3.287771841443466 ], [ 101.838059357746559, 3.28716508703586 ], [ 101.838366374966554, 3.286960375646334 ], [ 101.838866271098098, 3.286852479801053 ], [ 101.839816147540191, 3.286812570733748 ], [ 101.840755173641355, 3.286467601245679 ], [ 101.841765630995582, 3.286147721398462 ], [ 101.842140613230754, 3.286201385539884 ], [ 101.842922913284454, 3.286742966717001 ], [ 101.843233696777062, 3.286972520329224 ], [ 101.843644446570522, 3.287151782234019 ], [ 101.844305092320383, 3.287162246942255 ], [ 101.845190660930243, 3.287057760327401 ], [ 101.84703316257928, 3.286726726267659 ], [ 101.847979354416012, 3.28643917085187 ], [ 101.84843633947952, 3.286205675532012 ], [ 101.849060976965106, 3.285566546697381 ], [ 101.84969991096763, 3.284956122869127 ], [ 101.850042581115616, 3.284632955144574 ], [ 101.851159709113034, 3.283322456151066 ], [ 101.851477089114283, 3.282364048844661 ], [ 101.853694271205669, 3.275803962391178 ], [ 101.853366687843703, 3.27527772998254 ], [ 101.852949736594056, 3.274548162950901 ], [ 101.852419663624516, 3.273728923443814 ], [ 101.851901615646128, 3.273172870469126 ], [ 101.850889503285899, 3.272443577911366 ], [ 101.850544185477162, 3.272174563306327 ], [ 101.850234566703776, 3.27188160547391 ], [ 101.849597671394719, 3.271726376406497 ], [ 101.84893701884144, 3.271678827558004 ], [ 101.846949441080042, 3.272265942523999 ], [ 101.845562800248388, 3.272463971835298 ], [ 101.845050984168452, 3.272518040535461 ], [ 101.84481291344332, 3.27250618589756 ], [ 101.844527197255374, 3.272422573078162 ], [ 101.844294997222732, 3.272231265994242 ], [ 101.844163983090525, 3.272057857709816 ], [ 101.844157694258016, 3.271310153713334 ], [ 101.844154710416589, 3.271138361942323 ], [ 101.844100975902137, 3.270761542149774 ], [ 101.843754331200955, 3.270183872038352 ], [ 101.843264489816562, 3.268809510252424 ], [ 101.843074968863831, 3.268231768344388 ], [ 101.842789064417815, 3.26772584997009 ], [ 101.841792328411771, 3.266750095163461 ], [ 101.840541425219925, 3.264360389664737 ], [ 101.840266404354963, 3.264231309812054 ], [ 101.839991463566022, 3.264281679614352 ], [ 101.839627312933345, 3.264475649323654 ], [ 101.83929165468696, 3.264500923300455 ], [ 101.838988043980464, 3.264321609992195 ], [ 101.838591335085226, 3.263571687975443 ], [ 101.838266243345672, 3.263266769155433 ], [ 101.837459088412743, 3.262994367096054 ], [ 101.837087640089521, 3.26283661744647 ], [ 101.836544621474005, 3.262305688577554 ], [ 101.835994502785738, 3.2618680764363 ], [ 101.83541969980169, 3.262137507514686 ], [ 101.835048203104989, 3.261868498098713 ], [ 101.834583713666376, 3.261262164019273 ], [ 101.83424779437857, 3.260691662529897 ], [ 101.833407599554803, 3.259773825781323 ], [ 101.833118853914002, 3.259497026594817 ], [ 101.832765249714669, 3.259310555164563 ], [ 101.832008185201914, 3.259249876878878 ], [ 101.831518768311838, 3.258794289944929 ], [ 101.830789911856598, 3.257908128129299 ], [ 101.830714673689158, 3.257337510172677 ], [ 101.830746600905499, 3.25685298104422 ], [ 101.831197781605823, 3.25577081837251 ], [ 101.831428858513576, 3.253401976305117 ], [ 101.831523926369812, 3.253043034391315 ], [ 101.831523673440998, 3.252462812758297 ], [ 101.831386720826941, 3.252307349695442 ], [ 101.830976068951486, 3.25231351203828 ], [ 101.830499900993459, 3.252206051298242 ], [ 101.830029520974733, 3.251721742646295 ], [ 101.83013648706995, 3.251350832248463 ], [ 101.830636130293527, 3.250698611025418 ], [ 101.830689431164984, 3.250094439103324 ], [ 101.830403501850256, 3.249502379434863 ], [ 101.829927052439416, 3.248742916411184 ], [ 101.829242673303128, 3.248106446355147 ], [ 101.828718094728231, 3.246883146037483 ], [ 101.828265469479476, 3.246159561469691 ], [ 101.827205513818086, 3.244784238800992 ], [ 101.826627686272047, 3.24354030213492 ], [ 101.825371489237284, 3.2425179807048 ], [ 101.82447232822183, 3.24136988805729 ], [ 101.824001637592801, 3.240137866182944 ], [ 101.822446780276707, 3.236537566258584 ], [ 101.821577195679168, 3.234940831239193 ], [ 101.819922086943805, 3.233482008826565 ], [ 101.818630312680256, 3.232722885312566 ], [ 101.817968888633303, 3.230773138236239 ], [ 101.817292095511235, 3.229956766131872 ], [ 101.816635049541802, 3.229033033462781 ], [ 101.816533493549713, 3.228117878985112 ], [ 101.816836595830551, 3.227118810051195 ], [ 101.817157226493322, 3.225342115013001 ], [ 101.816269730623432, 3.223559948087884 ], [ 101.81561470142428, 3.222645026314106 ], [ 101.815542742617524, 3.221341049524093 ], [ 101.815250898461358, 3.220790857233487 ], [ 101.813941124897596, 3.219630959596664 ], [ 101.813101617301484, 3.218734057758399 ], [ 101.812428535804472, 3.217322660599468 ], [ 101.811398621917732, 3.216503598146475 ], [ 101.811427613209517, 3.214643281229017 ], [ 101.811986628562067, 3.213656070402513 ], [ 101.813062585535278, 3.210682724013609 ], [ 101.812874995745162, 3.207972300240505 ], [ 101.812785128621442, 3.206518787537612 ], [ 101.81265244827317, 3.205158689303154 ], [ 101.812587915451189, 3.204519789396978 ], [ 101.812030504097251, 3.203604822388727 ], [ 101.811184056804066, 3.203160135320946 ], [ 101.810355365679271, 3.202474976180722 ], [ 101.810137317824029, 3.20190441293042 ], [ 101.810058260675618, 3.200677002675289 ], [ 101.809747062947395, 3.19934201756104 ], [ 101.808914608396407, 3.198172341198144 ], [ 101.8084391473175, 3.196805121639485 ], [ 101.807756026747555, 3.194056215631907 ], [ 101.806870100180646, 3.1930875434085 ], [ 101.806001752592806, 3.191433360821976 ], [ 101.805126422558217, 3.190166793782729 ], [ 101.803629448931332, 3.18803552399794 ], [ 101.802785976171563, 3.18605472654038 ], [ 101.80251043129897, 3.184543860735672 ], [ 101.803909120118192, 3.182005860315785 ], [ 101.804280169043963, 3.181255605553965 ], [ 101.804840292814006, 3.180081770090802 ], [ 101.802833017125863, 3.178661328736337 ], [ 101.803782052877665, 3.176762355424457 ], [ 101.80400675571056, 3.17614136457022 ], [ 101.804474008179298, 3.174885019521001 ], [ 101.805219757774225, 3.173599849712451 ], [ 101.806054841959977, 3.172490505301921 ], [ 101.807299892277598, 3.169751580101487 ], [ 101.807810045457316, 3.168642366609975 ], [ 101.808088228976445, 3.167834724697927 ], [ 101.808523329947079, 3.166556857706924 ], [ 101.809611372201942, 3.164090760253744 ], [ 101.809771678945339, 3.163171906618473 ], [ 101.810013889308806, 3.161707489038569 ], [ 101.810474249790403, 3.161097168582052 ], [ 101.810791735468825, 3.160361290685429 ], [ 101.811391021596719, 3.158943384566204 ], [ 101.811679718113226, 3.157654809752133 ], [ 101.811693539225971, 3.156513496847601 ], [ 101.811378725847462, 3.155020594339149 ], [ 101.81110358054633, 3.154496710012782 ], [ 101.810974880912312, 3.154101970561026 ], [ 101.810638954116214, 3.153373536803971 ], [ 101.809949219043418, 3.151841306631621 ], [ 101.809488081017619, 3.150506379047044 ], [ 101.808547911940778, 3.147725270340461 ], [ 101.808208440429539, 3.147050671920581 ], [ 101.807268635012832, 3.145163226691991 ], [ 101.80637563251247, 3.144237618639598 ], [ 101.80487896467416, 3.142687761633635 ], [ 101.803839514187132, 3.141607881423109 ], [ 101.802064236750638, 3.139760241464509 ], [ 101.799910344442893, 3.137535899588195 ], [ 101.798874473956545, 3.136452422527618 ], [ 101.797477845597768, 3.13501018311748 ], [ 101.795749027829586, 3.133212757383806 ], [ 101.794080942279919, 3.131487084907357 ], [ 101.792620026233962, 3.129958725428004 ], [ 101.791009099827221, 3.12828685993372 ], [ 101.789369600099306, 3.126575522870775 ], [ 101.78876582721432, 3.125617483216312 ], [ 101.787390379884059, 3.123453823280107 ], [ 101.786214980013014, 3.121544906011523 ], [ 101.785103913382216, 3.119797468883349 ], [ 101.783653444453208, 3.117475912815275 ], [ 101.78292107373575, 3.116320519914884 ], [ 101.782088737879249, 3.115179519865036 ], [ 101.782431342615766, 3.114755885606746 ], [ 101.783195450400129, 3.11484891365288 ], [ 101.781781256230772, 3.114034733570536 ], [ 101.781484833290151, 3.113826680555214 ], [ 101.77951341188411, 3.112352322997876 ], [ 101.778188354434405, 3.11118278969152 ], [ 101.776284705013595, 3.109500235644114 ], [ 101.774484632539597, 3.107896598174331 ], [ 101.771759542398243, 3.105492938433692 ], [ 101.770477356787808, 3.104348500798401 ], [ 101.768570161481748, 3.102662341768449 ], [ 101.766845118398791, 3.101134030957509 ], [ 101.764795073050166, 3.099315120238822 ], [ 101.764616493167594, 3.099142909896069 ], [ 101.763773597653298, 3.098332086430174 ], [ 101.762777123177273, 3.097366987737913 ], [ 101.76197351352873, 3.096581271847485 ], [ 101.761019923253713, 3.095720238155947 ], [ 101.759302031721589, 3.094156019162636 ], [ 101.758016293088886, 3.092979262674775 ], [ 101.757012704761024, 3.092060817274175 ], [ 101.755655544645762, 3.090826657393684 ], [ 101.753980526147885, 3.089298303316312 ], [ 101.752373373631713, 3.087841703610183 ], [ 101.75170900351678, 3.086998505440144 ], [ 101.749516193292919, 3.08515807280775 ], [ 101.747009121598538, 3.083077274580799 ], [ 101.746077010962807, 3.082313121416558 ], [ 101.745902363887424, 3.083210442631532 ], [ 101.745083533235345, 3.084073633049342 ], [ 101.745061030155966, 3.086190462194475 ], [ 101.746194996538946, 3.087339293882275 ], [ 101.747280757159047, 3.088462299218345 ], [ 101.748605801303881, 3.089786208526041 ], [ 101.749427253224695, 3.090589875630896 ], [ 101.751159443092476, 3.092265368754487 ], [ 101.751721381246185, 3.096360278197348 ], [ 101.752482168004562, 3.097232154682508 ], [ 101.750648453940784, 3.101532462651361 ], [ 101.753612496475156, 3.103336730982955 ], [ 101.753184324035203, 3.104140825298788 ], [ 101.753505764499678, 3.104445782904581 ], [ 101.752690710916468, 3.105858144435932 ], [ 101.751714477645805, 3.1075365700267 ], [ 101.749272854597578, 3.109123767858462 ], [ 101.746855958620941, 3.109942896251566 ], [ 101.747659684762823, 3.111073172090339 ], [ 101.745663544807812, 3.110259137833035 ], [ 101.745285115221307, 3.110363348604881 ], [ 101.745581749416132, 3.111224619474029 ], [ 101.744557159395626, 3.111587460641896 ], [ 101.743913866318493, 3.109742907258213 ], [ 101.742675035201302, 3.110055572150358 ], [ 101.741146855304208, 3.109934057666508 ], [ 101.740195658851817, 3.111262085191812 ], [ 101.740095730923244, 3.111394913444155 ], [ 101.739949300831299, 3.111265756576226 ], [ 101.739320006426283, 3.112145283937136 ], [ 101.738848826121256, 3.112497167946772 ], [ 101.73806369461991, 3.113599267780817 ], [ 101.738266215997371, 3.114169849304991 ], [ 101.738514007355278, 3.114901933084558 ], [ 101.738080931975958, 3.115362634514499 ], [ 101.737815921003673, 3.11563510031171 ], [ 101.737476557850385, 3.115988564165216 ], [ 101.737638535826235, 3.116347415395743 ], [ 101.738571689850204, 3.116586374786786 ], [ 101.738520337099118, 3.116803081251945 ], [ 101.738305354058028, 3.117366483793214 ], [ 101.737795961281975, 3.117337940981972 ], [ 101.73755803089206, 3.117639500354391 ], [ 101.738829188250136, 3.117878346938482 ], [ 101.739362659743321, 3.118739540714504 ], [ 101.739248702997699, 3.119639233946819 ], [ 101.740529915308358, 3.121476398010456 ], [ 101.740488981850064, 3.121732128300816 ], [ 101.740420798045946, 3.12261057415955 ], [ 101.74089260381615, 3.124127386953681 ], [ 101.740007784530036, 3.126104053887654 ], [ 101.739522557463886, 3.127180931425097 ], [ 101.738066877395383, 3.130430704818445 ], [ 101.737560747716032, 3.131565571182863 ], [ 101.737362833753579, 3.132043619613698 ], [ 101.736977496864355, 3.132881193115063 ], [ 101.736768188789725, 3.13336937367571 ], [ 101.736497039226776, 3.134001136810629 ], [ 101.736073366678113, 3.134082629695234 ], [ 101.735497362145736, 3.134192885442288 ], [ 101.735583142310347, 3.134460839345615 ], [ 101.735350196785703, 3.135456279992753 ], [ 101.735012231423212, 3.135585598040576 ], [ 101.736265371597653, 3.13886796539785 ], [ 101.737092697151226, 3.139586138368622 ], [ 101.737137916580494, 3.139626375057214 ], [ 101.737359061615905, 3.139823939531829 ], [ 101.73743463503007, 3.139891211455953 ], [ 101.738805796222906, 3.141115210252526 ], [ 101.739555978993067, 3.141781169907778 ], [ 101.739878475313773, 3.142502789061708 ], [ 101.740065728968332, 3.142843356178079 ], [ 101.740384936382256, 3.143561057907741 ], [ 101.73889039382739, 3.144523426849133 ], [ 101.740843242646463, 3.147374863899844 ], [ 101.741638628331117, 3.148398668817666 ], [ 101.74060085292291, 3.148590436671582 ], [ 101.740644118331417, 3.149839410430998 ], [ 101.74066350803426, 3.150873049419802 ], [ 101.742220200109259, 3.150661963119123 ], [ 101.742310567113861, 3.150403521002552 ], [ 101.744490797384984, 3.15007653808155 ], [ 101.744669778247243, 3.150037608296405 ], [ 101.744872291838689, 3.14999207176038 ], [ 101.745224988125543, 3.149910324851321 ], [ 101.745280108115296, 3.149900363354686 ], [ 101.746775861358515, 3.149578903133822 ], [ 101.746857403248498, 3.151363826567643 ], [ 101.746838610303868, 3.152095998148671 ], [ 101.747161579214193, 3.153665074689919 ], [ 101.747819842566528, 3.15360784298589 ], [ 101.748157800416081, 3.153445022599187 ], [ 101.74978227838524, 3.156521464787764 ], [ 101.750349183475279, 3.157602765350474 ], [ 101.749130657740153, 3.158277930148449 ], [ 101.749054602308377, 3.158617719374239 ], [ 101.750930981992894, 3.160445083727438 ], [ 101.749783683605216, 3.160593831715617 ], [ 101.748379879392473, 3.162132211067775 ], [ 101.748222558343031, 3.161795508368993 ], [ 101.746518355013421, 3.162265067589869 ], [ 101.745537642667102, 3.162298904101365 ], [ 101.744942548158207, 3.16231346538959 ], [ 101.743461960315827, 3.162371398938257 ], [ 101.742852584971416, 3.162390749322064 ], [ 101.742071814486565, 3.162391016336951 ], [ 101.740995842412161, 3.162295675444 ], [ 101.740625673622603, 3.162258760897314 ], [ 101.740562808677367, 3.162254976701313 ], [ 101.740307635155148, 3.16223974946996 ], [ 101.740132663310035, 3.162217810389842 ], [ 101.739996041643309, 3.162195522149399 ], [ 101.739945327825922, 3.162313748515428 ], [ 101.739615274461016, 3.162482775113407 ], [ 101.739672617762125, 3.163119213256512 ], [ 101.739530345013662, 3.164760652166074 ], [ 101.738306788921321, 3.164674929593537 ], [ 101.737084158297478, 3.164741230412392 ], [ 101.73662708518988, 3.164773526992419 ], [ 101.736331091037187, 3.164785660035397 ], [ 101.735855013561036, 3.164795390828925 ], [ 101.735126484759675, 3.164417588835202 ], [ 101.735160072323865, 3.165207168180362 ], [ 101.735193774361093, 3.166341296084084 ], [ 101.735227260510754, 3.166824609989101 ], [ 101.735289519843718, 3.167934801270984 ], [ 101.73528485599266, 3.168226712066548 ], [ 101.735289716974961, 3.168528190457733 ], [ 101.73529021473739, 3.170026019584316 ], [ 101.735257560338098, 3.172045468067381 ], [ 101.733486556454139, 3.172132198822858 ], [ 101.733443995498988, 3.172998370040405 ], [ 101.731820505101453, 3.172869705853618 ], [ 101.731054237349767, 3.173563843405707 ], [ 101.732373604728821, 3.175420138841184 ], [ 101.733292454533114, 3.175434188106563 ], [ 101.733759276954089, 3.176214051612055 ], [ 101.732840945641598, 3.177769613087309 ], [ 101.733364739214153, 3.178066132487077 ], [ 101.734036058051075, 3.178175971620333 ], [ 101.73635925436804, 3.177854568063562 ], [ 101.736768007722802, 3.17779541696168 ], [ 101.736768007692689, 3.177795326942511 ], [ 101.736796497346589, 3.177791703328931 ], [ 101.737244899125145, 3.177735622455922 ], [ 101.737412740542339, 3.177714603539889 ], [ 101.738282563950307, 3.17761464698681 ], [ 101.739201383528084, 3.177532982874476 ], [ 101.740467739596369, 3.177432057697567 ], [ 101.740439002904026, 3.17692481577755 ], [ 101.743447671942704, 3.176349536583789 ], [ 101.743542683538081, 3.175746544427549 ], [ 101.746470646577549, 3.175850810241105 ], [ 101.746789416562152, 3.175247740253434 ], [ 101.75015076753769, 3.175787315371363 ], [ 101.750108087678584, 3.17627065461973 ], [ 101.750961517714316, 3.176513121083425 ], [ 101.751151055279152, 3.176576565707863 ], [ 101.751984053277312, 3.176805958036235 ], [ 101.752036474562075, 3.176954286560709 ], [ 101.751898571622206, 3.177418517828114 ], [ 101.752574862133599, 3.178126516352895 ], [ 101.753036758497771, 3.178389549249258 ], [ 101.753432115395569, 3.17897322641151 ], [ 101.755284482529817, 3.180073206902581 ], [ 101.756289616617096, 3.181738162225338 ], [ 101.756380339377358, 3.182489435220892 ], [ 101.756804455346753, 3.183609063426535 ], [ 101.757414419119883, 3.185211948426332 ], [ 101.758014306152816, 3.185250015948342 ], [ 101.758486391029223, 3.187369770929726 ], [ 101.757977292394088, 3.188264820962276 ], [ 101.758330016454096, 3.189432327469864 ], [ 101.757925774883617, 3.190657531219896 ], [ 101.757831238704057, 3.192571718575176 ], [ 101.756921850968766, 3.192433269656239 ], [ 101.7567367922681, 3.194170430429547 ], [ 101.756537515115369, 3.196089440868324 ], [ 101.756433150356827, 3.197147048139239 ], [ 101.753839604393747, 3.200471426683407 ], [ 101.750761586747288, 3.200328960028307 ], [ 101.750658483558965, 3.201606694667296 ], [ 101.749880271262725, 3.20219916163337 ], [ 101.748980449704149, 3.202209050138568 ], [ 101.748018790386539, 3.202376877391311 ], [ 101.747538057950109, 3.20274073583836 ], [ 101.746715605892163, 3.206191289173074 ], [ 101.746558705656554, 3.206803873861256 ], [ 101.74611203495337, 3.209292432189438 ], [ 101.745983572325088, 3.209536532006167 ], [ 101.745364760074992, 3.209881296676848 ], [ 101.744955471842815, 3.21034083710989 ], [ 101.744474918513376, 3.211235872658023 ], [ 101.744008642548806, 3.212116546909952 ], [ 101.74347567681491, 3.212896751094854 ], [ 101.742557122774159, 3.213839792418998 ], [ 101.742071665224017, 3.214328070786625 ], [ 101.741310172154328, 3.215122709599596 ], [ 101.740791323899842, 3.215429154227692 ], [ 101.740239094048363, 3.215577692279325 ], [ 101.739215486718322, 3.215625899357708 ], [ 101.73861571455231, 3.21597543936809 ], [ 101.739577771852097, 3.216932186098624 ], [ 101.739830418092481, 3.217841323060343 ], [ 101.739492708768068, 3.218793732330147 ], [ 101.739355347623345, 3.2208706391365 ], [ 101.739446002512835, 3.221440069266252 ], [ 101.739541544638087, 3.222377972713615 ], [ 101.740275210709257, 3.22372241338463 ], [ 101.741160863354494, 3.223990087961957 ], [ 101.741556308033196, 3.224789110458592 ], [ 101.742442226282293, 3.225822445796587 ], [ 101.742632841726191, 3.226320059651499 ], [ 101.742461632537555, 3.226870439028932 ], [ 101.742428370996521, 3.227061866158099 ], [ 101.742695018700616, 3.227138339291466 ], [ 101.743285667751437, 3.227927721823422 ], [ 101.743533229901502, 3.227884566694182 ], [ 101.743742718187008, 3.22788449333074 ], [ 101.743928447471603, 3.228018419093865 ], [ 101.743933286605269, 3.228243330596443 ], [ 101.743766469168449, 3.228585344856223 ], [ 101.743605014647713, 3.228946897551535 ], [ 101.74363813350601, 3.229202704777808 ], [ 101.744094378372907, 3.229123187163351 ], [ 101.744731159275332, 3.22907510972093 ], [ 101.744993092817211, 3.229284378302439 ], [ 101.744951730940258, 3.230139780690636 ], [ 101.745148289190809, 3.230606286703826 ], [ 101.746320787823265, 3.230821215673728 ], [ 101.74680906139163, 3.23156277785182 ], [ 101.746815195021071, 3.232083186340307 ], [ 101.748475672439284, 3.232190268651623 ], [ 101.749142296356851, 3.232381446842207 ], [ 101.749136374480102, 3.232465193172759 ], [ 101.74924958183675, 3.232836020109949 ], [ 101.750075651459568, 3.23287879390428 ], [ 101.75051850173412, 3.233065265609494 ], [ 101.750747183024984, 3.233481512149232 ], [ 101.750462161095413, 3.235304845104554 ], [ 101.750247993995288, 3.235541798172135 ], [ 101.750269764695787, 3.2365180085511 ], [ 101.74984836847554, 3.236417666148283 ], [ 101.749527156586439, 3.236884355748541 ], [ 101.750013031589205, 3.23755892119814 ], [ 101.749956121437435, 3.238190612121056 ], [ 101.750406156528044, 3.238491930218907 ], [ 101.750877548277387, 3.238599432432347 ], [ 101.751377563140039, 3.238864841753909 ], [ 101.751495738016843, 3.238821580689096 ], [ 101.751691773412588, 3.238792948152395 ], [ 101.751977421864581, 3.238735420876227 ], [ 101.752470162298835, 3.238627572457152 ], [ 101.752780221617755, 3.23864813573736 ], [ 101.753280409208685, 3.238768212323543 ], [ 101.753367186370255, 3.23902920194349 ], [ 101.753671312595301, 3.23904414259119 ], [ 101.754018228659206, 3.239277214826386 ], [ 101.754018899909752, 3.239277041978579 ], [ 101.754526410379583, 3.239146225176923 ], [ 101.754974190110772, 3.23897120657598 ], [ 101.755481191670256, 3.239087209707562 ], [ 101.755727387106688, 3.239029177846908 ], [ 101.756046329600352, 3.23884017092109 ], [ 101.75636531707633, 3.238840183693992 ], [ 101.756611192535772, 3.238738197763962 ], [ 101.757002317957003, 3.238650195165915 ], [ 101.757484158855291, 3.238452194255219 ], [ 101.757856409256561, 3.23843220706832 ], [ 101.758406230793, 3.238883189545999 ], [ 101.758580346121974, 3.23915917230613 ], [ 101.758551302387048, 3.239436197357336 ], [ 101.758638383079344, 3.239669241591947 ], [ 101.758899235551723, 3.240032205194608 ], [ 101.759331391481396, 3.240558191882582 ], [ 101.759283374037096, 3.240499235610786 ], [ 101.759463360667084, 3.240718239028762 ], [ 101.759464290349953, 3.24071923384962 ], [ 101.759464290711449, 3.240720228185961 ], [ 101.759522221300472, 3.240789219969453 ], [ 101.760027427112135, 3.241155199462672 ], [ 101.760329227384332, 3.241793181449569 ], [ 101.760888261376493, 3.241913239736056 ], [ 101.761115357879504, 3.242273226252249 ], [ 101.761144230462762, 3.242564165484725 ], [ 101.761216422896624, 3.242695196312074 ], [ 101.761680418314725, 3.242972191132394 ], [ 101.761922388248507, 3.243360210692325 ], [ 101.762737279736953, 3.243670218487109 ], [ 101.762766420609012, 3.243786246860685 ], [ 101.762621325789198, 3.244412220346514 ], [ 101.762419157000764, 3.244674185579042 ], [ 101.761999187196935, 3.244601214510745 ], [ 101.761869171210535, 3.244834221388797 ], [ 101.761825280172189, 3.245184236516511 ], [ 101.761896208757506, 3.245213249995825 ], [ 101.761897071516543, 3.245213223248888 ], [ 101.762868345122371, 3.245183254457554 ], [ 101.763547212683875, 3.245212206329481 ], [ 101.763722217291715, 3.245314179593476 ], [ 101.764065179365659, 3.245822187297338 ], [ 101.764243412003452, 3.246446182254893 ], [ 101.76383817462812, 3.247090218522479 ], [ 101.763895206051757, 3.2472792243287 ], [ 101.764012384613025, 3.247730220992638 ], [ 101.763404292363077, 3.248371234094947 ], [ 101.763115148926829, 3.248840239560508 ], [ 101.763114021930065, 3.248841213668943 ], [ 101.763100289679443, 3.24886520506396 ], [ 101.76449036668167, 3.248196231822241 ], [ 101.764678364841956, 3.248239233573261 ], [ 101.764851202508609, 3.248341206544254 ], [ 101.765301338265189, 3.248909240033237 ], [ 101.765374207658851, 3.249272249344061 ], [ 101.765084188867533, 3.249956232805602 ], [ 101.765453122280647, 3.250276208089397 ], [ 101.765504233666604, 3.250320239509803 ], [ 101.765707345793601, 3.251354193158342 ], [ 101.766562130115915, 3.251397207036742 ], [ 101.76659116498557, 3.251091239771785 ], [ 101.766793348771486, 3.250887245773953 ], [ 101.767010139120302, 3.250887190724837 ], [ 101.767343155507675, 3.251237201188679 ], [ 101.767587213601914, 3.251294206794721 ], [ 101.767778309800775, 3.25133820270174 ], [ 101.767907178239511, 3.251469218931821 ], [ 101.768052176761458, 3.251702245877421 ], [ 101.768213364501378, 3.252270261042034 ], [ 101.768415344315272, 3.252488260534961 ], [ 101.768806171543531, 3.253652218425657 ], [ 101.768809269987756, 3.253656197898381 ], [ 101.768811128982463, 3.253659271871521 ], [ 101.768828780310173, 3.253673978715775 ], [ 101.768830334613753, 3.253675274727954 ], [ 101.769502240921184, 3.254322203771522 ], [ 101.769896246006127, 3.254575244838026 ], [ 101.769897141934464, 3.254576000985697 ], [ 101.770076221632124, 3.254727228887904 ], [ 101.770077150069852, 3.254729218031445 ], [ 101.770081176735388, 3.254730211664456 ], [ 101.770745277944073, 3.255122280738368 ], [ 101.771029667920772, 3.255684363245676 ], [ 101.771029695056242, 3.255684415264518 ], [ 101.771084262415911, 3.255792265792492 ], [ 101.771302595815783, 3.256227336302231 ], [ 101.771605136659971, 3.256830204974707 ], [ 101.771617220976879, 3.256853264144797 ], [ 101.771664295143253, 3.256849272988404 ], [ 101.77196315141542, 3.256824232911898 ], [ 101.771963302631775, 3.256824298097118 ], [ 101.772370145104119, 3.256999220837394 ], [ 101.772772231160502, 3.257359249194535 ], [ 101.772775329256291, 3.257362232665344 ], [ 101.772765140862802, 3.257483244773321 ], [ 101.772689184817821, 3.258381245526779 ], [ 101.772789340741127, 3.25885720774197 ], [ 101.772790270798552, 3.258861277220741 ], [ 101.773105317394894, 3.259163265857291 ], [ 101.773109343569331, 3.259167243305315 ], [ 101.773902311284616, 3.25966020847666 ], [ 101.773902429767944, 3.259660627141803 ], [ 101.774248257356788, 3.260886215477738 ], [ 101.774248263572844, 3.260911194410425 ], [ 101.780515162666759, 3.283204221676508 ], [ 101.781818089432392, 3.28426627060359 ], [ 101.783034052743403, 3.285561224009291 ], [ 101.783643090896732, 3.286099267643431 ], [ 101.784266211102192, 3.286026292735606 ], [ 101.784642116883788, 3.285720230748405 ], [ 101.785408072944534, 3.284731238828904 ], [ 101.785400698979984, 3.284716959384178 ], [ 101.785250037276185, 3.284425233138871 ], [ 101.785259462962259, 3.284418411105359 ], [ 101.785873053173574, 3.283974307802648 ], [ 101.786553236746087, 3.283057237881736 ], [ 101.787480072423122, 3.282590310776126 ], [ 101.788392109211941, 3.28237227913268 ], [ 101.789232063516465, 3.282444306841531 ], [ 101.789695120171274, 3.282590238730476 ], [ 101.789913039479245, 3.283288285287244 ], [ 101.790052018205287, 3.284115321156949 ], [ 101.790217039224217, 3.285035322289601 ], [ 101.790985137048409, 3.287320257036144 ], [ 101.791898092612229, 3.288163263390329 ], [ 101.792825166474273, 3.28854131300802 ], [ 101.793896150921526, 3.288541281184859 ], [ 101.794418016174035, 3.288541314581673 ], [ 101.794953046871171, 3.288002320581181 ], [ 101.795575024033383, 3.287173259069057 ], [ 101.795807119621301, 3.285412325648257 ], [ 101.79603825959741, 3.284655275772166 ], [ 101.796414055059316, 3.28397135243364 ], [ 101.796791237168435, 3.283810350867679 ], [ 101.79786312529572, 3.283737329970381 ], [ 101.799093254178047, 3.283591276710269 ], [ 101.799933143423075, 3.283431317146296 ], [ 101.800540068164295, 3.283053282689511 ], [ 101.800918223662336, 3.283052359095101 ], [ 101.801222049632528, 3.283052361361211 ], [ 101.80934508234273, 3.282875329944126 ], [ 101.813139263813781, 3.283645370813487 ], [ 101.816051044870861, 3.285304418817867 ], [ 101.818832023, 3.287602366198821 ], [ 101.820729132657277, 3.289013363803533 ], [ 101.821087174792183, 3.289062361376664 ], [ 101.821095259696094, 3.289167360222897 ], [ 101.821197127454198, 3.289077430821834 ], [ 101.822641066749966, 3.289275405610287 ], [ 101.824784234734324, 3.289143415088946 ], [ 101.826942051097319, 3.290292404367338 ], [ 101.829346108658328, 3.291485443254029 ], [ 101.829751631167326, 3.291870392282842 ], [ 101.829994372531104, 3.291665711599152 ], [ 101.830558376928551, 3.291163001231148 ], [ 101.831122379213099, 3.290656701616931 ], [ 101.83174357305856, 3.290275991189034 ], [ 101.832093413247307, 3.289999482410249 ], [ 101.832611115968874, 3.28977673356458 ], [ 101.833082453694033, 3.289686798093633 ] ] ] } },
{ "type": "Feature", "properties": { "OBJECTID": 5, "KATEGORI": "Majlis Perbandaran", "NAMA_PBT": "Majlis Perbandaran Selayang", "Shape_area": 52326.336439500003, "web_name": "Majlis Perbandaran Selayang", "web_type": "Majlis Perbandaran", "web_area": 52326.336439500003 }, "geometry": { "type": "Polygon", "coordinates": [ [ [ 101.432819486297021, 3.309285079008769 ], [ 101.433755137609992, 3.310871448210412 ], [ 101.435411124948075, 3.31364237013504 ], [ 101.436583731270062, 3.315454810810212 ], [ 101.437048012282901, 3.316154663173825 ], [ 101.43805994057675, 3.318320038034919 ], [ 101.438263619822536, 3.318767747615916 ], [ 101.43908972849988, 3.320473447118342 ], [ 101.442327876061782, 3.326144056736696 ], [ 101.443714815022929, 3.328578587141301 ], [ 101.445952980091704, 3.332508524756317 ], [ 101.446030629439633, 3.337264077496847 ], [ 101.446096413189125, 3.341094016450391 ], [ 101.446227551054832, 3.345997540998246 ], [ 101.446376709441907, 3.352134891122512 ], [ 101.446466192914002, 3.355598365808166 ], [ 101.443757976405067, 3.35564637617308 ], [ 101.44396669600836, 3.362722869628548 ], [ 101.444083461400993, 3.367167271685668 ], [ 101.444098355207188, 3.375398357895493 ], [ 101.444110403416559, 3.37795259780467 ], [ 101.444068903488159, 3.380901641244868 ], [ 101.44396213174339, 3.387469693548047 ], [ 101.443944496056446, 3.391399754579669 ], [ 101.443908937629089, 3.394163360268651 ], [ 101.443885195902553, 3.395365708620165 ], [ 101.444034100869175, 3.397058556803039 ], [ 101.445498390422898, 3.397118290353312 ], [ 101.446224592378144, 3.397309665928354 ], [ 101.44656984055483, 3.397477136477901 ], [ 101.446641276613633, 3.39760275053873 ], [ 101.446534150995205, 3.397895866375863 ], [ 101.446517495480776, 3.398084893046482 ], [ 101.447906843848756, 3.399089755717939 ], [ 101.448792595946088, 3.399671134518649 ], [ 101.450099767899133, 3.400073031094798 ], [ 101.4505533565235, 3.400320649743658 ], [ 101.450846226592986, 3.400507263900546 ], [ 101.450942649815531, 3.400417530336121 ], [ 101.45184262532247, 3.399986780667291 ], [ 101.452331900247586, 3.399796526600452 ], [ 101.452842611153528, 3.399721121893274 ], [ 101.453556898766706, 3.399717485181856 ], [ 101.453789044947555, 3.399756949631547 ], [ 101.454349774919663, 3.399965079222325 ], [ 101.455267648735799, 3.400166005778266 ], [ 101.456031979151163, 3.400776098900353 ], [ 101.456424874738147, 3.401307257407067 ], [ 101.456942779938487, 3.401960436121156 ], [ 101.457535660725355, 3.402251110697912 ], [ 101.457789231795033, 3.402225968945352 ], [ 101.457974932085691, 3.402014199104289 ], [ 101.458092767405461, 3.401698350375682 ], [ 101.458182028788542, 3.401350201839829 ], [ 101.45843200816492, 3.401045110843772 ], [ 101.459010542050251, 3.400488759360544 ], [ 101.4594676288919, 3.399691947128855 ], [ 101.459817597258876, 3.399243284693437 ], [ 101.460128296572449, 3.3990279161505 ], [ 101.460344597199168, 3.398899889129164 ], [ 101.460616025824464, 3.398892690796073 ], [ 101.461116038602739, 3.399050573622234 ], [ 101.461544627615751, 3.399273065258944 ], [ 101.461858925687523, 3.399427372569511 ], [ 101.462126788138718, 3.399488366861075 ], [ 101.462394641955399, 3.399434510073804 ], [ 101.462826769902065, 3.39922272050205 ], [ 101.462869604797476, 3.398928411519779 ], [ 101.462780236678555, 3.397844512003959 ], [ 101.462573056150077, 3.397349232876245 ], [ 101.462151587417722, 3.396818079043885 ], [ 101.462058699561553, 3.396408929361023 ], [ 101.462151541830337, 3.396211522141305 ], [ 101.462551525581418, 3.395999735147994 ], [ 101.463087227125499, 3.395838184887031 ], [ 101.463308671912756, 3.396053513485335 ], [ 101.463422966318589, 3.396168355676484 ], [ 101.463515830543415, 3.396261664946142 ], [ 101.463801579973733, 3.396721046841323 ], [ 101.4640373196968, 3.397051225156092 ], [ 101.464373058250644, 3.397363450120035 ], [ 101.464983717671799, 3.396656350665013 ], [ 101.465458675583307, 3.396121538112753 ], [ 101.465969349773204, 3.395619024325664 ], [ 101.466137189077727, 3.395396487089428 ], [ 101.466494310273035, 3.395130865501593 ], [ 101.466887163289499, 3.395087764716633 ], [ 101.467094310672408, 3.395148762553667 ], [ 101.467547891747415, 3.395277933079261 ], [ 101.468290764961878, 3.395489628790224 ], [ 101.468522909847778, 3.395518322415766 ], [ 101.469319215376601, 3.394039549808606 ], [ 101.469683423643104, 3.393117122322401 ], [ 101.469972647702107, 3.392388512057052 ], [ 101.469847620278856, 3.392051147725986 ], [ 101.469808300829115, 3.391641994324033 ], [ 101.470336774805432, 3.39050779627358 ], [ 101.470868846704604, 3.389703794270183 ], [ 101.471822317893157, 3.388605450236115 ], [ 101.472104420148341, 3.388156789269395 ], [ 101.472543657388655, 3.38763633276873 ], [ 101.476786463847446, 3.387517516451343 ], [ 101.476900636286103, 3.386272090612364 ], [ 101.477607642802781, 3.38485433408791 ], [ 101.478539538636909, 3.382284457194638 ], [ 101.478771558689033, 3.38098518375866 ], [ 101.479517828928422, 3.379405912991705 ], [ 101.479842684128201, 3.377909230430607 ], [ 101.480163941636945, 3.376139776935218 ], [ 101.479756668024933, 3.374635984723737 ], [ 101.478724396445372, 3.372974330113243 ], [ 101.479063648793698, 3.37270152750705 ], [ 101.479510072956543, 3.372773267851511 ], [ 101.479560045852622, 3.372493313830371 ], [ 101.479495704740316, 3.371875995601166 ], [ 101.479742116710142, 3.371764710666736 ], [ 101.480034933332576, 3.37140936290236 ], [ 101.480224171701863, 3.370953530149366 ], [ 101.481024128595266, 3.370720163513303 ], [ 101.481177653065956, 3.370264333968209 ], [ 101.481174043277477, 3.369855177553625 ], [ 101.481194032024263, 3.369527812361571 ], [ 101.4815180194948, 3.369462885952156 ], [ 101.481889074090361, 3.369790022520435 ], [ 101.482163512560447, 3.369454676161874 ], [ 101.48237258854256, 3.369336565884994 ], [ 101.482743653758575, 3.369359639768997 ], [ 101.483555166609108, 3.369309198422123 ], [ 101.483789955883509, 3.369001796477005 ], [ 101.484143061664255, 3.368829786728571 ], [ 101.484796925083543, 3.368536233797141 ], [ 101.485257202635921, 3.368227390393659 ], [ 101.4854701798116, 3.368092515082791 ], [ 101.485834457637495, 3.368121191593571 ], [ 101.486041612862962, 3.368307803810666 ], [ 101.486180906951063, 3.368433408174658 ], [ 101.486798740756626, 3.368379509759391 ], [ 101.487138041716051, 3.368630712109851 ], [ 101.48712022027064, 3.368982445106338 ], [ 101.487184524629086, 3.369187016954841 ], [ 101.487595202031358, 3.368935738784706 ], [ 101.487623757127153, 3.368781404853013 ], [ 101.487795179688973, 3.368770620150233 ], [ 101.488280893454828, 3.368903367090539 ], [ 101.488577328849374, 3.3690540786772 ], [ 101.489366576682428, 3.368903255502781 ], [ 101.490616521218868, 3.368712903574329 ], [ 101.491612894061632, 3.368454384097049 ], [ 101.492127159923598, 3.368407671419576 ], [ 101.493373467828306, 3.367614348699774 ], [ 101.493671541945545, 3.367037290442213 ], [ 101.494043847196778, 3.366896752474538 ], [ 101.494252521528736, 3.366844860838992 ], [ 101.494499162094655, 3.36678352859484 ], [ 101.494478231474162, 3.36669393751023 ], [ 101.49437341975657, 3.366245311483126 ], [ 101.494269662865861, 3.365686908958272 ], [ 101.494274167308262, 3.365672194143275 ], [ 101.494237504876281, 3.365536170522296 ], [ 101.494126757248452, 3.365191629546715 ], [ 101.493819593308828, 3.364900946148177 ], [ 101.494070530022839, 3.364442271598503 ], [ 101.494910271578533, 3.363463680905651 ], [ 101.495924644107646, 3.362281577307636 ], [ 101.496583492175787, 3.362193271650754 ], [ 101.496754885551809, 3.361927659785803 ], [ 101.496722704115356, 3.361565164927533 ], [ 101.497029809067399, 3.361321072545904 ], [ 101.497551113682675, 3.360369904836005 ], [ 101.497968901547566, 3.359885330576243 ], [ 101.498872358636589, 3.359167410414905 ], [ 101.498761629794217, 3.358998735518388 ], [ 101.498393785290986, 3.358984420529544 ], [ 101.497918821165769, 3.359142393866027 ], [ 101.497411709727643, 3.359250123246894 ], [ 101.497422406986502, 3.359099380133924 ], [ 101.498393723033587, 3.3584245219811 ], [ 101.49846869453124, 3.358194811586387 ], [ 101.498400781813075, 3.357670811584533 ], [ 101.498575692490036, 3.356931438692633 ], [ 101.498582720797728, 3.355904957175846 ], [ 101.499336148899303, 3.354907104219417 ], [ 101.499746790700001, 3.354418940962426 ], [ 101.500178858922951, 3.353923596912138 ], [ 101.50130009146396, 3.352634983957497 ], [ 101.502042817088636, 3.351780693983324 ], [ 101.502639195033908, 3.351579635504848 ], [ 101.50334623137779, 3.350943087064759 ], [ 101.503774773799464, 3.350866469455462 ], [ 101.504076655524287, 3.350800452089421 ], [ 101.504464045762532, 3.350694160059419 ], [ 101.505002313967083, 3.350546470342827 ], [ 101.505288637668912, 3.350467908822835 ], [ 101.505550050832667, 3.35045759964426 ], [ 101.505840268610015, 3.350536647404772 ], [ 101.506390350677819, 3.350771797930416 ], [ 101.506731983703688, 3.350955304107247 ], [ 101.507528609872622, 3.351619869870503 ], [ 101.508178423457224, 3.352577372384906 ], [ 101.508497756219668, 3.352801848954498 ], [ 101.508785640955821, 3.352818900169979 ], [ 101.508957399309182, 3.352829072836286 ], [ 101.509111955612397, 3.352799770791633 ], [ 101.509769826670308, 3.352651720965489 ], [ 101.510314335622084, 3.352530258963609 ], [ 101.51066588221876, 3.352354260999929 ], [ 101.510923889584262, 3.35213141449125 ], [ 101.511079065382432, 3.351863618532112 ], [ 101.511400567330156, 3.351294744059901 ], [ 101.512070684487384, 3.349959557041735 ], [ 101.512070756803496, 3.349959559510272 ], [ 101.512423438905699, 3.349266412297859 ], [ 101.512951315872499, 3.348840362741382 ], [ 101.513463737008209, 3.348619868408637 ], [ 101.51393621082714, 3.348554621006534 ], [ 101.514015007574415, 3.348546146539536 ], [ 101.51439133031954, 3.348682260212362 ], [ 101.515146356973574, 3.349167996786771 ], [ 101.515488510663843, 3.349334161391619 ], [ 101.515606216011278, 3.349391324721513 ], [ 101.515704480340929, 3.349406864016916 ], [ 101.5166564941633, 3.349557419149334 ], [ 101.516656582094214, 3.349557430700074 ], [ 101.516996481195434, 3.34959660945576 ], [ 101.517447451312179, 3.349866935687242 ], [ 101.517802531337793, 3.349677926562635 ], [ 101.518552258256904, 3.34925880261957 ], [ 101.518930439168301, 3.349158320297549 ], [ 101.519236618637265, 3.349123563070309 ], [ 101.520827540094501, 3.348942964680566 ], [ 101.521218417398842, 3.348612489518281 ], [ 101.521437704640235, 3.348365492891124 ], [ 101.521590710293083, 3.34818533247227 ], [ 101.521599473876506, 3.348168759292627 ], [ 101.521715170077513, 3.347949977786036 ], [ 101.521715221848851, 3.347949976953148 ], [ 101.521868682140337, 3.347655168306143 ], [ 101.521930481960453, 3.346899058057148 ], [ 101.522287545870228, 3.346449176684281 ], [ 101.522639892498646, 3.346329492207344 ], [ 101.523320799345967, 3.346252831604649 ], [ 101.524087543635957, 3.347109322270303 ], [ 101.524682823872553, 3.347635639758626 ], [ 101.526458975096517, 3.347994300530575 ], [ 101.528021242457342, 3.348529352148661 ], [ 101.528192414437626, 3.348524706422725 ], [ 101.529125226891466, 3.348651181994468 ], [ 101.530866222695565, 3.348593900792505 ], [ 101.531785810119132, 3.348403232765636 ], [ 101.532410298587862, 3.348322190789415 ], [ 101.532609692181154, 3.348296314951567 ], [ 101.532691778133682, 3.348281128276371 ], [ 101.533201275194671, 3.348186868081651 ], [ 101.533478443065832, 3.348203419757222 ], [ 101.534242156761039, 3.348249024395716 ], [ 101.534364005648385, 3.34825630038759 ], [ 101.534555276105905, 3.348281345430862 ], [ 101.534889123817962, 3.348325059499774 ], [ 101.534889607027878, 3.348325124671601 ], [ 101.535341933258792, 3.348395950831188 ], [ 101.53683855313831, 3.348630257871739 ], [ 101.536838675585926, 3.348630284281159 ], [ 101.537822164548288, 3.348860633752472 ], [ 101.538530678099704, 3.348905432405503 ], [ 101.538806099311941, 3.34892284751202 ], [ 101.539313848715622, 3.348961308882671 ], [ 101.540274507021422, 3.349034079397815 ], [ 101.540577480153388, 3.349045011136863 ], [ 101.541625041393246, 3.349001778928751 ], [ 101.542834497892343, 3.348948949211776 ], [ 101.54411059508935, 3.348752543923072 ], [ 101.545843764161944, 3.348254580376258 ], [ 101.546229453969516, 3.348221020224032 ], [ 101.548262621449837, 3.347818713125259 ], [ 101.549738721651224, 3.347717976944432 ], [ 101.551930036886347, 3.347254107230456 ], [ 101.552169141772509, 3.347178939313955 ], [ 101.552255556299102, 3.347158134352364 ], [ 101.552451921644732, 3.347072116582311 ], [ 101.55281253491566, 3.346958528388896 ], [ 101.553193096297662, 3.346838657602318 ], [ 101.553488571204497, 3.346641573616998 ], [ 101.553908220120803, 3.34581546724471 ], [ 101.553996549995588, 3.345460061036474 ], [ 101.554294811779158, 3.344217140164531 ], [ 101.554712618779234, 3.344051971504201 ], [ 101.555726835302252, 3.343965661068992 ], [ 101.556212504540369, 3.343854316498175 ], [ 101.557176745435413, 3.343897220194917 ], [ 101.558098150632119, 3.344051391987785 ], [ 101.55950172263627, 3.344492605751056 ], [ 101.56060886308336, 3.344819018792501 ], [ 101.560840983619855, 3.344761552668441 ], [ 101.561101633384155, 3.344470790964031 ], [ 101.561369378499549, 3.343910846594079 ], [ 101.561579963528274, 3.343236061536087 ], [ 101.561733463183174, 3.342873536888745 ], [ 101.562004837217486, 3.34264737660244 ], [ 101.563633282423012, 3.34244250947985 ], [ 101.564868896173763, 3.342262833954119 ], [ 101.567382977072029, 3.341903470477565 ], [ 101.567572222347323, 3.341738338113298 ], [ 101.567697148489671, 3.341368639692807 ], [ 101.567836135505402, 3.339760704807652 ], [ 101.567971802271927, 3.339541745912222 ], [ 101.568311057093595, 3.339480669427444 ], [ 101.569882400280335, 3.339516271276482 ], [ 101.570925251235323, 3.339813971993824 ], [ 101.571568051103512, 3.339706179862206 ], [ 101.572442936200346, 3.339361464396189 ], [ 101.573010748696944, 3.339300343460758 ], [ 101.5734750225553, 3.339382805015724 ], [ 101.574107174036811, 3.33962674334069 ], [ 101.574882203681838, 3.340024984665493 ], [ 101.575253618159905, 3.340064393986228 ], [ 101.576053531089684, 3.339848896562749 ], [ 101.576803424101527, 3.339514968393507 ], [ 101.577574782241967, 3.339382024126174 ], [ 101.577885498192273, 3.33948604761462 ], [ 101.578164105492675, 3.339758764043253 ], [ 101.578492729310057, 3.340131964987884 ], [ 101.578882046259466, 3.340411837915981 ], [ 101.579510637514375, 3.340702431380594 ], [ 101.580092774081564, 3.340842292078579 ], [ 101.580899877787431, 3.340878024989798 ], [ 101.581160656717302, 3.341287129058912 ], [ 101.581557266993116, 3.342335062708995 ], [ 101.582203906649497, 3.343598291604487 ], [ 101.582575381149439, 3.343935591715388 ], [ 101.583075409859788, 3.344219029956645 ], [ 101.583993276512729, 3.344516741004649 ], [ 101.584786130439355, 3.344713981961156 ], [ 101.586296789426413, 3.344839296066186 ], [ 101.587150291771479, 3.34472068383075 ], [ 101.588064445636917, 3.344307754017047 ], [ 101.589467825238344, 3.343733214670565 ], [ 101.589885632721916, 3.343600333018105 ], [ 101.590299833024275, 3.343291587073153 ], [ 101.59059974485352, 3.342939795581936 ], [ 101.590635390523104, 3.342613182063965 ], [ 101.590588913999568, 3.342365545202612 ], [ 101.590306727608407, 3.342074887913412 ], [ 101.588685154014257, 3.340908769412208 ], [ 101.588370817479571, 3.340567870942442 ], [ 101.588177909232897, 3.340259249374824 ], [ 101.587906403203192, 3.339796313307574 ], [ 101.587867050493188, 3.339451769655946 ], [ 101.588002605200643, 3.338698035390902 ], [ 101.588373803457671, 3.337664304966078 ], [ 101.589019937706112, 3.336400817256097 ], [ 101.589480470978231, 3.335647016457263 ], [ 101.589701808625748, 3.335266528736554 ], [ 101.590551472629315, 3.333877380701342 ], [ 101.590390463758325, 3.332377178517075 ], [ 101.590472507112707, 3.331914170405493 ], [ 101.59066880441128, 3.331332699191918 ], [ 101.590997263972895, 3.33089117486689 ], [ 101.591054339366892, 3.330578913197238 ], [ 101.591004208966339, 3.329922121939417 ], [ 101.590868093543108, 3.327905087103182 ], [ 101.591000183295336, 3.327689715168415 ], [ 101.591525130944476, 3.327614236443334 ], [ 101.592446501912619, 3.327649936916337 ], [ 101.593728582557645, 3.327786055653807 ], [ 101.596803346013701, 3.327688505096326 ], [ 101.597510396093909, 3.327483777852154 ], [ 101.598285304274555, 3.327307748293799 ], [ 101.598767389479846, 3.327196384090054 ], [ 101.599485182773762, 3.327135216295349 ], [ 101.600556545234923, 3.327181644268599 ], [ 101.60140293680233, 3.327289134032499 ], [ 101.602042162601336, 3.327220803198197 ], [ 101.603584783129079, 3.326631858950979 ], [ 101.604302537584005, 3.326394822922342 ], [ 101.604552486148037, 3.326240437841901 ], [ 101.604731021346907, 3.326132726374496 ], [ 101.605002408516768, 3.326032172634104 ], [ 101.605305943986664, 3.325967502516287 ], [ 101.605616625673036, 3.325920776115827 ], [ 101.605945161614727, 3.325866867526304 ], [ 101.606177280632323, 3.325834514590796 ], [ 101.606530541898238, 3.325771658208044 ], [ 101.607375898063069, 3.32574972811008 ], [ 101.60786564757322, 3.325933426642202 ], [ 101.608112900114136, 3.326038662447091 ], [ 101.608674893332392, 3.326236889057541 ], [ 101.608732537363579, 3.326258506552263 ], [ 101.60895747921883, 3.326228308665355 ], [ 101.609300872911049, 3.326182208479374 ], [ 101.609645575618089, 3.325984471434876 ], [ 101.610190932624036, 3.325308098814638 ], [ 101.610568152811524, 3.325072009816522 ], [ 101.61233323366362, 3.324742716711929 ], [ 101.613093551004269, 3.324229476716625 ], [ 101.613822876226251, 3.323513199724505 ], [ 101.614201646584135, 3.323314370693394 ], [ 101.615023919734256, 3.322940579047939 ], [ 101.615641648032948, 3.322960882207405 ], [ 101.617029072561863, 3.323006483352884 ], [ 101.617061905257771, 3.323005384769059 ], [ 101.619016037666469, 3.322939987610954 ], [ 101.61921973676165, 3.322933170316317 ], [ 101.620180461229495, 3.323275226082862 ], [ 101.620605466834547, 3.323351953512793 ], [ 101.621241555591297, 3.323501333109016 ], [ 101.621473290485866, 3.32356521144909 ], [ 101.621512124603385, 3.323564872749703 ], [ 101.623614828873514, 3.324058671503761 ], [ 101.624160245143514, 3.324006878152523 ], [ 101.625116990317338, 3.32385158366131 ], [ 101.625128191277241, 3.323860699400486 ], [ 101.625154438434251, 3.323845507007134 ], [ 101.625831496564473, 3.323826256735953 ], [ 101.625994404703107, 3.323821624014854 ], [ 101.626335494493375, 3.323886671514686 ], [ 101.626966027389855, 3.324006915284271 ], [ 101.627008765522206, 3.323971729505329 ], [ 101.627463910855738, 3.322707853783633 ], [ 101.627543063211206, 3.322598083135031 ], [ 101.627543121564202, 3.32259812028498 ], [ 101.62767417872179, 3.322416247711918 ], [ 101.627823766947444, 3.322346771480146 ], [ 101.627935077371816, 3.322380036917124 ], [ 101.628018279547973, 3.322404901815705 ], [ 101.62844608861198, 3.323110290280122 ], [ 101.628677469613578, 3.323262384714426 ], [ 101.629133083478095, 3.323359282728612 ], [ 101.629779447092545, 3.323732769571628 ], [ 101.629779482428134, 3.323732771214715 ], [ 101.630133866903421, 3.323937533892191 ], [ 101.630426826494002, 3.324053920357495 ], [ 101.630612091531177, 3.324152216918959 ], [ 101.631444058131251, 3.324458043872336 ], [ 101.632009430182862, 3.324536399090369 ], [ 101.632139301404806, 3.324524185420032 ], [ 101.632811487598246, 3.324460951507127 ], [ 101.63342254542421, 3.324250782119087 ], [ 101.634323165931079, 3.323807419623711 ], [ 101.635104861933982, 3.32344257424031 ], [ 101.635414866940025, 3.32322203996535 ], [ 101.63589026114164, 3.322982402231811 ], [ 101.636747806620804, 3.322363949373324 ], [ 101.636776450464794, 3.322338323704054 ], [ 101.637299050638049, 3.321870795545378 ], [ 101.637439948636441, 3.321796747261659 ], [ 101.637863637512112, 3.321574076794056 ], [ 101.638254490732436, 3.321449308850741 ], [ 101.638291628774994, 3.321446086816186 ], [ 101.639482834497898, 3.321331125747419 ], [ 101.639693721362178, 3.321677960946672 ], [ 101.639876264413289, 3.32197817888566 ], [ 101.640474806512245, 3.32320366583854 ], [ 101.640868541346876, 3.323796454664434 ], [ 101.64119213389867, 3.324166270110639 ], [ 101.641336144027846, 3.324319264174552 ], [ 101.641504186092533, 3.324507145823032 ], [ 101.64177276597826, 3.324891936598567 ], [ 101.641954677998285, 3.32568743094877 ], [ 101.642101245507675, 3.32620690425346 ], [ 101.642556502089604, 3.32725274209445 ], [ 101.643025414496194, 3.328201183896108 ], [ 101.643206539465766, 3.328390594592657 ], [ 101.643545204736157, 3.328744754112961 ], [ 101.644047613615072, 3.329012572685865 ], [ 101.644423163083118, 3.329121331160366 ], [ 101.644568280740287, 3.329163358191992 ], [ 101.645045641646078, 3.329365174373937 ], [ 101.64537950852484, 3.329771959588486 ], [ 101.64542396050652, 3.329826119991646 ], [ 101.645521665305225, 3.329984638074418 ], [ 101.646591749918684, 3.331720750948377 ], [ 101.648088242739433, 3.333241397208523 ], [ 101.648446036307035, 3.333677182619729 ], [ 101.648749649244309, 3.334269527172418 ], [ 101.649264213942146, 3.335057014486505 ], [ 101.649700152166275, 3.335280333120445 ], [ 101.649700198181691, 3.335280321546062 ], [ 101.650408116285021, 3.335642910396082 ], [ 101.650772340201073, 3.335540118168699 ], [ 101.651064710936552, 3.335455243233106 ], [ 101.651672055429444, 3.335244791589758 ], [ 101.65218029234201, 3.335074509158276 ], [ 101.652540470862135, 3.334840848721766 ], [ 101.652913770123362, 3.334523552304224 ], [ 101.652963816157197, 3.334481014073591 ], [ 101.653463368658635, 3.334229607542945 ], [ 101.654044062750771, 3.333928626785724 ], [ 101.65451823557072, 3.33380293524557 ], [ 101.654571384206861, 3.333796248669766 ], [ 101.654960826400824, 3.333747250117701 ], [ 101.65535385072647, 3.333628443977015 ], [ 101.655410766116134, 3.333602807626372 ], [ 101.655983494060422, 3.333344830058294 ], [ 101.656055027516985, 3.33331260918058 ], [ 101.656872009025591, 3.33282637160178 ], [ 101.656673193736751, 3.332043045034159 ], [ 101.656592478034639, 3.331725025433302 ], [ 101.656783531900217, 3.331408092874972 ], [ 101.65725672301437, 3.330930766629802 ], [ 101.657489345052383, 3.330811337085803 ], [ 101.657532875560122, 3.330788987938409 ], [ 101.657859712542745, 3.330621187900133 ], [ 101.658664950669532, 3.330298194889584 ], [ 101.659153199838983, 3.330219014405491 ], [ 101.659348186903614, 3.330187392774749 ], [ 101.659713554947444, 3.330108122794724 ], [ 101.659988710376425, 3.330048425868008 ], [ 101.659988759684126, 3.330048434938907 ], [ 101.660629493516225, 3.330015091051148 ], [ 101.661137441006431, 3.330003075247469 ], [ 101.661537578938194, 3.329828283413883 ], [ 101.662051343707944, 3.329369216968235 ], [ 101.662361671884867, 3.329266248218885 ], [ 101.662958839658543, 3.329389789287799 ], [ 101.663408313475998, 3.329764570329399 ], [ 101.663525978795235, 3.329862682667655 ], [ 101.663761142233255, 3.330137339119571 ], [ 101.664074188195755, 3.330426091055983 ], [ 101.66407421941804, 3.330426075355774 ], [ 101.664218050915508, 3.330558722983187 ], [ 101.664346668850186, 3.331092122732151 ], [ 101.664905058767218, 3.33080009294737 ], [ 101.665556999634816, 3.330603373782612 ], [ 101.666214182042097, 3.330253174432698 ], [ 101.66673602260478, 3.329961058204466 ], [ 101.667347994179067, 3.329673811916481 ], [ 101.668036762157399, 3.329292314524906 ], [ 101.668411224989555, 3.328987759675326 ], [ 101.669108887514682, 3.328387734714615 ], [ 101.669236520532507, 3.328562446769532 ], [ 101.669493354136549, 3.329011896048096 ], [ 101.669806854532837, 3.329383196258496 ], [ 101.670528310633671, 3.330058129097778 ], [ 101.670963343044434, 3.330508763097392 ], [ 101.671047258211104, 3.330595687881838 ], [ 101.671155316679688, 3.330818815900107 ], [ 101.671265951083683, 3.331205334261612 ], [ 101.671352131046191, 3.331597885985026 ], [ 101.671362884519937, 3.331646869993764 ], [ 101.671434278246124, 3.332115600584429 ], [ 101.671575947815214, 3.332892644896473 ], [ 101.671807717780425, 3.33348047202405 ], [ 101.672718357105268, 3.334210687906741 ], [ 101.672986687265791, 3.33441435148124 ], [ 101.673407381557141, 3.33493938064397 ], [ 101.673725816672317, 3.335570072553166 ], [ 101.673832153661053, 3.335780681348074 ], [ 101.674163024655854, 3.336287365616478 ], [ 101.674579201416464, 3.336566853016941 ], [ 101.67471006321199, 3.336654735767211 ], [ 101.675705925665582, 3.33719956530098 ], [ 101.676086652367601, 3.337634250042512 ], [ 101.676453468988214, 3.338231278362426 ], [ 101.676654227426482, 3.338843815506938 ], [ 101.676688411486921, 3.339243632838141 ], [ 101.676736116596658, 3.339283870706771 ], [ 101.676822851823118, 3.339357022728279 ], [ 101.676822887975078, 3.339357003722735 ], [ 101.676896652630717, 3.339317605567059 ], [ 101.677088288049546, 3.339215254126209 ], [ 101.677268510938703, 3.33911899842492 ], [ 101.677407623078196, 3.339021183179836 ], [ 101.677574481742667, 3.338880362677846 ], [ 101.677952621942893, 3.338655826211744 ], [ 101.67828364037841, 3.338602076926449 ], [ 101.678335124553968, 3.338593717992802 ], [ 101.678721651762302, 3.338513612818863 ], [ 101.679144705784907, 3.338311676498746 ], [ 101.67933016459466, 3.337910268875992 ], [ 101.679461713236421, 3.337404954377331 ], [ 101.679553306404188, 3.336894852610189 ], [ 101.679653267974587, 3.336425629544018 ], [ 101.679803688644412, 3.335793785109609 ], [ 101.67997176067253, 3.335148462245238 ], [ 101.680068277826877, 3.334457930408563 ], [ 101.680164190624552, 3.333853136840268 ], [ 101.680197847797444, 3.333248082607115 ], [ 101.680252898430695, 3.332773982882161 ], [ 101.680290817291549, 3.332552259656085 ], [ 101.680326230805122, 3.332345190512158 ], [ 101.680650180271215, 3.332206037443915 ], [ 101.681207075007066, 3.332252970880328 ], [ 101.681723412013866, 3.332394421575733 ], [ 101.682212219930861, 3.332748320974195 ], [ 101.682660161671407, 3.333205602643002 ], [ 101.683874476608537, 3.334288508141567 ], [ 101.684828571590842, 3.335215442321399 ], [ 101.686208694190938, 3.336729270606666 ], [ 101.686246632654942, 3.33681231803521 ], [ 101.686320238409749, 3.336973441039505 ], [ 101.686246901733611, 3.337366146604209 ], [ 101.686093033022246, 3.337735986082484 ], [ 101.685880930695447, 3.3380830451822 ], [ 101.685884397509497, 3.338421925619429 ], [ 101.685995366464766, 3.338914537205883 ], [ 101.686250047565295, 3.33939843851179 ], [ 101.686940231786608, 3.340019100229413 ], [ 101.687421574048159, 3.340220332593609 ], [ 101.687699100363943, 3.34021992337683 ], [ 101.688314809846673, 3.340045714754929 ], [ 101.688606606648136, 3.340231788713381 ], [ 101.688919823080596, 3.340684206608136 ], [ 101.68942455838544, 3.341728885955106 ], [ 101.6897244356676, 3.3420640050273 ], [ 101.689989143619457, 3.342219453002952 ], [ 101.690087786114489, 3.342277379377715 ], [ 101.690572841248994, 3.342387084871065 ], [ 101.691260144387101, 3.342470527071883 ], [ 101.691754172400053, 3.342525966557551 ], [ 101.692450474150192, 3.342695323968156 ], [ 101.692737611957, 3.342800001576468 ], [ 101.693049940261318, 3.343460160314899 ], [ 101.693313035774821, 3.344201543165767 ], [ 101.693602782602952, 3.345015364924731 ], [ 101.694066665464334, 3.346195257822126 ], [ 101.69447752225571, 3.34703202763761 ], [ 101.695367050306942, 3.348601639092238 ], [ 101.69609692396439, 3.349393941547917 ], [ 101.697383441467068, 3.350476995655831 ], [ 101.697798767926997, 3.350807802181266 ], [ 101.698070523861446, 3.350999974038828 ], [ 101.698662145986518, 3.351180742383955 ], [ 101.699412631312441, 3.351214512976163 ], [ 101.699875667994235, 3.35114813123592 ], [ 101.70028768721707, 3.35154680385491 ], [ 101.700492543154766, 3.352193053082058 ], [ 101.700502499803108, 3.352793478678893 ], [ 101.700507897441256, 3.353118980536297 ], [ 101.700460658324545, 3.353900035080616 ], [ 101.700520320393224, 3.354911691195876 ], [ 101.700670429056387, 3.35594187055324 ], [ 101.700686055928955, 3.356673351455219 ], [ 101.70083425816091, 3.357393454916825 ], [ 101.70084137667601, 3.357428047252543 ], [ 101.701072582577723, 3.358178478684561 ], [ 101.701277456194475, 3.358901601365422 ], [ 101.701612406733133, 3.359561752188154 ], [ 101.701799301404094, 3.36021252569471 ], [ 101.702058039541697, 3.360777909778711 ], [ 101.702182934282348, 3.361148691505845 ], [ 101.702339408993637, 3.36145145562825 ], [ 101.702671186498875, 3.361714572935378 ], [ 101.703056259252591, 3.362086027045127 ], [ 101.703441939685732, 3.362398694974074 ], [ 101.703858604353599, 3.362761188606362 ], [ 101.704193443512949, 3.362961728630701 ], [ 101.704193476401443, 3.362961782301204 ], [ 101.704193718862726, 3.362961893714169 ], [ 101.704555083207211, 3.363127878300953 ], [ 101.704723850297853, 3.363205397695081 ], [ 101.705654550200805, 3.363272092331445 ], [ 101.705704972279307, 3.363292531718095 ], [ 101.706238138488018, 3.363508658935199 ], [ 101.706542683399363, 3.363884469390424 ], [ 101.706919522444281, 3.364894613281376 ], [ 101.706916664767689, 3.36609828773262 ], [ 101.707198328670373, 3.366667914820358 ], [ 101.707598274400709, 3.367048770106936 ], [ 101.70831644223999, 3.368038587259193 ], [ 101.708467787268802, 3.368293439304904 ], [ 101.708836976089756, 3.368915121640349 ], [ 101.709290740592806, 3.36963029660367 ], [ 101.709493329048698, 3.370275629298027 ], [ 101.709549404130655, 3.371349258319739 ], [ 101.70954943372611, 3.371349292170343 ], [ 101.70954925476002, 3.371407607243677 ], [ 101.709529265076938, 3.372116664329273 ], [ 101.709567807427078, 3.372780671046314 ], [ 101.709696169780315, 3.373426751580654 ], [ 101.709874373675092, 3.373946658396792 ], [ 101.710200929347948, 3.374394542859857 ], [ 101.710533017858737, 3.374630523791641 ], [ 101.710932322790256, 3.374879876928704 ], [ 101.710941775424217, 3.374883556309937 ], [ 101.710941845311268, 3.374883661997156 ], [ 101.711318287183346, 3.375030110134114 ], [ 101.711397516012653, 3.375062242042042 ], [ 101.712013709644992, 3.375312141052965 ], [ 101.712169595158898, 3.375736997917583 ], [ 101.712177140669908, 3.376283619078945 ], [ 101.712142722910215, 3.376693193235592 ], [ 101.712130484411603, 3.376838842341064 ], [ 101.712129050515145, 3.377398758749372 ], [ 101.712145574798967, 3.377927289676633 ], [ 101.712224971366794, 3.378428585771938 ], [ 101.712340303392082, 3.378961888536002 ], [ 101.71250025703435, 3.379580920712561 ], [ 101.712714101731862, 3.380182305111655 ], [ 101.712969103280955, 3.380598368596056 ], [ 101.713169611997856, 3.381109315438989 ], [ 101.713231339774197, 3.381542965084246 ], [ 101.713275104493562, 3.381985661459172 ], [ 101.713399131714993, 3.382618537767337 ], [ 101.713549803237626, 3.383282791992519 ], [ 101.71371497025531, 3.38364433791969 ], [ 101.714136890209033, 3.383894136704797 ], [ 101.714567475018995, 3.384098351365825 ], [ 101.714939812112036, 3.384234928347075 ], [ 101.715254232414694, 3.384389425301478 ], [ 101.715662822009534, 3.38457582805147 ], [ 101.715953733932082, 3.384879283573436 ], [ 101.716073980494457, 3.385200322420786 ], [ 101.716127323407207, 3.385520922251003 ], [ 101.716117188615002, 3.38593640789655 ], [ 101.716330166674467, 3.386813363412144 ], [ 101.716490108524397, 3.387360041502416 ], [ 101.716543136900427, 3.387658303457057 ], [ 101.716811753844496, 3.387988805704694 ], [ 101.717184132944809, 3.388310514305444 ], [ 101.717592415507866, 3.388501437727218 ], [ 101.717969697905147, 3.388574703531587 ], [ 101.718333347225141, 3.388625362560009 ], [ 101.718674994942134, 3.388626465684213 ], [ 101.719034301843124, 3.38864538061877 ], [ 101.719273727345922, 3.388618016343136 ], [ 101.719416824745949, 3.388601434420235 ], [ 101.720383195479627, 3.388464480679374 ], [ 101.720617046784369, 3.388442453060049 ], [ 101.721053142685363, 3.388335277178331 ], [ 101.721064056291993, 3.388337882320098 ], [ 101.721398834216743, 3.388417774065535 ], [ 101.721416289797475, 3.388416796838766 ], [ 101.722091101922317, 3.388379005589964 ], [ 101.722199471609485, 3.388189690583622 ], [ 101.72224929625277, 3.387986550215866 ], [ 101.722304372859526, 3.387720462505838 ], [ 101.722809413757119, 3.387026493960533 ], [ 101.723138295676961, 3.386724893600887 ], [ 101.723557884165572, 3.386206668774263 ], [ 101.723918349982668, 3.385859932173249 ], [ 101.724445153324041, 3.385545535421415 ], [ 101.725097396445236, 3.385204069278001 ], [ 101.725543065113612, 3.384975066221281 ], [ 101.726370639708918, 3.384715680843521 ], [ 101.726838899076597, 3.384396322592174 ], [ 101.727348026881856, 3.383995919619994 ], [ 101.727816561937047, 3.3835185612046 ], [ 101.728257873455249, 3.383203730097277 ], [ 101.728708446947877, 3.382748894735927 ], [ 101.728903471962838, 3.382243831847541 ], [ 101.729066586015492, 3.381706942383576 ], [ 101.729243918976337, 3.381038908571325 ], [ 101.729471365356446, 3.38008227063482 ], [ 101.729755315700856, 3.379717550447368 ], [ 101.729917598041169, 3.379618392405155 ], [ 101.73076372108514, 3.379223700576138 ], [ 101.731253714577576, 3.379152773371828 ], [ 101.731260635652617, 3.379154883476262 ], [ 101.731612728635398, 3.37926221577292 ], [ 101.732030583078426, 3.379326514603247 ], [ 101.73204977351125, 3.379326149375281 ], [ 101.732439438238174, 3.379318733643859 ], [ 101.73292479855391, 3.379306684523389 ], [ 101.733414792752811, 3.37923575788754 ], [ 101.733837544040369, 3.37904293313957 ], [ 101.734238292132474, 3.378795757913807 ], [ 101.734886212236617, 3.378544635805534 ], [ 101.735461980181228, 3.378374836859952 ], [ 101.736136256868789, 3.378254938755122 ], [ 101.736712295278551, 3.377913212166815 ], [ 101.736782525263592, 3.37784011726346 ], [ 101.736924106536662, 3.37769275927453 ], [ 101.737181120266925, 3.377386378286352 ], [ 101.737416131508795, 3.377034872708131 ], [ 101.737624161642998, 3.376533965411049 ], [ 101.737649233662893, 3.376416243998163 ], [ 101.737724098559298, 3.376064738212202 ], [ 101.737954760745851, 3.375658878448107 ], [ 101.738360111423091, 3.375235703430262 ], [ 101.738747826271663, 3.374897998817217 ], [ 101.739103357986792, 3.374686919200799 ], [ 101.73952278637411, 3.374361402473757 ], [ 101.739733872887101, 3.374197578608447 ], [ 101.739749712022615, 3.374201992054132 ], [ 101.739871480722314, 3.374235917258106 ], [ 101.740131998867113, 3.37430849612146 ], [ 101.740250550783443, 3.374341528859693 ], [ 101.740688859286905, 3.374461891793037 ], [ 101.740737768656231, 3.374472350902532 ], [ 101.741025562317475, 3.37453389354812 ], [ 101.741354820951585, 3.374558415051431 ], [ 101.741487582218994, 3.374574609778738 ], [ 101.741754395858365, 3.37460715809823 ], [ 101.741775708180299, 3.374607126388129 ], [ 101.742402059027455, 3.374606190352897 ], [ 101.74240290137287, 3.374606216473159 ], [ 101.742891450977822, 3.374621176982399 ], [ 101.742899474796062, 3.374620758643789 ], [ 101.743155128396126, 3.374607416774888 ], [ 101.74343892040956, 3.374592605250634 ], [ 101.743547779388493, 3.374586924794997 ], [ 101.744118620835366, 3.3745524202357 ], [ 101.744697958854232, 3.374475273899664 ], [ 101.744747990361745, 3.374468611486824 ], [ 101.745179748316133, 3.3743929907313 ], [ 101.745525719458385, 3.374362518913701 ], [ 101.745876617860688, 3.374214384076449 ], [ 101.746254753618246, 3.373980775799962 ], [ 101.746383689716495, 3.373795154244327 ], [ 101.746439604530337, 3.373714656057595 ], [ 101.746917128793768, 3.373332339611463 ], [ 101.747146862809984, 3.373139490811523 ], [ 101.747228043871161, 3.373071343895942 ], [ 101.748195821368768, 3.372428168751094 ], [ 101.748704640754752, 3.372095585616795 ], [ 101.748891188101879, 3.371946855044888 ], [ 101.749150577945187, 3.371740046890064 ], [ 101.749435433617521, 3.371478359098976 ], [ 101.749488736525066, 3.371429392238179 ], [ 101.749974923328793, 3.37101089616763 ], [ 101.750749168858576, 3.370602097110093 ], [ 101.750971404239593, 3.370500093231008 ], [ 101.751266681638398, 3.370364563518624 ], [ 101.751608298509566, 3.370266170994503 ], [ 101.75162577425273, 3.370267333878869 ], [ 101.752030787452952, 3.370294283795324 ], [ 101.752484264140946, 3.370377104587543 ], [ 101.752955149032616, 3.370717043315303 ], [ 101.753614669596104, 3.371080176982606 ], [ 101.75371794421568, 3.371141079954165 ], [ 101.754076556953891, 3.371352559053575 ], [ 101.754339363306059, 3.371427564538835 ], [ 101.754763604268575, 3.371548642386671 ], [ 101.754784703643892, 3.371548513026577 ], [ 101.755257945172261, 3.37154562392669 ], [ 101.755828781878321, 3.371502069546629 ], [ 101.756377006114747, 3.371453907677126 ], [ 101.756914661366011, 3.371425675837499 ], [ 101.756948155163315, 3.371423918089446 ], [ 101.7569552170755, 3.371424671896661 ], [ 101.75738396878522, 3.371470474768916 ], [ 101.757850768632082, 3.371571106608931 ], [ 101.758183139208853, 3.371657754760352 ], [ 101.75854216911199, 3.371830494188973 ], [ 101.758898221831714, 3.372062046483737 ], [ 101.758981450071133, 3.3721161728904 ], [ 101.759332451217404, 3.372284054876208 ], [ 101.759389978657623, 3.372311571983097 ], [ 101.759390043591154, 3.372311604166784 ], [ 101.759722124780239, 3.372470691222436 ], [ 101.759936303201286, 3.372712406676376 ], [ 101.760112212132668, 3.372496836698612 ], [ 101.760816877585441, 3.371774137884992 ], [ 101.761278661311565, 3.371486838842521 ], [ 101.761707094110974, 3.371151698785971 ], [ 101.762287905333935, 3.370821285299491 ], [ 101.76276878461131, 3.370663183105916 ], [ 101.763044878134792, 3.370428593867333 ], [ 101.763592403655835, 3.370222611967391 ], [ 101.76394465777733, 3.369916212651605 ], [ 101.765143798204107, 3.367762335384038 ], [ 101.765277052263997, 3.367566083882615 ], [ 101.765700646840415, 3.367039529763839 ], [ 101.766309940296424, 3.36648897656426 ], [ 101.767076400487582, 3.366014927674454 ], [ 101.767943010171209, 3.36593802417268 ], [ 101.768752445335124, 3.365775005774947 ], [ 101.769204711727113, 3.365516419386231 ], [ 101.769642623950318, 3.365080780106361 ], [ 101.770860972774003, 3.363386284665906 ], [ 101.771784422259799, 3.362543698209461 ], [ 101.772798358133073, 3.361739358207233 ], [ 101.773226775623158, 3.361385072496942 ], [ 101.773940950995282, 3.361169448975551 ], [ 101.774545581865056, 3.360891658736294 ], [ 101.774866149946718, 3.360523946938553 ], [ 101.775397630314984, 3.360125663448575 ], [ 101.775645194858456, 3.360010716521638 ], [ 101.77720709360149, 3.360144084585867 ], [ 101.777930838025569, 3.36004808841991 ], [ 101.778421231249212, 3.359885190170547 ], [ 101.778916184806306, 3.359215042167648 ], [ 101.779120870445368, 3.359042687339575 ], [ 101.779482679454105, 3.35883677196521 ], [ 101.780115980510786, 3.358817376268727 ], [ 101.780515919188431, 3.358702366962993 ], [ 101.781006145347689, 3.35812314175554 ], [ 101.781291523775195, 3.357309516544867 ], [ 101.781229171204657, 3.356180197980645 ], [ 101.781200389233064, 3.355649035200015 ], [ 101.781200147021636, 3.355041295246 ], [ 101.781423746632214, 3.354538742982781 ], [ 101.781652159274472, 3.354165393325291 ], [ 101.782147123490773, 3.35353352702763 ], [ 101.782660948344585, 3.352437473577103 ], [ 101.782879712380563, 3.351753079606026 ], [ 101.781864491020713, 3.349289031314472 ], [ 101.781711698179734, 3.34823631468131 ], [ 101.780882489244107, 3.346528275860511 ], [ 101.780815711994265, 3.346241181296471 ], [ 101.780762965228007, 3.345312843401121 ], [ 101.781238343574387, 3.343331515416241 ], [ 101.781399560893334, 3.341623078685266 ], [ 101.781766028091852, 3.341173108185079 ], [ 101.782279749552671, 3.339828216919529 ], [ 101.782579570169034, 3.339421341195358 ], [ 101.783664850297157, 3.338492545413206 ], [ 101.784331326149641, 3.338114233558243 ], [ 101.785169225485618, 3.337750208047 ], [ 101.786488085861208, 3.337481693908342 ], [ 101.786859438042967, 3.337347553253243 ], [ 101.787297213889545, 3.336620001689702 ], [ 101.787725558469333, 3.336122150771487 ], [ 101.788258744863668, 3.335839597873525 ], [ 101.788858649516442, 3.335695792717365 ], [ 101.790168039243724, 3.335566053118186 ], [ 101.790905969815981, 3.335273844373568 ], [ 101.791310677119753, 3.335201898080916 ], [ 101.792363142005115, 3.335569937502777 ], [ 101.792963137682889, 3.335651041329498 ], [ 101.79366307440462, 3.335602899080828 ], [ 101.79394393875593, 3.335430510499575 ], [ 101.795038635268071, 3.33427678857074 ], [ 101.795486090214666, 3.333946414116214 ], [ 101.795971726137694, 3.333831364317886 ], [ 101.797033548828523, 3.333797425619477 ], [ 101.79799065185334, 3.333849665708707 ], [ 101.798652567513855, 3.333978593763305 ], [ 101.799075834785981, 3.332734226766702 ], [ 101.799151899456319, 3.332414295689975 ], [ 101.799250871890337, 3.331930322834929 ], [ 101.799356235734805, 3.331446851325549 ], [ 101.799670320067108, 3.331011253418403 ], [ 101.799736758217293, 3.330470481484958 ], [ 101.799675007769153, 3.330218260254467 ], [ 101.799453892555078, 3.329247271413379 ], [ 101.79944789800787, 3.328870319619866 ], [ 101.799889902210381, 3.327893347650992 ], [ 101.799945879416171, 3.32760826536229 ], [ 101.800051905250271, 3.326890321385105 ], [ 101.80021589448674, 3.326320320848803 ], [ 101.800322204371895, 3.326217670220047 ], [ 101.800339675629644, 3.326120349349492 ], [ 101.800534836175487, 3.325967136570861 ], [ 101.80071993304017, 3.325663307023235 ], [ 101.800801861638732, 3.32515229780109 ], [ 101.801036949505487, 3.324116328891762 ], [ 101.801158879632794, 3.323769275663572 ], [ 101.801281013971717, 3.323580930135068 ], [ 101.801489229936237, 3.32333559385779 ], [ 101.802030691938725, 3.322940575635607 ], [ 101.80251270889454, 3.322725032603977 ], [ 101.803113704434253, 3.322365878939982 ], [ 101.80389308260763, 3.321587932110747 ], [ 101.804238234280774, 3.321444226212164 ], [ 101.805291617113241, 3.321186568996161 ], [ 101.806160452217441, 3.320839263757998 ], [ 101.806737597506981, 3.320384411420613 ], [ 101.806832267836725, 3.319050456867845 ], [ 101.806718847551906, 3.318254941664643 ], [ 101.806504272827439, 3.317525267749234 ], [ 101.806486246521601, 3.317118521188902 ], [ 101.80662860028184, 3.315946051716432 ], [ 101.806794929270865, 3.315479326794749 ], [ 101.806896161781424, 3.315293935292429 ], [ 101.807348339386238, 3.314898952734539 ], [ 101.808246983354479, 3.314683230677009 ], [ 101.808586142455624, 3.314449800992519 ], [ 101.808724128973495, 3.314276349496733 ], [ 101.809427080291286, 3.312859306298916 ], [ 101.810004110590569, 3.311897303808034 ], [ 101.811199010667266, 3.309844318582135 ], [ 101.811610975178809, 3.308941332257501 ], [ 101.812131203114731, 3.308184674366003 ], [ 101.812878464227296, 3.307500050406044 ], [ 101.813325873831872, 3.307102675176998 ], [ 101.813629034123366, 3.306672395877814 ], [ 101.814035179255939, 3.305995329667955 ], [ 101.814824810802378, 3.304929486455517 ], [ 101.815548346424819, 3.304445855443017 ], [ 101.815729097995288, 3.304200393097624 ], [ 101.816173956093863, 3.303527383533088 ], [ 101.816937917682409, 3.30263639739193 ], [ 101.818037403876133, 3.301683639183495 ], [ 101.819717853850378, 3.3008933289656 ], [ 101.820236698266513, 3.30053898825765 ], [ 101.821255261751929, 3.299648471739081 ], [ 101.821521792498046, 3.299394732606495 ], [ 101.821802638455651, 3.299212767202148 ], [ 101.822178206880622, 3.298799406222555 ], [ 101.823140028473375, 3.297308385021841 ], [ 101.824658419558332, 3.294409193943175 ], [ 101.825039176240338, 3.294050126629231 ], [ 101.82559853230957, 3.293798650662159 ], [ 101.826110362720271, 3.293750572024162 ], [ 101.826824578993396, 3.293762220529476 ], [ 101.827515003946971, 3.293809769025922 ], [ 101.827776792332884, 3.293606276685518 ], [ 101.829157027759052, 3.29230166263924 ], [ 101.829751631167326, 3.291870392282842 ], [ 101.829346108658328, 3.291485443254029 ], [ 101.826942051097319, 3.290292404367338 ], [ 101.824784234734324, 3.289143415088946 ], [ 101.822641066749966, 3.289275405610287 ], [ 101.821197127454198, 3.289077430821834 ], [ 101.821095259696094, 3.289167360222897 ], [ 101.821087174792183, 3.289062361376664 ], [ 101.820729132657277, 3.289013363803533 ], [ 101.818832023, 3.287602366198821 ], [ 101.816051044870861, 3.285304418817867 ], [ 101.813139263813781, 3.283645370813487 ], [ 101.80934508234273, 3.282875329944126 ], [ 101.801222049632528, 3.283052361361211 ], [ 101.800918223662336, 3.283052359095101 ], [ 101.800540068164295, 3.283053282689511 ], [ 101.799933143423075, 3.283431317146296 ], [ 101.799093254178047, 3.283591276710269 ], [ 101.79786312529572, 3.283737329970381 ], [ 101.796791237168435, 3.283810350867679 ], [ 101.796414055059316, 3.28397135243364 ], [ 101.79603825959741, 3.284655275772166 ], [ 101.795807119621301, 3.285412325648257 ], [ 101.795575024033383, 3.287173259069057 ], [ 101.794953046871171, 3.288002320581181 ], [ 101.794418016174035, 3.288541314581673 ], [ 101.793896150921526, 3.288541281184859 ], [ 101.792825166474273, 3.28854131300802 ], [ 101.791898092612229, 3.288163263390329 ], [ 101.790985137048409, 3.287320257036144 ], [ 101.790217039224217, 3.285035322289601 ], [ 101.790052018205287, 3.284115321156949 ], [ 101.789913039479245, 3.283288285287244 ], [ 101.789695120171274, 3.282590238730476 ], [ 101.789232063516465, 3.282444306841531 ], [ 101.788392109211941, 3.28237227913268 ], [ 101.787480072423122, 3.282590310776126 ], [ 101.786553236746087, 3.283057237881736 ], [ 101.785873053173574, 3.283974307802648 ], [ 101.785259462962259, 3.284418411105359 ], [ 101.785250037276185, 3.284425233138871 ], [ 101.785400698979984, 3.284716959384178 ], [ 101.785408072944534, 3.284731238828904 ], [ 101.784642116883788, 3.285720230748405 ], [ 101.784266211102192, 3.286026292735606 ], [ 101.783643090896732, 3.286099267643431 ], [ 101.783034052743403, 3.285561224009291 ], [ 101.781818089432392, 3.28426627060359 ], [ 101.780515162666759, 3.283204221676508 ], [ 101.774248263572844, 3.260911194410425 ], [ 101.774248257356788, 3.260886215477738 ], [ 101.773902429767944, 3.259660627141803 ], [ 101.773902311284616, 3.25966020847666 ], [ 101.773109343569331, 3.259167243305315 ], [ 101.773105317394894, 3.259163265857291 ], [ 101.772790270798552, 3.258861277220741 ], [ 101.772789340741127, 3.25885720774197 ], [ 101.772689184817821, 3.258381245526779 ], [ 101.772765140862802, 3.257483244773321 ], [ 101.772775329256291, 3.257362232665344 ], [ 101.772772231160502, 3.257359249194535 ], [ 101.772370145104119, 3.256999220837394 ], [ 101.771963302631775, 3.256824298097118 ], [ 101.77196315141542, 3.256824232911898 ], [ 101.771664295143253, 3.256849272988404 ], [ 101.771617220976879, 3.256853264144797 ], [ 101.771605136659971, 3.256830204974707 ], [ 101.771302595815783, 3.256227336302231 ], [ 101.771084262415911, 3.255792265792492 ], [ 101.771029695056242, 3.255684415264518 ], [ 101.771029667920772, 3.255684363245676 ], [ 101.770745277944073, 3.255122280738368 ], [ 101.770081176735388, 3.254730211664456 ], [ 101.770077150069852, 3.254729218031445 ], [ 101.770076221632124, 3.254727228887904 ], [ 101.769897141934464, 3.254576000985697 ], [ 101.769896246006127, 3.254575244838026 ], [ 101.769502240921184, 3.254322203771522 ], [ 101.768830334613753, 3.253675274727954 ], [ 101.768828780310173, 3.253673978715775 ], [ 101.768811128982463, 3.253659271871521 ], [ 101.768809269987756, 3.253656197898381 ], [ 101.768806171543531, 3.253652218425657 ], [ 101.768415344315272, 3.252488260534961 ], [ 101.768213364501378, 3.252270261042034 ], [ 101.768052176761458, 3.251702245877421 ], [ 101.767907178239511, 3.251469218931821 ], [ 101.767778309800775, 3.25133820270174 ], [ 101.767587213601914, 3.251294206794721 ], [ 101.767343155507675, 3.251237201188679 ], [ 101.767010139120302, 3.250887190724837 ], [ 101.766793348771486, 3.250887245773953 ], [ 101.76659116498557, 3.251091239771785 ], [ 101.766562130115915, 3.251397207036742 ], [ 101.765707345793601, 3.251354193158342 ], [ 101.765504233666604, 3.250320239509803 ], [ 101.765453122280647, 3.250276208089397 ], [ 101.765084188867533, 3.249956232805602 ], [ 101.765374207658851, 3.249272249344061 ], [ 101.765301338265189, 3.248909240033237 ], [ 101.764851202508609, 3.248341206544254 ], [ 101.764678364841956, 3.248239233573261 ], [ 101.76449036668167, 3.248196231822241 ], [ 101.763100289679443, 3.24886520506396 ], [ 101.763114021930065, 3.248841213668943 ], [ 101.763115148926829, 3.248840239560508 ], [ 101.763404292363077, 3.248371234094947 ], [ 101.764012384613025, 3.247730220992638 ], [ 101.763895206051757, 3.2472792243287 ], [ 101.76383817462812, 3.247090218522479 ], [ 101.764243412003452, 3.246446182254893 ], [ 101.764065179365659, 3.245822187297338 ], [ 101.763722217291715, 3.245314179593476 ], [ 101.763547212683875, 3.245212206329481 ], [ 101.762868345122371, 3.245183254457554 ], [ 101.761897071516543, 3.245213223248888 ], [ 101.761896208757506, 3.245213249995825 ], [ 101.761825280172189, 3.245184236516511 ], [ 101.761869171210535, 3.244834221388797 ], [ 101.761999187196935, 3.244601214510745 ], [ 101.762419157000764, 3.244674185579042 ], [ 101.762621325789198, 3.244412220346514 ], [ 101.762766420609012, 3.243786246860685 ], [ 101.762737279736953, 3.243670218487109 ], [ 101.761922388248507, 3.243360210692325 ], [ 101.761680418314725, 3.242972191132394 ], [ 101.761216422896624, 3.242695196312074 ], [ 101.761144230462762, 3.242564165484725 ], [ 101.761115357879504, 3.242273226252249 ], [ 101.760888261376493, 3.241913239736056 ], [ 101.760329227384332, 3.241793181449569 ], [ 101.760027427112135, 3.241155199462672 ], [ 101.759522221300472, 3.240789219969453 ], [ 101.759464290711449, 3.240720228185961 ], [ 101.759464290349953, 3.24071923384962 ], [ 101.759463360667084, 3.240718239028762 ], [ 101.759283374037096, 3.240499235610786 ], [ 101.759331391481396, 3.240558191882582 ], [ 101.758899235551723, 3.240032205194608 ], [ 101.758638383079344, 3.239669241591947 ], [ 101.758551302387048, 3.239436197357336 ], [ 101.758580346121974, 3.23915917230613 ], [ 101.758406230793, 3.238883189545999 ], [ 101.757856409256561, 3.23843220706832 ], [ 101.757484158855291, 3.238452194255219 ], [ 101.757002317957003, 3.238650195165915 ], [ 101.756611192535772, 3.238738197763962 ], [ 101.75636531707633, 3.238840183693992 ], [ 101.756046329600352, 3.23884017092109 ], [ 101.755727387106688, 3.239029177846908 ], [ 101.755481191670256, 3.239087209707562 ], [ 101.754974190110772, 3.23897120657598 ], [ 101.754526410379583, 3.239146225176923 ], [ 101.754018899909752, 3.239277041978579 ], [ 101.754018228659206, 3.239277214826386 ], [ 101.753671312595301, 3.23904414259119 ], [ 101.753367186370255, 3.23902920194349 ], [ 101.753280409208685, 3.238768212323543 ], [ 101.752780221617755, 3.23864813573736 ], [ 101.752470162298835, 3.238627572457152 ], [ 101.751977421864581, 3.238735420876227 ], [ 101.751691773412588, 3.238792948152395 ], [ 101.751495738016843, 3.238821580689096 ], [ 101.751377563140039, 3.238864841753909 ], [ 101.750877548277387, 3.238599432432347 ], [ 101.750406156528044, 3.238491930218907 ], [ 101.749956121437435, 3.238190612121056 ], [ 101.750013031589205, 3.23755892119814 ], [ 101.749527156586439, 3.236884355748541 ], [ 101.74984836847554, 3.236417666148283 ], [ 101.750269764695787, 3.2365180085511 ], [ 101.750247993995288, 3.235541798172135 ], [ 101.750462161095413, 3.235304845104554 ], [ 101.750747183024984, 3.233481512149232 ], [ 101.75051850173412, 3.233065265609494 ], [ 101.750075651459568, 3.23287879390428 ], [ 101.74924958183675, 3.232836020109949 ], [ 101.749136374480102, 3.232465193172759 ], [ 101.749142296356851, 3.232381446842207 ], [ 101.748475672439284, 3.232190268651623 ], [ 101.746815195021071, 3.232083186340307 ], [ 101.74680906139163, 3.23156277785182 ], [ 101.746320787823265, 3.230821215673728 ], [ 101.745148289190809, 3.230606286703826 ], [ 101.744951730940258, 3.230139780690636 ], [ 101.744993092817211, 3.229284378302439 ], [ 101.744731159275332, 3.22907510972093 ], [ 101.744094378372907, 3.229123187163351 ], [ 101.74363813350601, 3.229202704777808 ], [ 101.743306916304491, 3.229995400550999 ], [ 101.741724426133317, 3.231670839181592 ], [ 101.739964375588713, 3.233330984384871 ], [ 101.739404937505441, 3.233313233233704 ], [ 101.739166559437123, 3.232374183194502 ], [ 101.731762851868183, 3.231874253462102 ], [ 101.730471757032547, 3.232945422002298 ], [ 101.729727752067475, 3.232706403298161 ], [ 101.728144306424539, 3.231582367838102 ], [ 101.724912464539187, 3.228251097194092 ], [ 101.723935869788818, 3.229137235842822 ], [ 101.723804273839278, 3.227103485511013 ], [ 101.722210450255972, 3.225537085515592 ], [ 101.722159339832899, 3.225486087023147 ], [ 101.721732525302855, 3.225034483305909 ], [ 101.721482585864024, 3.225088401059974 ], [ 101.720256300923751, 3.224143686204138 ], [ 101.720000155135921, 3.223408014676238 ], [ 101.718952394683868, 3.222403422090415 ], [ 101.718464132924382, 3.221619971458709 ], [ 101.71836782236312, 3.218228349960268 ], [ 101.715612376521179, 3.218271112004643 ], [ 101.715605955054002, 3.216793621117545 ], [ 101.714915612892824, 3.216823751531923 ], [ 101.714956569568486, 3.214610489621888 ], [ 101.715658820443892, 3.214604282517505 ], [ 101.715670945601715, 3.215304143735608 ], [ 101.717230191606717, 3.215321586771358 ], [ 101.714795346007534, 3.212911723220454 ], [ 101.712736851625976, 3.214976085782419 ], [ 101.711058717203315, 3.215395341630519 ], [ 101.709940185137881, 3.216394648675833 ], [ 101.70865432341219, 3.215174775471023 ], [ 101.708101038547412, 3.215773125027508 ], [ 101.707821325520968, 3.215767231039425 ], [ 101.707178709143591, 3.21616821017466 ], [ 101.706547956040851, 3.216443568319572 ], [ 101.704393519188102, 3.216234877622914 ], [ 101.703756823162152, 3.216540144756285 ], [ 101.703334172398058, 3.216187351723222 ], [ 101.702465433606164, 3.216684106159564 ], [ 101.702209596762415, 3.216911491951497 ], [ 101.702204034247941, 3.218185608685094 ], [ 101.701727983698532, 3.218365208188243 ], [ 101.701765240738865, 3.223443711389018 ], [ 101.696855385669096, 3.223463159073104 ], [ 101.69681124338932, 3.225221960103433 ], [ 101.696934176355455, 3.228194709418243 ], [ 101.696767582883965, 3.228344304126935 ], [ 101.694375173185207, 3.22848859079609 ], [ 101.692601665103467, 3.228495105891304 ], [ 101.688882050215256, 3.228478269064567 ], [ 101.675586483355758, 3.227788233692679 ], [ 101.672932135230184, 3.227657382262016 ], [ 101.672979900602883, 3.228213673976484 ], [ 101.672247843535246, 3.228076298165089 ], [ 101.672379675530124, 3.231330347120722 ], [ 101.67318949739078, 3.232885381387908 ], [ 101.671232460384203, 3.236409195248393 ], [ 101.670661416203643, 3.237468128901956 ], [ 101.669087215810407, 3.23919288475163 ], [ 101.668227996429721, 3.240076859294367 ], [ 101.6662530045637, 3.243337472485064 ], [ 101.664193254239336, 3.244545838815772 ], [ 101.661718104251378, 3.24376341600074 ], [ 101.661051532233358, 3.243733687257401 ], [ 101.660812882994264, 3.241520493136759 ], [ 101.65830139421432, 3.241610893612573 ], [ 101.657664232439245, 3.240259180931985 ], [ 101.656586584604682, 3.238596531866223 ], [ 101.657223279525354, 3.238183619926576 ], [ 101.657181267247182, 3.236843711885198 ], [ 101.654009193930065, 3.236982130215192 ], [ 101.653889690347853, 3.235151735685613 ], [ 101.652806478855339, 3.234942656592696 ], [ 101.649979400184606, 3.234327266679292 ], [ 101.649908048994703, 3.234584501898417 ], [ 101.649729697621851, 3.235332271179396 ], [ 101.649140283455722, 3.234453100503519 ], [ 101.646688432296457, 3.234968162306051 ], [ 101.646235538817251, 3.232641362222374 ], [ 101.642753888328755, 3.232313243392847 ], [ 101.642444409712866, 3.232289393831829 ], [ 101.642515753764627, 3.231996268253588 ], [ 101.641926568534984, 3.23200837933005 ], [ 101.640397000917147, 3.231769489009735 ], [ 101.640129136717093, 3.231560192861449 ], [ 101.63930758663777, 3.230507601187572 ], [ 101.639009951455023, 3.230238494141369 ], [ 101.638569421900641, 3.229718186980937 ], [ 101.638354967949525, 3.228880788953141 ], [ 101.637593171510858, 3.228764813497751 ], [ 101.636533818860599, 3.228767581760866 ], [ 101.636634869191525, 3.228259104658075 ], [ 101.636075349020103, 3.227882388354398 ], [ 101.636271526041, 3.2269790897105 ], [ 101.637687493601689, 3.225094478419515 ], [ 101.638758384662211, 3.223646621369576 ], [ 101.639204513696313, 3.222737278964873 ], [ 101.639299667967251, 3.222462093042211 ], [ 101.639287714161455, 3.222252733257818 ], [ 101.639213934628643, 3.221929858997181 ], [ 101.639222110715707, 3.221684479155569 ], [ 101.639299438650369, 3.221522951687767 ], [ 101.638638521552309, 3.220213101852243 ], [ 101.636387936433891, 3.216134069134714 ], [ 101.635239471092589, 3.216702618510586 ], [ 101.634596727076755, 3.216690810445595 ], [ 101.633983923743671, 3.217450646363165 ], [ 101.633882259303363, 3.215386951414001 ], [ 101.634157366915886, 3.215347759378371 ], [ 101.634152412281281, 3.215347669727225 ], [ 101.634179554466812, 3.214256320401546 ], [ 101.63394146568217, 3.21410085107788 ], [ 101.633524747153388, 3.21356258970585 ], [ 101.631572477406465, 3.212516242624366 ], [ 101.630333842932771, 3.209244493754504 ], [ 101.629503503676887, 3.208654286635864 ], [ 101.629035732518602, 3.20864542424852 ], [ 101.628064504614912, 3.208722219625392 ], [ 101.627736127075096, 3.208772646560283 ], [ 101.627015868782848, 3.208734562799448 ], [ 101.6247425799816, 3.208603841334623 ], [ 101.622983849924069, 3.208444647157211 ], [ 101.622144710187428, 3.208391003292725 ], [ 101.621382938250008, 3.208343322891169 ], [ 101.619311868141935, 3.208200229837176 ], [ 101.618530748289771, 3.208152997254806 ], [ 101.617954912199295, 3.207889481845595 ], [ 101.617372278723025, 3.207614164566672 ], [ 101.616894488743355, 3.207148149281296 ], [ 101.615967617736601, 3.206245347418956 ], [ 101.614645356105797, 3.204887353904639 ], [ 101.61382442561748, 3.204046343315715 ], [ 101.613520378346422, 3.203740513742174 ], [ 101.61324516427581, 3.203478341602138 ], [ 101.612990551740083, 3.203230758375613 ], [ 101.612603636244287, 3.202836044009816 ], [ 101.611377423020841, 3.201627986921137 ], [ 101.61087146128321, 3.201125625188487 ], [ 101.609716763997127, 3.200372167631209 ], [ 101.608931141481037, 3.200079228483339 ], [ 101.607955065497279, 3.199714547829338 ], [ 101.60682431815907, 3.199631044193313 ], [ 101.606106401516769, 3.199561197130949 ], [ 101.605570636003876, 3.199619458059891 ], [ 101.604122720742822, 3.199940000297214 ], [ 101.603731855999598, 3.200085688058126 ], [ 101.603384297509834, 3.200245925078592 ], [ 101.603036865447294, 3.200406160309258 ], [ 101.602456331670041, 3.200601019342792 ], [ 101.601926711893739, 3.200786566011046 ], [ 101.600926974118607, 3.201109791725906 ], [ 101.600117617196503, 3.201151832029127 ], [ 101.598838070248348, 3.200978623183764 ], [ 101.596927659981844, 3.200632068757743 ], [ 101.595838545845652, 3.200422926415906 ], [ 101.595047040504241, 3.200452995436535 ], [ 101.594689974874171, 3.200488958275986 ], [ 101.592815452567109, 3.201045642715017 ], [ 101.590833803960791, 3.201590381384448 ], [ 101.589018781716959, 3.202105174627766 ], [ 101.588554621070884, 3.202284719916991 ], [ 101.587001461942847, 3.202859276649394 ], [ 101.586430197978629, 3.203140532658259 ], [ 101.585109161756534, 3.20385860531946 ], [ 101.584365341550239, 3.204301402435303 ], [ 101.583329943896743, 3.204923709138652 ], [ 101.582859845533008, 3.205186998538744 ], [ 101.582240987197991, 3.205563970460212 ], [ 101.581955588660009, 3.205640946990643 ], [ 101.581801542611814, 3.205697250754397 ], [ 101.581587315292495, 3.205790607583647 ], [ 101.58118027430973, 3.205919891628326 ], [ 101.580644695004267, 3.20609585785935 ], [ 101.580230515620045, 3.206243088333951 ], [ 101.579562822939849, 3.206444202419565 ], [ 101.579109360387136, 3.206566316158919 ], [ 101.578659473102803, 3.206713552675435 ], [ 101.577245533030137, 3.207133738399216 ], [ 101.576406525412111, 3.207787107634276 ], [ 101.575960286174265, 3.20836503332713 ], [ 101.575456940342079, 3.209086532963735 ], [ 101.57431451176727, 3.210274730778016 ], [ 101.573429128809636, 3.211200877199296 ], [ 101.571961816989841, 3.212733684250146 ], [ 101.56969481377034, 3.215214152138135 ], [ 101.568780868322506, 3.216208492736462 ], [ 101.568473838099635, 3.216535154401605 ], [ 101.567970467069728, 3.217163334346505 ], [ 101.566799519102545, 3.218721206102378 ], [ 101.566046253676433, 3.219715516358399 ], [ 101.565692824739543, 3.220178570881029 ], [ 101.565317976259891, 3.22067393084926 ], [ 101.564953837367227, 3.221154932466513 ], [ 101.56465752800105, 3.221546194908629 ], [ 101.564132301084044, 3.222242524936548 ], [ 101.562911792931502, 3.223825569664838 ], [ 101.562319168557508, 3.224593737035045 ], [ 101.562104968373006, 3.224880901074056 ], [ 101.561926486511183, 3.225229073564233 ], [ 101.561416029914682, 3.226237695688638 ], [ 101.560837749059857, 3.227379125542877 ], [ 101.56047012583484, 3.228402079392687 ], [ 101.560227426861601, 3.229101993624969 ], [ 101.560016851848275, 3.22972294233157 ], [ 101.558174157742954, 3.228840334904936 ], [ 101.551581907996791, 3.225668654799343 ], [ 101.549787130970032, 3.222746837515424 ], [ 101.549062453485163, 3.221501410885507 ], [ 101.548989398899835, 3.221409906344424 ], [ 101.548968201552555, 3.221372885699176 ], [ 101.548903482711538, 3.221259863310005 ], [ 101.548133755877217, 3.219915644333546 ], [ 101.547837424407973, 3.219465024618861 ], [ 101.547722449879458, 3.219290188274087 ], [ 101.547462490339456, 3.218827658576221 ], [ 101.547155024258728, 3.218280605373312 ], [ 101.547140547344455, 3.218280373903874 ], [ 101.547115029718356, 3.218279964111522 ], [ 101.546997835649549, 3.218278082828603 ], [ 101.546608764162812, 3.218271840999456 ], [ 101.546404508125306, 3.218268564205457 ], [ 101.546385700316563, 3.218268921419422 ], [ 101.546351471583577, 3.218269571729398 ], [ 101.545555400094088, 3.218317327888423 ], [ 101.54551289585963, 3.218319878132785 ], [ 101.544925491630281, 3.218336992216022 ], [ 101.544456168925734, 3.218323934362431 ], [ 101.543792712703933, 3.218354122296633 ], [ 101.5432183165521, 3.218330006533939 ], [ 101.542665937825774, 3.218345107117838 ], [ 101.54212356348134, 3.21832601712474 ], [ 101.541156243934722, 3.218306531377502 ], [ 101.540777636967206, 3.218298904881659 ], [ 101.540431187685328, 3.21830417280336 ], [ 101.538790269677833, 3.218329126228353 ], [ 101.538702208071612, 3.218313039586167 ], [ 101.536696829123869, 3.218321133455955 ], [ 101.534664429763964, 3.218306096936377 ], [ 101.534568364290308, 3.218318166012528 ], [ 101.532590001769549, 3.21830412929422 ], [ 101.531423149654728, 3.218301312100107 ], [ 101.530936864730194, 3.218300138850374 ], [ 101.530700701971085, 3.218303159829895 ], [ 101.530619628001787, 3.217316687061583 ], [ 101.530522543595112, 3.216320158145678 ], [ 101.530423696273346, 3.216357268597533 ], [ 101.529992183608528, 3.216519272902458 ], [ 101.529387523672796, 3.217053775998385 ], [ 101.529210658462688, 3.217210119746275 ], [ 101.528746347327726, 3.217755152031617 ], [ 101.528655046390313, 3.217964612526269 ], [ 101.528442150096694, 3.218453029338407 ], [ 101.528327078120824, 3.218751790088868 ], [ 101.528064905291458, 3.219432470919633 ], [ 101.527958276097266, 3.219910076408473 ], [ 101.527808080623871, 3.220582826655309 ], [ 101.527773723809759, 3.220736712701533 ], [ 101.527431491072917, 3.220965990394523 ], [ 101.527018210047927, 3.221265659620923 ], [ 101.524207266646698, 3.221239551193524 ], [ 101.523118506985725, 3.220543701667949 ], [ 101.523095191087805, 3.220503381342226 ], [ 101.522995945267809, 3.220331755071234 ], [ 101.522752140236221, 3.219910143546714 ], [ 101.522343959955919, 3.219204277032631 ], [ 101.522207862368901, 3.218877465101006 ], [ 101.522141806256727, 3.21771702512191 ], [ 101.521650462041805, 3.21702418494369 ], [ 101.521214658026523, 3.216881427055343 ], [ 101.521196147671262, 3.216875363400939 ], [ 101.520892941886572, 3.217103632876808 ], [ 101.520697257778735, 3.217978379365508 ], [ 101.52068980956868, 3.218011673056439 ], [ 101.519127733009512, 3.217716045353671 ], [ 101.518400688694371, 3.217973592751307 ], [ 101.518310173444945, 3.218005656534509 ], [ 101.51785320496522, 3.218352962564805 ], [ 101.517755793782186, 3.218426998213336 ], [ 101.517339506951274, 3.218319402838765 ], [ 101.517036290444366, 3.21844554333213 ], [ 101.516781123056916, 3.218551694790492 ], [ 101.51648174045215, 3.218811434194067 ], [ 101.516458903136964, 3.218831247357131 ], [ 101.516342994745273, 3.219224977833419 ], [ 101.51630679681503, 3.219347941330644 ], [ 101.516295791978777, 3.219385322702743 ], [ 101.515685371246761, 3.219417504128876 ], [ 101.514089269629466, 3.218534607858831 ], [ 101.513828090801937, 3.219027343040548 ], [ 101.513295724982711, 3.219656837712869 ], [ 101.512890834620947, 3.219910196720201 ], [ 101.512451726780199, 3.22018496810372 ], [ 101.512423122686357, 3.220202867498777 ], [ 101.511397414395034, 3.221911347838511 ], [ 101.511187607973838, 3.221912946408642 ], [ 101.51065003442757, 3.22191704207537 ], [ 101.510341683247191, 3.221919391434565 ], [ 101.510170713713492, 3.221997780111023 ], [ 101.509815319692905, 3.222160728279701 ], [ 101.509663865889976, 3.222375359411219 ], [ 101.50930863321571, 3.222878772537791 ], [ 101.50930796613342, 3.222879718245562 ], [ 101.50920815259947, 3.222901231770481 ], [ 101.508999539178049, 3.222946198186321 ], [ 101.508697049396815, 3.223011398051504 ], [ 101.508645506720413, 3.223022508040698 ], [ 101.508266244356804, 3.222811334738997 ], [ 101.507828345169656, 3.222589573810122 ], [ 101.507759894704591, 3.222554909042844 ], [ 101.506534142639595, 3.222883701091442 ], [ 101.506534044042652, 3.222883727530915 ], [ 101.506526581487066, 3.222882160055306 ], [ 101.505456128161342, 3.222657282430266 ], [ 101.505428279579306, 3.222651431811159 ], [ 101.505130078758938, 3.221845960325616 ], [ 101.504469626075476, 3.221333109210462 ], [ 101.50444861565424, 3.220905737718207 ], [ 101.504420598655486, 3.220402947124589 ], [ 101.504283934929319, 3.220048660680531 ], [ 101.50428250728261, 3.220044959262848 ], [ 101.503449930039508, 3.220394894001858 ], [ 101.503414724540448, 3.220383416629002 ], [ 101.502888543549915, 3.220211874254617 ], [ 101.502220972672347, 3.21999823838717 ], [ 101.502216081953932, 3.219996673069768 ], [ 101.501717733775664, 3.220387838993417 ], [ 101.500957198461663, 3.221328047653708 ], [ 101.500302737390982, 3.222148593587672 ], [ 101.500282270390812, 3.222185332486207 ], [ 101.499905528312979, 3.222861597567183 ], [ 101.499873632477744, 3.222918850010467 ], [ 101.499862422191072, 3.222938974550722 ], [ 101.498374397784247, 3.2224834278607 ], [ 101.498073443955917, 3.222579313171422 ], [ 101.497983838524107, 3.222607862625074 ], [ 101.497964111804194, 3.222614147188728 ], [ 101.497559820097948, 3.223461845809781 ], [ 101.497324556245317, 3.223850303992275 ], [ 101.497152528248876, 3.224134348849821 ], [ 101.497133514064828, 3.224165744935907 ], [ 101.496675187284794, 3.224668528092605 ], [ 101.496082765572027, 3.225322146863716 ], [ 101.495744525233874, 3.225688172361455 ], [ 101.49555054421829, 3.225903459236767 ], [ 101.495543381734535, 3.22591140740309 ], [ 101.495394337964541, 3.226105280319657 ], [ 101.494778833503503, 3.226905913489025 ], [ 101.493436850108836, 3.229465090182487 ], [ 101.493361695632473, 3.229670273390604 ], [ 101.492628481434849, 3.229632064904639 ], [ 101.492589566573088, 3.230826723215759 ], [ 101.49222780518474, 3.231649861167788 ], [ 101.491970831234269, 3.232903680716403 ], [ 101.492228087413494, 3.234444576078847 ], [ 101.492542378135994, 3.234999658538896 ], [ 101.492856666290507, 3.235526028061613 ], [ 101.49233696879476, 3.275089943459739 ], [ 101.463372763316528, 3.275015458482509 ], [ 101.462112178981997, 3.274667408511792 ], [ 101.462416137541453, 3.299509605705028 ], [ 101.458691504655192, 3.299502696167651 ], [ 101.451707668894542, 3.29948262453396 ], [ 101.448250863063762, 3.299411054928803 ], [ 101.443132309883495, 3.299341736337909 ], [ 101.44234668751956, 3.299468815507558 ], [ 101.440480208093135, 3.299526339714487 ], [ 101.438556591466522, 3.299588648732096 ], [ 101.438023329676639, 3.299976298316232 ], [ 101.437542496937127, 3.301471382650863 ], [ 101.436828299155309, 3.301866218640324 ], [ 101.436646099788675, 3.302047964065043 ], [ 101.435548680815771, 3.302302953679353 ], [ 101.435387991080646, 3.302500361859222 ], [ 101.43527496469369, 3.303756553091414 ], [ 101.434795268885338, 3.304211195035975 ], [ 101.434094175667511, 3.304533697026801 ], [ 101.433026349616426, 3.303348694127104 ], [ 101.432040735453668, 3.303503068812046 ], [ 101.4308980118996, 3.304109676130619 ], [ 101.430508784378205, 3.304630112413709 ], [ 101.432819486297021, 3.309285079008769 ] ] ] } },
{ "type": "Feature", "properties": { "OBJECTID": 1, "KATEGORI": "Majlis Bandaraya", "NAMA_PBT": "Majlis Bandaraya Shah Alam", "Shape_area": 30119.449478899998, "web_name": "Majlis Bandaraya Shah Alam", "web_type": "Majlis Bandaraya", "web_area": 30119.449478899998 }, "geometry": { "type": "Polygon", "coordinates": [ [ [ 101.498073443955946, 3.222579313171456 ], [ 101.498374397784247, 3.222483427860751 ], [ 101.499862422191072, 3.222938974550722 ], [ 101.499873632477758, 3.222918850010467 ], [ 101.499905528313008, 3.222861597567234 ], [ 101.500282270390812, 3.222185332486207 ], [ 101.500302737390982, 3.222148593587672 ], [ 101.500957198461663, 3.221328047653708 ], [ 101.501717733775664, 3.220387838993417 ], [ 101.502216081953947, 3.219996673069819 ], [ 101.502220972672347, 3.219998238387221 ], [ 101.502888543549915, 3.220211874254667 ], [ 101.503414724540448, 3.220383416629036 ], [ 101.503449930039508, 3.220394894001858 ], [ 101.504282507282625, 3.220044959262848 ], [ 101.504283934929319, 3.220048660680582 ], [ 101.504420598655486, 3.220402947124623 ], [ 101.50444861565424, 3.220905737718241 ], [ 101.504469626075476, 3.221333109210462 ], [ 101.505130078758938, 3.22184596032565 ], [ 101.505428279579306, 3.222651431811159 ], [ 101.505456128161342, 3.2226572824303 ], [ 101.506526581487066, 3.222882160055339 ], [ 101.506534044042667, 3.222883727530915 ], [ 101.506534142639595, 3.222883701091476 ], [ 101.507759894704591, 3.222554909042844 ], [ 101.507828345169671, 3.222589573810122 ], [ 101.508266244356818, 3.222811334738997 ], [ 101.508645506720413, 3.223022508040698 ], [ 101.508697049396829, 3.223011398051504 ], [ 101.508999539178063, 3.222946198186354 ], [ 101.50920815259947, 3.222901231770481 ], [ 101.50930796613342, 3.222879718245613 ], [ 101.50930863321571, 3.222878772537842 ], [ 101.509663865890005, 3.222375359411219 ], [ 101.509815319692933, 3.222160728279751 ], [ 101.510170713713492, 3.221997780111023 ], [ 101.510341683247205, 3.221919391434565 ], [ 101.510650034427584, 3.22191704207537 ], [ 101.511187607973838, 3.221912946408642 ], [ 101.511397414395063, 3.221911347838511 ], [ 101.512423122686357, 3.220202867498828 ], [ 101.512451726780199, 3.220184968103754 ], [ 101.512890834620961, 3.219910196720252 ], [ 101.51329572498274, 3.21965683771292 ], [ 101.513828090801937, 3.219027343040581 ], [ 101.51408926962948, 3.218534607858865 ], [ 101.515685371246761, 3.219417504128876 ], [ 101.516295791978806, 3.219385322702743 ], [ 101.516306796815044, 3.219347941330644 ], [ 101.516342994745273, 3.219224977833453 ], [ 101.516458903136979, 3.218831247357131 ], [ 101.51648174045215, 3.218811434194101 ], [ 101.516781123056916, 3.218551694790526 ], [ 101.517036290444395, 3.21844554333213 ], [ 101.517339506951288, 3.218319402838798 ], [ 101.517755793782214, 3.218426998213336 ], [ 101.517853204965235, 3.218352962564838 ], [ 101.518310173444959, 3.218005656534559 ], [ 101.518400688694371, 3.217973592751358 ], [ 101.51912773300954, 3.217716045353671 ], [ 101.52068980956868, 3.218011673056473 ], [ 101.520697257778735, 3.217978379365508 ], [ 101.520892941886601, 3.217103632876841 ], [ 101.52119614767129, 3.216875363400972 ], [ 101.521214658026537, 3.216881427055343 ], [ 101.521650462041805, 3.21702418494369 ], [ 101.522141806256727, 3.21771702512191 ], [ 101.522207862368901, 3.218877465101006 ], [ 101.522343959955919, 3.219204277032631 ], [ 101.522752140236221, 3.219910143546764 ], [ 101.522995945267809, 3.220331755071234 ], [ 101.523095191087833, 3.220503381342276 ], [ 101.523118506985725, 3.220543701667999 ], [ 101.524207266646712, 3.221239551193524 ], [ 101.527018210047956, 3.221265659620974 ], [ 101.527431491072917, 3.220965990394574 ], [ 101.527773723809787, 3.220736712701533 ], [ 101.527808080623885, 3.220582826655309 ], [ 101.527958276097266, 3.219910076408524 ], [ 101.528064905291458, 3.219432470919633 ], [ 101.528327078120853, 3.218751790088918 ], [ 101.528442150096694, 3.21845302933844 ], [ 101.528655046390313, 3.217964612526269 ], [ 101.52874634732774, 3.217755152031617 ], [ 101.529210658462688, 3.217210119746326 ], [ 101.529387523672796, 3.217053775998419 ], [ 101.529992183608528, 3.216519272902508 ], [ 101.530423696273346, 3.216357268597567 ], [ 101.53052254359514, 3.216320158145678 ], [ 101.530619628001801, 3.217316687061617 ], [ 101.530700701971085, 3.218303159829929 ], [ 101.530936864730194, 3.218300138850374 ], [ 101.531423149654756, 3.218301312100107 ], [ 101.532590001769563, 3.21830412929422 ], [ 101.534568364290308, 3.218318166012578 ], [ 101.534664429763964, 3.218306096936377 ], [ 101.536696829123869, 3.218321133456006 ], [ 101.538702208071641, 3.218313039586218 ], [ 101.538790269677847, 3.218329126228353 ], [ 101.540431187685328, 3.21830417280336 ], [ 101.540777636967206, 3.218298904881659 ], [ 101.541156243934751, 3.218306531377536 ], [ 101.54212356348134, 3.218326017124773 ], [ 101.542665937825774, 3.218345107117872 ], [ 101.543218316552128, 3.21833000653399 ], [ 101.543792712703933, 3.218354122296683 ], [ 101.544456168925734, 3.218323934362465 ], [ 101.544925491630281, 3.218336992216022 ], [ 101.54551289585963, 3.218319878132785 ], [ 101.545555400094102, 3.218317327888456 ], [ 101.546351471583591, 3.218269571729448 ], [ 101.546385700316563, 3.218268921419456 ], [ 101.546404508125306, 3.21826856420549 ], [ 101.546608764162812, 3.218271840999456 ], [ 101.546997835649549, 3.218278082828654 ], [ 101.54711502971837, 3.218279964111522 ], [ 101.547140547344455, 3.218280373903908 ], [ 101.547155024258728, 3.218280605373312 ], [ 101.547462490339456, 3.218827658576255 ], [ 101.547722449879473, 3.219290188274121 ], [ 101.547837424407973, 3.219465024618896 ], [ 101.548133755877217, 3.219915644333546 ], [ 101.548903482711552, 3.221259863310005 ], [ 101.548968201552583, 3.22137288569921 ], [ 101.548989398899849, 3.221409906344424 ], [ 101.549062453485163, 3.221501410885507 ], [ 101.549787130970032, 3.222746837515424 ], [ 101.549977243597667, 3.223073562397468 ], [ 101.549978143565838, 3.223075109944641 ], [ 101.551581907996791, 3.225668654799343 ], [ 101.558174157742954, 3.228840334904936 ], [ 101.560016851848275, 3.22972294233157 ], [ 101.560227426861601, 3.229101993624969 ], [ 101.56047012583484, 3.228402079392687 ], [ 101.560837749059857, 3.227379125542877 ], [ 101.561416029914682, 3.226237695688638 ], [ 101.561926486511183, 3.225229073564233 ], [ 101.562104968373006, 3.224880901074056 ], [ 101.562319168557508, 3.224593737035045 ], [ 101.562911792931502, 3.223825569664838 ], [ 101.564229129396494, 3.222116934735038 ], [ 101.56465752800105, 3.221546194908629 ], [ 101.564953837367227, 3.221154932466513 ], [ 101.565317976259891, 3.22067393084926 ], [ 101.565692824739543, 3.220178570881029 ], [ 101.566046253676433, 3.219715516358399 ], [ 101.566799519102545, 3.218721206102378 ], [ 101.567970467069728, 3.217163334346505 ], [ 101.568473838099635, 3.216535154401605 ], [ 101.568780868322506, 3.216208492736462 ], [ 101.56969481377034, 3.215214152138135 ], [ 101.571961816989841, 3.212733684250146 ], [ 101.573429128809636, 3.211200877199296 ], [ 101.57431451176727, 3.210274730778016 ], [ 101.575456940342079, 3.209086532963735 ], [ 101.575960286174265, 3.20836503332713 ], [ 101.576406525412111, 3.207787107634276 ], [ 101.577245533030137, 3.207133738399216 ], [ 101.578091754233867, 3.206878756317064 ], [ 101.578659473102803, 3.206713552675435 ], [ 101.579109360387136, 3.206566316158919 ], [ 101.579562822939849, 3.206444202419565 ], [ 101.579928939810657, 3.206333925310799 ], [ 101.579825188647177, 3.20598893699045 ], [ 101.579707284247263, 3.205612104494588 ], [ 101.579625108629941, 3.20535011621332 ], [ 101.579511983528036, 3.204975086771315 ], [ 101.579414301407297, 3.204628748280957 ], [ 101.579342830229606, 3.204323688871422 ], [ 101.579071174042156, 3.202805553913135 ], [ 101.578753035270282, 3.20093928555269 ], [ 101.578670819444739, 3.200454773465789 ], [ 101.578495673257351, 3.199471394864811 ], [ 101.578392022183166, 3.198925872142278 ], [ 101.578288353475429, 3.198283443922195 ], [ 101.578181079367965, 3.197450794474585 ], [ 101.577912980955006, 3.19583934174425 ], [ 101.577830661843223, 3.194784163868875 ], [ 101.577959067647555, 3.194019663546374 ], [ 101.578130356509874, 3.193445377171637 ], [ 101.578362303773559, 3.192634199475713 ], [ 101.578533591570604, 3.192056323953052 ], [ 101.578712000196248, 3.19136718523065 ], [ 101.578754763023881, 3.190900595326999 ], [ 101.578679693606873, 3.190437616328551 ], [ 101.578371478872185, 3.189367571307376 ], [ 101.578347327784428, 3.188844120779468 ], [ 101.578551067850483, 3.188246829178053 ], [ 101.57922895754227, 3.187045822336957 ], [ 101.579393084959818, 3.18637104252534 ], [ 101.579378663849013, 3.185617335794249 ], [ 101.579285738009006, 3.185136414635591 ], [ 101.579190214967312, 3.184844227278693 ], [ 101.578971373996538, 3.184346872494618 ], [ 101.578767759019613, 3.183873149915664 ], [ 101.578539105636892, 3.183158962685831 ], [ 101.578171108993232, 3.181963862591493 ], [ 101.577795955647858, 3.18067903627364 ], [ 101.577367298809705, 3.179699292462184 ], [ 101.576885123923944, 3.178945671068635 ], [ 101.576770829932414, 3.178762648175895 ], [ 101.576467257741584, 3.178393026917906 ], [ 101.575867275975142, 3.177768633784755 ], [ 101.574853069053347, 3.176972038635165 ], [ 101.573988813539685, 3.176078509901359 ], [ 101.573381634875503, 3.175123919733306 ], [ 101.572578013453551, 3.173835578352742 ], [ 101.571360075767686, 3.171833079688044 ], [ 101.570820751001449, 3.170917955691553 ], [ 101.569906402171952, 3.169371216386927 ], [ 101.568652736432469, 3.167178497932026 ], [ 101.568431294818552, 3.166808859563166 ], [ 101.567749106856212, 3.165635343462621 ], [ 101.56653831427036, 3.163539519958059 ], [ 101.564406022708482, 3.159710317444249 ], [ 101.564077427677674, 3.159107404744554 ], [ 101.563848845987224, 3.158723409966075 ], [ 101.563477424387912, 3.158238944479355 ], [ 101.563277429899671, 3.157987741337699 ], [ 101.562806044524891, 3.157575074347357 ], [ 101.562509646470886, 3.157334654507392 ], [ 101.560224256492077, 3.155996301271712 ], [ 101.559099430297451, 3.155411463511486 ], [ 101.558310264590403, 3.154984490016211 ], [ 101.558152294167343, 3.154903771602284 ], [ 101.557717513853532, 3.154762062560954 ], [ 101.556496312616005, 3.154349514250432 ], [ 101.555807156134335, 3.15411992303372 ], [ 101.555089458747887, 3.154037488988549 ], [ 101.554334240056079, 3.153957701758058 ], [ 101.554198729949178, 3.153679305887306 ], [ 101.554022503575737, 3.153181645474585 ], [ 101.553774859334979, 3.152640927171394 ], [ 101.553331913620269, 3.151391990713965 ], [ 101.55308424998762, 3.150722064591116 ], [ 101.552779442871554, 3.149956438067229 ], [ 101.552622272035634, 3.149530556308736 ], [ 101.552336472081294, 3.148530438724335 ], [ 101.552064957880077, 3.147549460639775 ], [ 101.551822049395554, 3.146831678657529 ], [ 101.551702946729606, 3.14628615404064 ], [ 101.55163143139545, 3.145611414332808 ], [ 101.551674194121276, 3.145070649820699 ], [ 101.551774095031561, 3.144592087437617 ], [ 101.552216562063307, 3.142792682310265 ], [ 101.552321218807791, 3.14228540632647 ], [ 101.552387820333493, 3.141974340478845 ], [ 101.552597013626325, 3.14018932819425 ], [ 101.552782341882363, 3.138011911234017 ], [ 101.552900877849254, 3.136720963503107 ], [ 101.553254605826169, 3.136474219401334 ], [ 101.553691876175122, 3.136181986162658 ], [ 101.554114346866669, 3.135930682283137 ], [ 101.55440590350473, 3.135709308190288 ], [ 101.554810513785569, 3.135410152202301 ], [ 101.555155610725166, 3.135081096379192 ], [ 101.555655410323396, 3.13463237905696 ], [ 101.556089751271884, 3.134189653835077 ], [ 101.556541943411375, 3.133740943747363 ], [ 101.556666878543354, 3.133537541316618 ], [ 101.556785839001932, 3.133184593979879 ], [ 101.55697021846909, 3.132580399070162 ], [ 101.557112969635511, 3.132149684028236 ], [ 101.557243861985839, 3.131988153417946 ], [ 101.557410466866102, 3.131874471705281 ], [ 101.55753571552556, 3.131868261892695 ], [ 101.557827026300501, 3.131886368089794 ], [ 101.558166227938315, 3.131916222347618 ], [ 101.558404262737426, 3.131928147414837 ], [ 101.558713712219031, 3.131969969988115 ], [ 101.559046958264901, 3.13196991575698 ], [ 101.559332595800839, 3.131957905521758 ], [ 101.559618236232993, 3.131963840708416 ], [ 101.560058598046723, 3.131969750474671 ], [ 101.560558468088189, 3.131975650276644 ], [ 101.560898138900015, 3.131927077021746 ], [ 101.56145106991481, 3.131843902877525 ], [ 101.562397258404957, 3.131891600804636 ], [ 101.563063766240518, 3.131987199200104 ], [ 101.563551746541251, 3.132064881534963 ], [ 101.563837390992362, 3.132094742891089 ], [ 101.564140885942507, 3.132112637509164 ], [ 101.564438421125089, 3.132076696553157 ], [ 101.564676447064784, 3.132034783698458 ], [ 101.565027525633241, 3.131915087920308 ], [ 101.565271500335825, 3.131861210266675 ], [ 101.565628533607423, 3.13176544061371 ], [ 101.565937970283755, 3.131729497224444 ], [ 101.566229553471999, 3.131687574944353 ], [ 101.566598499316626, 3.131657603088699 ], [ 101.566955544508843, 3.131633614963494 ], [ 101.56721151800788, 3.131568718281069 ], [ 101.567442044234923, 3.131467661973369 ], [ 101.56766326616939, 3.13134372422738 ], [ 101.567882213294709, 3.131090057109102 ], [ 101.568015477500865, 3.130889044753542 ], [ 101.568182086537789, 3.130807663278774 ], [ 101.568448656224106, 3.130649697172768 ], [ 101.568562884181887, 3.130486971742453 ], [ 101.568657957092512, 3.129663855480913 ], [ 101.568649282035253, 3.129501360173839 ], [ 101.568653152465515, 3.129405441216172 ], [ 101.568567409553225, 3.129103971681489 ], [ 101.568486411068761, 3.128706792024921 ], [ 101.568462494808855, 3.128041616524876 ], [ 101.568600354838338, 3.126873939420553 ], [ 101.57019993469531, 3.126911947145174 ], [ 101.570204594383185, 3.126323334203322 ], [ 101.570213479185355, 3.122609812056346 ], [ 101.570226976282882, 3.11802533417843 ], [ 101.570236124326115, 3.115843160383745 ], [ 101.56611820537961, 3.11576729612475 ], [ 101.563818834236187, 3.115715041598259 ], [ 101.564823256483081, 3.115346392823688 ], [ 101.566560761085782, 3.114700062299429 ], [ 101.568184018632536, 3.114106388644167 ], [ 101.569788232897125, 3.113517501320796 ], [ 101.571425768580752, 3.112923820389514 ], [ 101.572177891056185, 3.112646132490037 ], [ 101.57308709616801, 3.112277492720003 ], [ 101.574757937025524, 3.111597662599372 ], [ 101.576433538020353, 3.110927400019362 ], [ 101.578198740086037, 3.110341725482222 ], [ 101.580089431770347, 3.109711233910397 ], [ 101.582355322202744, 3.108969072867442 ], [ 101.583621551638061, 3.108542933107619 ], [ 101.584359385354929, 3.108260454028625 ], [ 101.585163770121909, 3.10745634667552 ], [ 101.585673044244729, 3.106891567072592 ], [ 101.586305974762439, 3.105695083099451 ], [ 101.586548650307876, 3.105092069380583 ], [ 101.587176765794183, 3.103613243625925 ], [ 101.588033265854719, 3.101497908034792 ], [ 101.588509102845066, 3.100349307250971 ], [ 101.589156227412971, 3.098722127629328 ], [ 101.589541653978799, 3.097793674861995 ], [ 101.590274396010173, 3.095802783325091 ], [ 101.590721667305743, 3.094663758107849 ], [ 101.590945309866427, 3.094132529134456 ], [ 101.591202209473551, 3.093251955059189 ], [ 101.591287840175255, 3.092945669125871 ], [ 101.591382903852477, 3.092175191597217 ], [ 101.591301680358242, 3.090615146595333 ], [ 101.59126343722096, 3.089772912610666 ], [ 101.591201332149822, 3.088614842670147 ], [ 101.591163138099944, 3.088031023587475 ], [ 101.590987849419577, 3.086723097812165 ], [ 101.590894837763983, 3.085754059414377 ], [ 101.59077687321583, 3.084993193351895 ], [ 101.589470121718108, 3.084946783117421 ], [ 101.588798894670688, 3.084925375307461 ], [ 101.588088391294718, 3.084889618060255 ], [ 101.586856617736757, 3.084846779593738 ], [ 101.586256781635086, 3.084739218483565 ], [ 101.585664073141501, 3.08455987374218 ], [ 101.585039199658993, 3.084204668794111 ], [ 101.583892985054902, 3.083447580397522 ], [ 101.582721788894673, 3.082740742594247 ], [ 101.581132878443455, 3.082102172022306 ], [ 101.581097172612658, 3.082087822092961 ], [ 101.579897505452706, 3.081876281822057 ], [ 101.578205146681498, 3.081736610150449 ], [ 101.576134341516095, 3.081640071779209 ], [ 101.574006446847179, 3.081748118036182 ], [ 101.572896048804267, 3.081590390673589 ], [ 101.571026173962323, 3.08043897895678 ], [ 101.569889524138432, 3.079742520280898 ], [ 101.568789745319449, 3.0790212976494 ], [ 101.566718801830092, 3.078052588681531 ], [ 101.56421357784572, 3.077408946299583 ], [ 101.563318991692597, 3.077184084954522 ], [ 101.561955810348024, 3.076843847170176 ], [ 101.561077481150562, 3.076635821775993 ], [ 101.56029553970491, 3.076359587132258 ], [ 101.559669066287583, 3.076127375526564 ], [ 101.559656417169165, 3.076122809107587 ], [ 101.558620934943107, 3.075530772708446 ], [ 101.557585456129772, 3.074953091646648 ], [ 101.556974886795587, 3.074648114410979 ], [ 101.557378176730836, 3.0736646360207 ], [ 101.557221061163759, 3.073521096702927 ], [ 101.557074633522845, 3.073230402385806 ], [ 101.556906788117317, 3.072964835154935 ], [ 101.556556837643782, 3.072570088818533 ], [ 101.556442541846522, 3.072272211122754 ], [ 101.556356781087686, 3.071798462790677 ], [ 101.556438841920595, 3.071439539409945 ], [ 101.556428041115453, 3.070861695241092 ], [ 101.556256590278153, 3.070366425723575 ], [ 101.556185089753001, 3.069756289121831 ], [ 101.556252891698563, 3.06954093218173 ], [ 101.55642416652411, 3.068905633704348 ], [ 101.556481250833983, 3.06864720917702 ], [ 101.556541876918757, 3.06820573973796 ], [ 101.556470433928951, 3.067965280936412 ], [ 101.55627047267285, 3.067800213512796 ], [ 101.556045504505462, 3.067538244130644 ], [ 101.555945451071949, 3.066985537619968 ], [ 101.555977485646693, 3.066353850095427 ], [ 101.556063117118384, 3.065998515268916 ], [ 101.556209415306, 3.065463715666367 ], [ 101.556309311567986, 3.065004294535041 ], [ 101.556369933699131, 3.064537701347134 ], [ 101.556273427343243, 3.063834251851762 ], [ 101.556226985511557, 3.063651214760683 ], [ 101.556273359424722, 3.063396381015353 ], [ 101.556467151218726, 3.063163359158672 ], [ 101.55659100972062, 3.062732346701506 ], [ 101.556826504607727, 3.061817087851802 ], [ 101.55702756713201, 3.061418665541579 ], [ 101.557568961388938, 3.060812021432321 ], [ 101.55786993443698, 3.060054672686786 ], [ 101.557755575291068, 3.059344047908971 ], [ 101.557555575179805, 3.058920565041489 ], [ 101.557134241122938, 3.058633502971399 ], [ 101.556691415618374, 3.057894216787858 ], [ 101.556855522021721, 3.057090231378595 ], [ 101.556519791259916, 3.056264789707666 ], [ 101.555462757090396, 3.054685748087931 ], [ 101.555441024276305, 3.052661495615571 ], [ 101.555219448594073, 3.051218709305783 ], [ 101.554869366619585, 3.049912328817746 ], [ 101.554105139568776, 3.048598833767845 ], [ 101.551769887189124, 3.046388300738157 ], [ 101.551612770078378, 3.046201690977801 ], [ 101.548903007858968, 3.042331604161914 ], [ 101.556372841211541, 3.041014460822205 ], [ 101.571974498611041, 3.0382286082536 ], [ 101.57192882743874, 3.014243585756727 ], [ 101.571197991836627, 3.013312934026625 ], [ 101.571929784308608, 3.012846227134281 ], [ 101.57192549985858, 3.001408584301402 ], [ 101.553613467709383, 3.001395713920392 ], [ 101.553851374280413, 3.000744852676366 ], [ 101.55393696536332, 3.000141869254024 ], [ 101.553885440463262, 2.999551088909096 ], [ 101.553822560294805, 2.999050797126162 ], [ 101.553584492440237, 2.998620139887958 ], [ 101.553175045273221, 2.998074656876205 ], [ 101.552099090477796, 2.996859306278973 ], [ 101.55158488112842, 2.996026709382245 ], [ 101.551184906842295, 2.995146240408364 ], [ 101.551032467058747, 2.99434230222717 ], [ 101.551051431362623, 2.993825467449072 ], [ 101.551279801082003, 2.993059756549816 ], [ 101.551850839839375, 2.991930298017012 ], [ 101.552888312619586, 2.990475356679119 ], [ 101.554382520604207, 2.987517704507559 ], [ 101.555105799420218, 2.985890531470996 ], [ 101.55537227384599, 2.985316233306293 ], [ 101.55658105877518, 2.983612417865447 ], [ 101.556723742933428, 2.982846719115843 ], [ 101.556685525304133, 2.981937483611021 ], [ 101.556771134236357, 2.981468493389536 ], [ 101.557162874671931, 2.981000719425158 ], [ 101.557600032671587, 2.980478712130357 ], [ 101.558618543433866, 2.979262513139914 ], [ 101.559385758067165, 2.978548891340034 ], [ 101.55994077562849, 2.978127738586089 ], [ 101.560569039730339, 2.977783085984243 ], [ 101.561470333016629, 2.977441907530146 ], [ 101.56242534167238, 2.977208536708716 ], [ 101.563948414883114, 2.976452189316682 ], [ 101.565642902823768, 2.976059508785704 ], [ 101.566928082803159, 2.975982733682478 ], [ 101.567899144643221, 2.97615485317485 ], [ 101.572259466781901, 2.977293077876268 ], [ 101.572307009634244, 2.976948515576077 ], [ 101.569003254820984, 2.974900877465325 ], [ 101.566346435815248, 2.973467964535298 ], [ 101.564607782677925, 2.972532963713763 ], [ 101.560792483563773, 2.970481955894999 ], [ 101.56026473093722, 2.970264664552263 ], [ 101.562877013400566, 2.964320688041347 ], [ 101.549821935809433, 2.957424593040662 ], [ 101.549971727420854, 2.964668598046852 ], [ 101.524041004448961, 2.949624932115153 ], [ 101.523774508798724, 2.950093942659085 ], [ 101.52045756346746, 2.955860858054754 ], [ 101.519691376979125, 2.957186529886844 ], [ 101.517730694214507, 2.960589244213131 ], [ 101.515651024776787, 2.964192959668275 ], [ 101.515027595301689, 2.965255410137589 ], [ 101.512857494672119, 2.969079263708803 ], [ 101.511267979268169, 2.971855026379236 ], [ 101.509502363447396, 2.974870080829363 ], [ 101.507022861106392, 2.979009800134791 ], [ 101.50387707659614, 2.984460808981354 ], [ 101.503167962308908, 2.985690754436737 ], [ 101.499084577504249, 2.992783271452883 ], [ 101.496609772624126, 2.9970665331237 ], [ 101.49542471496386, 2.999114839794437 ], [ 101.493459122115851, 3.002450517617627 ], [ 101.492821374990044, 3.003556027164937 ], [ 101.488704530131272, 3.010533659129381 ], [ 101.487809765830761, 3.012069883705809 ], [ 101.484611438449917, 3.017549558163011 ], [ 101.481422594993603, 3.022967011439632 ], [ 101.479237999856309, 3.02690086996851 ], [ 101.478662213615806, 3.029298449106219 ], [ 101.478252974070315, 3.030982975951872 ], [ 101.477962699696306, 3.032188943706927 ], [ 101.47708075524487, 3.032499418262633 ], [ 101.472710776361453, 3.030742622586069 ], [ 101.471331869840625, 3.034975576041536 ], [ 101.470709419156961, 3.036997533521713 ], [ 101.472672058423228, 3.040808741532262 ], [ 101.47361994409205, 3.042649409473935 ], [ 101.473912353248693, 3.043217227684875 ], [ 101.474126623015991, 3.043956569041081 ], [ 101.474176626639377, 3.044222159806587 ], [ 101.474215928417053, 3.044599014071755 ], [ 101.474155296358433, 3.045381446577489 ], [ 101.474033947936007, 3.04587316533653 ], [ 101.473480708272334, 3.047700069970969 ], [ 101.473491456092063, 3.048177421785441 ], [ 101.473605745201453, 3.048719369554535 ], [ 101.473887832943802, 3.049239769332596 ], [ 101.474223463238729, 3.049620189185883 ], [ 101.475210058432026, 3.050307301137863 ], [ 101.476083651000266, 3.050915711140642 ], [ 101.476512096532687, 3.051148968877677 ], [ 101.477269025080602, 3.051654972343244 ], [ 101.478029514539173, 3.052038944973142 ], [ 101.47893995319771, 3.052412137118654 ], [ 101.479568326118951, 3.052566416220022 ], [ 101.480132429068291, 3.052648918079086 ], [ 101.481096396769686, 3.052720617992953 ], [ 101.481175100711795, 3.054586951869644 ], [ 101.479657751034765, 3.054587081405554 ], [ 101.479690032373, 3.056367280530745 ], [ 101.481703648582737, 3.056374286233374 ], [ 101.481725349885295, 3.059636791049108 ], [ 101.48151115847709, 3.059913171551647 ], [ 101.480354352171133, 3.059385670942147 ], [ 101.480317907366569, 3.060426457790443 ], [ 101.475306510243229, 3.058810469271349 ], [ 101.473402718033341, 3.063165416368055 ], [ 101.472807750406176, 3.064146488471348 ], [ 101.472153254172383, 3.064828471833264 ], [ 101.471236944569966, 3.065606184795607 ], [ 101.470475319297606, 3.066036937235693 ], [ 101.46811905715073, 3.067640253462985 ], [ 101.470273245649295, 3.069243230249469 ], [ 101.4765603520176, 3.073864483162759 ], [ 101.476378906244662, 3.081724660962345 ], [ 101.476300661021611, 3.085432223288501 ], [ 101.468757004383647, 3.091677878445714 ], [ 101.468735676189681, 3.092937659484719 ], [ 101.460916582422897, 3.092923863485368 ], [ 101.459595548496324, 3.092923952460042 ], [ 101.454447086322858, 3.092920694339081 ], [ 101.451597937272822, 3.09291727760923 ], [ 101.448677380802096, 3.092910268106936 ], [ 101.44622097160844, 3.092906814653722 ], [ 101.444346531048652, 3.092896146982735 ], [ 101.443847749600948, 3.094940406069114 ], [ 101.443580275482958, 3.097058702747213 ], [ 101.442056481310146, 3.1097942599605 ], [ 101.44483784555365, 3.109950242645156 ], [ 101.444827237903297, 3.111923658653812 ], [ 101.450259057134048, 3.112124346795277 ], [ 101.450216294455643, 3.113555209886325 ], [ 101.452953635091745, 3.11372194076045 ], [ 101.452882290796083, 3.114791501351461 ], [ 101.452814499771151, 3.115577521630091 ], [ 101.45282884541551, 3.116639898744852 ], [ 101.45290739599514, 3.11665425042658 ], [ 101.452893133895444, 3.116980860738142 ], [ 101.452886015918679, 3.117361307333932 ], [ 101.452857514163099, 3.118387795870973 ], [ 101.452821884002475, 3.119622453467947 ], [ 101.45507483093958, 3.11949310587137 ], [ 101.455074986476191, 3.121987540329874 ], [ 101.455071516784912, 3.123602641939725 ], [ 101.455064579544469, 3.126865147036041 ], [ 101.455064688984208, 3.128616634595002 ], [ 101.455057780309744, 3.132331367687515 ], [ 101.455057904310792, 3.134312558321805 ], [ 101.451348151948054, 3.134287662617337 ], [ 101.451101904420881, 3.13627604623827 ], [ 101.451512595835709, 3.137675775975982 ], [ 101.454086929974608, 3.137585890691397 ], [ 101.457097339538819, 3.14481417166097 ], [ 101.458014219718635, 3.147019620826333 ], [ 101.458895472761412, 3.148124924338085 ], [ 101.460746108937755, 3.15044329733862 ], [ 101.461410100589447, 3.151268898405328 ], [ 101.462131416297964, 3.152169714887655 ], [ 101.46317054224761, 3.153476077756596 ], [ 101.463541914081148, 3.153939046519031 ], [ 101.464365012964095, 3.1546364481835 ], [ 101.46528309787972, 3.155414328435723 ], [ 101.467369804664202, 3.157168964305032 ], [ 101.468653527579789, 3.157959630480633 ], [ 101.469125621646086, 3.15813977354538 ], [ 101.470523125332633, 3.158228842066458 ], [ 101.471126327194781, 3.158583412653667 ], [ 101.471394200801441, 3.158852637711268 ], [ 101.472910609996902, 3.160391651197276 ], [ 101.473099866277764, 3.160578269566447 ], [ 101.471915365309954, 3.161364699287013 ], [ 101.470997770369266, 3.161971332025065 ], [ 101.469728167488313, 3.162818375256701 ], [ 101.469500289096871, 3.162989870179905 ], [ 101.468355541831301, 3.163851285565822 ], [ 101.467327633796657, 3.164538930148042 ], [ 101.466412040737552, 3.165170353553066 ], [ 101.465961834453893, 3.165486666538272 ], [ 101.457152348513546, 3.17167609626466 ], [ 101.455524207775142, 3.172709866412712 ], [ 101.454138857785637, 3.173595268816003 ], [ 101.451744253148817, 3.175279906646193 ], [ 101.446993106913141, 3.178634807292031 ], [ 101.440037713943568, 3.183492439157244 ], [ 101.434015367459779, 3.187703944046829 ], [ 101.429727403266781, 3.19070268167915 ], [ 101.427741753826481, 3.1919795352842 ], [ 101.428632923709642, 3.191993153468542 ], [ 101.434949580960577, 3.192084268852318 ], [ 101.440281827592102, 3.19214144194437 ], [ 101.465463957015672, 3.192428342853703 ], [ 101.466223304033605, 3.192461710866646 ], [ 101.466812145891723, 3.192453220669227 ], [ 101.467704844410605, 3.192761815830016 ], [ 101.467997665467124, 3.193070456616896 ], [ 101.468361913976509, 3.193551368980415 ], [ 101.468583928420145, 3.19403372799021 ], [ 101.468676192844285, 3.194290700877963 ], [ 101.469461826435207, 3.195295589727449 ], [ 101.469804637587373, 3.195589869589252 ], [ 101.470190305369997, 3.195984640953619 ], [ 101.470997318248536, 3.1963865567135 ], [ 101.471561495616896, 3.196443937089827 ], [ 101.472025675185691, 3.196278800589889 ], [ 101.47251128352076, 3.196171087857867 ], [ 101.473139709168322, 3.195926977078615 ], [ 101.473511045059681, 3.195704421819059 ], [ 101.47431799743282, 3.195359800563963 ], [ 101.47448221629827, 3.194950628602349 ], [ 101.474603601394989, 3.194720915576232 ], [ 101.474753530682875, 3.194232784398133 ], [ 101.475096283859855, 3.193816419162431 ], [ 101.475524743849803, 3.193522076240017 ], [ 101.47588178411776, 3.193163135265185 ], [ 101.476374527153354, 3.192997994416589 ], [ 101.476960122299857, 3.192997944313725 ], [ 101.477395752861142, 3.193055332543656 ], [ 101.477724253167182, 3.193005056646491 ], [ 101.477974191828835, 3.192883005321401 ], [ 101.478174129484742, 3.192631750422501 ], [ 101.478574021276231, 3.192323052310236 ], [ 101.479395250893674, 3.191964069469728 ], [ 101.479780880672706, 3.191899431454625 ], [ 101.480187940913169, 3.191906573534504 ], [ 101.480766411856607, 3.192107511908422 ], [ 101.481330597026457, 3.192272560164071 ], [ 101.481859059280694, 3.192258155987469 ], [ 101.482216124066412, 3.192200697858553 ], [ 101.48262319417843, 3.192315512175018 ], [ 101.483137411493999, 3.192717445042755 ], [ 101.483487368379429, 3.193026076021436 ], [ 101.483769540000367, 3.193025438712235 ], [ 101.483967825783509, 3.19304752579571 ], [ 101.484258637413973, 3.19299729174718 ], [ 101.484522851485409, 3.192803455382655 ], [ 101.484894169859686, 3.192430153597222 ], [ 101.485208384802391, 3.192358342010087 ], [ 101.485586881670628, 3.192387019257949 ], [ 101.486358129245801, 3.192135708809808 ], [ 101.486893730043562, 3.192092588507499 ], [ 101.487143681013649, 3.192114099239685 ], [ 101.487243662630632, 3.192135624298693 ], [ 101.487305855033938, 3.192142827796656 ], [ 101.487565031702687, 3.192200197355996 ], [ 101.488093494520143, 3.192192968177251 ], [ 101.488479965559705, 3.191976784933174 ], [ 101.488750461012856, 3.191755033461241 ], [ 101.488857556335731, 3.191489429160156 ], [ 101.488728984979588, 3.191216669590772 ], [ 101.488457586582015, 3.190951102081356 ], [ 101.488436118310176, 3.190491698533422 ], [ 101.488614600526574, 3.189946137019574 ], [ 101.488850238500092, 3.189658985581826 ], [ 101.489907088821582, 3.188897991576936 ], [ 101.489999892433204, 3.188546250010841 ], [ 101.489807001356979, 3.187785378401239 ], [ 101.489793382103301, 3.187438687574124 ], [ 101.489699799270412, 3.186945537986224 ], [ 101.489949700143072, 3.186464573153678 ], [ 101.490263877197535, 3.186026671205056 ], [ 101.490513783921514, 3.18561031016045 ], [ 101.490970786083921, 3.185158037449721 ], [ 101.49192051374655, 3.184432943193177 ], [ 101.49257034248744, 3.184095501868518 ], [ 101.492970242585471, 3.183944719002551 ], [ 101.492956092208985, 3.185265511594476 ], [ 101.492858276372388, 3.199565278553266 ], [ 101.49273183946751, 3.207907030224941 ], [ 101.492721492434498, 3.210925853050512 ], [ 101.492705981475254, 3.215451305815105 ], [ 101.492668869902545, 3.226141256215677 ], [ 101.492628481434849, 3.229632064904639 ], [ 101.493361695632473, 3.229670273390604 ], [ 101.493436850108836, 3.229465090182487 ], [ 101.494778833503503, 3.226905913489025 ], [ 101.495394337964541, 3.226105280319657 ], [ 101.495543381734549, 3.225911407403141 ], [ 101.495550544218304, 3.225903459236767 ], [ 101.495744525233889, 3.225688172361455 ], [ 101.496082765572027, 3.225322146863716 ], [ 101.496675187284822, 3.224668528092605 ], [ 101.497133514064856, 3.224165744935941 ], [ 101.49715252824889, 3.224134348849821 ], [ 101.497324556245317, 3.223850303992275 ], [ 101.497559820097962, 3.223461845809815 ], [ 101.497964111804194, 3.222614147188728 ], [ 101.497983838524107, 3.222607862625125 ], [ 101.498073443955946, 3.222579313171456 ] ] ] } },
{ "type": "Feature", "properties": { "OBJECTID": 4, "KATEGORI": "Majlis Bandaraya", "NAMA_PBT": "Majlis Bandaraya Diraja Klang", "Shape_area": 55507.838543700003, "web_name": "Majlis Bandaraya Diraja Klang", "web_type": "Majlis Bandaraya", "web_area": 55507.838543700003 }, "geometry": { "type": "MultiPolygon", "coordinates": [ [ [ [ 101.258950796835379, 2.922223500316397 ], [ 101.259183085547605, 2.918803394040196 ], [ 101.259183147702757, 2.91852682054289 ], [ 101.259197615359213, 2.91823577019647 ], [ 101.259125399568177, 2.917537168894178 ], [ 101.259081887921809, 2.917289726588316 ], [ 101.259067567781486, 2.916925904518453 ], [ 101.258980871198432, 2.916576547604462 ], [ 101.258864993935589, 2.916300038255952 ], [ 101.258836250978277, 2.916023458096838 ], [ 101.258821878660314, 2.915892498949548 ], [ 101.258749552024668, 2.915688671358412 ], [ 101.258590428567629, 2.915586820876498 ], [ 101.25851826887714, 2.914640787228816 ], [ 101.258286554053385, 2.913913008709051 ], [ 101.258084050110128, 2.912981516786838 ], [ 101.257954150191694, 2.912617669620455 ], [ 101.257520103565227, 2.911802509710432 ], [ 101.25740426375765, 2.911365901538644 ], [ 101.256854284149711, 2.910521665028221 ], [ 101.256478247311364, 2.9095319401601 ], [ 101.256116547043248, 2.908833183024975 ], [ 101.255870316246259, 2.908614835490487 ], [ 101.255610074258186, 2.908265528763525 ], [ 101.25550860400088, 2.907974451448573 ], [ 101.25549424473499, 2.907785208187596 ], [ 101.255161303480278, 2.907290267593948 ], [ 101.254843076352856, 2.907013711431919 ], [ 101.254611655146718, 2.906591556973922 ], [ 101.254611711545877, 2.906344124678981 ], [ 101.254495810170525, 2.906183999727932 ], [ 101.254249910502537, 2.906096699404524 ], [ 101.254481444332995, 2.906023989340798 ], [ 101.25451026862271, 2.905936660829799 ], [ 101.254423613722267, 2.905412635547105 ], [ 101.254076274914809, 2.904903211116887 ], [ 101.25372896342023, 2.904277309288847 ], [ 101.252759578490412, 2.903200112054103 ], [ 101.252614852505062, 2.903127316220752 ], [ 101.25223831322981, 2.902777891437385 ], [ 101.251992443284223, 2.902574114188509 ], [ 101.251833321407432, 2.902472171991803 ], [ 101.251558265764118, 2.902355722225476 ], [ 101.251239652988815, 2.902195550702446 ], [ 101.251181697218939, 2.902137253749133 ], [ 101.250950175027384, 2.902166341787117 ], [ 101.250906991277617, 2.902064426904907 ], [ 101.250139783405174, 2.90175862187946 ], [ 101.249864717838079, 2.901685793917778 ], [ 101.249531756698673, 2.901292757249038 ], [ 101.249343950469822, 2.900681463144631 ], [ 101.249285994037891, 2.900623256947376 ], [ 101.249083283750778, 2.900623208635479 ], [ 101.248663411424531, 2.900826830141018 ], [ 101.248098817777503, 2.900943173271675 ], [ 101.248055607569611, 2.900957733920607 ], [ 101.247838473736849, 2.901044927151677 ], [ 101.247592196007375, 2.901044868971256 ], [ 101.247476278845781, 2.900957597606673 ], [ 101.246723742529184, 2.901044663682976 ], [ 101.246463045474599, 2.901117456030408 ], [ 101.246086797248566, 2.901073653961531 ], [ 101.245826127951673, 2.901029970542922 ], [ 101.24378578221048, 2.899137451949676 ], [ 101.242251377266484, 2.89851126433675 ], [ 101.240630225702049, 2.897783147140877 ], [ 101.239964522696908, 2.897622888795513 ], [ 101.238401279572955, 2.897156785968275 ], [ 101.237011481349896, 2.897112824368249 ], [ 101.236084987011324, 2.897418221100777 ], [ 101.234261373281853, 2.897170339288645 ], [ 101.233479645765172, 2.897373956523364 ], [ 101.233204313870701, 2.898392576663676 ], [ 101.23307372305031, 2.899411321634558 ], [ 101.233160249453547, 2.90041555124078 ], [ 101.23276914119829, 2.902234720525633 ], [ 101.232522432204831, 2.903981162823949 ], [ 101.232507850285046, 2.904708793494766 ], [ 101.232826345324014, 2.905334692327689 ], [ 101.233839173331305, 2.906848586946914 ], [ 101.234316918703499, 2.907052424774664 ], [ 101.234765111385173, 2.908842661209607 ], [ 101.23453341224112, 2.909584899123576 ], [ 101.234084451820408, 2.909453741120895 ], [ 101.23375171811665, 2.909613756494514 ], [ 101.233360623610906, 2.909904802775285 ], [ 101.233215830480745, 2.910108486850068 ], [ 101.233143379239564, 2.91042866392349 ], [ 101.233100118280788, 2.91064694299581 ], [ 101.233114438205902, 2.910981712209395 ], [ 101.233070859528425, 2.911025324185463 ], [ 101.2329551771317, 2.911447394794159 ], [ 101.232911523478492, 2.911796630308081 ], [ 101.232954993608445, 2.912189600043605 ], [ 101.232983633366203, 2.91285913927772 ], [ 101.232997988911961, 2.913048291777232 ], [ 101.233041458275324, 2.91344126067892 ], [ 101.233373890497489, 2.914503834729642 ], [ 101.23344619147818, 2.914794906402854 ], [ 101.233561864568586, 2.915871906479591 ], [ 101.233793307959814, 2.916177588564693 ], [ 101.233778825717692, 2.916497780276739 ], [ 101.233663196724706, 2.916701470866346 ], [ 101.233445526451973, 2.917487333260663 ], [ 101.233604798861975, 2.918433387814255 ], [ 101.233966483569745, 2.919146632534284 ], [ 101.234950766166818, 2.919656221798531 ], [ 101.238106201568797, 2.920239200785922 ], [ 101.239148614810347, 2.920093929107141 ], [ 101.239408646912707, 2.921301920363406 ], [ 101.240161360157302, 2.922029829530427 ], [ 101.241695333411215, 2.923078123719717 ], [ 101.242781033710571, 2.924111645893462 ], [ 101.244141530406665, 2.924868841752142 ], [ 101.246022771873996, 2.92676123424584 ], [ 101.246008332009339, 2.926921327662062 ], [ 101.246818679743157, 2.927576484125304 ], [ 101.247310801774248, 2.927940418964621 ], [ 101.247455485384904, 2.928202456176665 ], [ 101.247730505962778, 2.928493575110068 ], [ 101.248106755567548, 2.928566428227337 ], [ 101.248439677982745, 2.929148705262168 ], [ 101.249076533692644, 2.929570866502965 ], [ 101.24916507225403, 2.929727637168499 ], [ 101.249467098129585, 2.930022110517603 ], [ 101.249713344285141, 2.930182267174964 ], [ 101.250118654945965, 2.930706368697749 ], [ 101.2502053927182, 2.930866487183753 ], [ 101.250552794746653, 2.931128481556706 ], [ 101.250972529055758, 2.931565251026535 ], [ 101.251160451896212, 2.931696251526439 ], [ 101.251724885419648, 2.93233677593407 ], [ 101.251927494536474, 2.932802545498607 ], [ 101.253258952868237, 2.934636606232068 ], [ 101.254199393754391, 2.93642695303202 ], [ 101.254329674141488, 2.936703557051498 ], [ 101.254778200698951, 2.937213005362281 ], [ 101.254995267559721, 2.937445917494204 ], [ 101.256978244329929, 2.938639824101732 ], [ 101.257195365533718, 2.938639873838949 ], [ 101.257636780902445, 2.938758714198482 ], [ 101.25745664986799, 2.936020175846963 ], [ 101.257992722551407, 2.933138628176847 ], [ 101.258210750549409, 2.929121841439711 ], [ 101.258761812028226, 2.925206944157334 ], [ 101.258920995772726, 2.925046882234059 ], [ 101.259007827352917, 2.924799560020396 ], [ 101.259037081336359, 2.924406607643579 ], [ 101.259066013688695, 2.923838986367421 ], [ 101.259066109111714, 2.923416884423601 ], [ 101.259066154744318, 2.923213165208105 ], [ 101.259023018509069, 2.922892959546523 ], [ 101.259008322014324, 2.922601902531256 ], [ 101.259023139653308, 2.922354472806572 ], [ 101.258950796835379, 2.922223500316397 ] ] ], [ [ [ 101.255383473942416, 2.941113845175214 ], [ 101.255397664882693, 2.940469113329385 ], [ 101.255267678938097, 2.940473426942447 ], [ 101.254717999232156, 2.939847478587607 ], [ 101.25396522871759, 2.939279766220095 ], [ 101.253531051476301, 2.93900309127213 ], [ 101.252300922962164, 2.938042306937168 ], [ 101.250955141513174, 2.935858904925434 ], [ 101.250680226645343, 2.935101971964656 ], [ 101.248335841513125, 2.932016027667656 ], [ 101.246961096594575, 2.930560340514671 ], [ 101.245282141712153, 2.928929819161293 ], [ 101.243559959966603, 2.927401280274355 ], [ 101.240867960815621, 2.92508658647543 ], [ 101.239247017172943, 2.923354256523297 ], [ 101.237365604282417, 2.922233109802576 ], [ 101.236337926321781, 2.921010358345039 ], [ 101.235686703965769, 2.920486282114561 ], [ 101.233341665411757, 2.92031102916672 ], [ 101.232357530915493, 2.920660119172847 ], [ 101.232038710224984, 2.921329480722661 ], [ 101.232023981340134, 2.922639308581444 ], [ 101.232168490999229, 2.92358536032623 ], [ 101.231892945599341, 2.925419126834932 ], [ 101.231356805366048, 2.92688892166159 ], [ 101.230662020001773, 2.927776476401589 ], [ 101.230545751446613, 2.929086278831319 ], [ 101.230776853174305, 2.930760076823217 ], [ 101.231138496237648, 2.931647990206494 ], [ 101.2316594341479, 2.933394533766084 ], [ 101.232020837751875, 2.935242942569255 ], [ 101.232353550510922, 2.936640191402995 ], [ 101.232396518765412, 2.937600788108682 ], [ 101.232627780479532, 2.93864876544741 ], [ 101.232772076343878, 2.940453497314904 ], [ 101.232887459084793, 2.942694801585506 ], [ 101.232785915439052, 2.944150134284778 ], [ 101.233161671761067, 2.946216925417759 ], [ 101.233639092327294, 2.947788790106753 ], [ 101.234130982528711, 2.949098835451645 ], [ 101.234854369898386, 2.950525234730016 ], [ 101.23530286002952, 2.951165737072554 ], [ 101.235997574040127, 2.952068213472902 ], [ 101.237097291496084, 2.953291075863025 ], [ 101.238529963622938, 2.954979653285795 ], [ 101.23893530820618, 2.955372711555702 ], [ 101.240889022685991, 2.957017792510817 ], [ 101.242539277143536, 2.958342600890258 ], [ 101.243508780580385, 2.959070563027591 ], [ 101.245766816052125, 2.960526471888572 ], [ 101.24727199465849, 2.961749333767801 ], [ 101.248516919608235, 2.962652026365685 ], [ 101.249327328327709, 2.963161564393937 ], [ 101.250557502598937, 2.964020539118326 ], [ 101.251947135438812, 2.965126982591951 ], [ 101.254494741998698, 2.966379223743353 ], [ 101.255334285712735, 2.965491598195035 ], [ 101.255798321797513, 2.962813846897282 ], [ 101.255973149087296, 2.957297889658735 ], [ 101.255466918838238, 2.955594979779132 ], [ 101.255698744401897, 2.954299770564021 ], [ 101.256118802890825, 2.953368423014818 ], [ 101.256206101095273, 2.952669859279838 ], [ 101.256394182161131, 2.952131416094711 ], [ 101.256582733120254, 2.951112681334497 ], [ 101.256626375227512, 2.949220658884184 ], [ 101.256583446834966, 2.947998149147265 ], [ 101.256684689423608, 2.947721598655173 ], [ 101.256699168522928, 2.947386926359295 ], [ 101.256670396201088, 2.947241302022481 ], [ 101.25659807991569, 2.946993943825156 ], [ 101.256583720267585, 2.946804700679066 ], [ 101.256525798220267, 2.946586397847675 ], [ 101.25648226693697, 2.946426289100414 ], [ 101.256482404081879, 2.945829610278571 ], [ 101.256410109846215, 2.945480255829119 ], [ 101.256395743502054, 2.945320155522381 ], [ 101.256323422381428, 2.945087277469342 ], [ 101.256164295122318, 2.944985334843509 ], [ 101.256236696201469, 2.944868966218799 ], [ 101.256236752629363, 2.944621534076581 ], [ 101.256178834934914, 2.944388659391413 ], [ 101.256135733483006, 2.943922926989806 ], [ 101.256034283892006, 2.94352994435973 ], [ 101.255846061197971, 2.943122370385207 ], [ 101.255759388384604, 2.942671197964374 ], [ 101.255759478617136, 2.942278239064951 ], [ 101.255730736035176, 2.942001749805668 ], [ 101.255455820826924, 2.94123033772602 ], [ 101.255383473942416, 2.941113845175214 ] ] ], [ [ [ 101.27233493640999, 2.955709826712669 ], [ 101.271929881886606, 2.95557878179664 ], [ 101.271553185776412, 2.95585518310451 ], [ 101.271263636357375, 2.956087981283911 ], [ 101.271335951662891, 2.956364571523132 ], [ 101.27150981743462, 2.956597471087728 ], [ 101.271582124842936, 2.956903111668863 ], [ 101.271741243288929, 2.957063244576084 ], [ 101.27201630144009, 2.957237973160862 ], [ 101.272334547272408, 2.957514525790222 ], [ 101.272711148962145, 2.957674706312715 ], [ 101.272986207411989, 2.957849434666092 ], [ 101.273217684584978, 2.958082346642037 ], [ 101.273550349408509, 2.958286138696784 ], [ 101.273724208805504, 2.958548179966031 ], [ 101.274085951907864, 2.959159508291162 ], [ 101.274331746013402, 2.959799954098242 ], [ 101.274563561701996, 2.960134680437415 ], [ 101.274983277334414, 2.960746111959883 ], [ 101.275330309287042, 2.961124574670684 ], [ 101.275894748072218, 2.961866903081722 ], [ 101.276328819618598, 2.962711108470602 ], [ 101.277009148189762, 2.963715554705152 ], [ 101.277370900870281, 2.964297740824695 ], [ 101.277732669399839, 2.964807254273884 ], [ 101.278036453226292, 2.965374856705651 ], [ 101.278514145330519, 2.965986209405609 ], [ 101.278919466300664, 2.966583065417769 ], [ 101.279266832603966, 2.967092484456497 ], [ 101.279845735016607, 2.967572901640787 ], [ 101.280294283354607, 2.968082341975753 ], [ 101.280858786917506, 2.968548274582755 ], [ 101.281423297062474, 2.968984975685268 ], [ 101.281929819544629, 2.969494426842499 ], [ 101.282610281621274, 2.96990209985421 ], [ 101.283073307738491, 2.97006229528996 ], [ 101.283276073755545, 2.969858617890432 ], [ 101.283319717842829, 2.969494718294168 ], [ 101.283203899305917, 2.968883443748974 ], [ 101.283146012110663, 2.968475900607856 ], [ 101.282856593542334, 2.968068400379801 ], [ 101.282610752032909, 2.967631676369771 ], [ 101.282234211685832, 2.967151303382149 ], [ 101.281771276636263, 2.966554526322625 ], [ 101.281423887996269, 2.9661469226348 ], [ 101.281120125865428, 2.965462845432341 ], [ 101.280975457443276, 2.965069853957961 ], [ 101.280758458756353, 2.964458558500419 ], [ 101.28032440549454, 2.963512449280175 ], [ 101.280266524042005, 2.963075854808375 ], [ 101.280179847114212, 2.962595542781669 ], [ 101.280035209206403, 2.962057025183353 ], [ 101.279543120447215, 2.961416528839174 ], [ 101.278993060639436, 2.960776020723785 ], [ 101.278428550133356, 2.960368461362349 ], [ 101.277878414932928, 2.960091768965032 ], [ 101.276937661142611, 2.959523940073467 ], [ 101.276619419839776, 2.959218246680118 ], [ 101.276228485173974, 2.958723388481759 ], [ 101.275808756268432, 2.958170240654318 ], [ 101.275403369611638, 2.957908150279334 ], [ 101.274882407817131, 2.957602413223643 ], [ 101.274173128525447, 2.957296634880477 ], [ 101.273579798727042, 2.956961739408679 ], [ 101.273145601326021, 2.956728783952487 ], [ 101.272725865176142, 2.956219346417891 ], [ 101.272465228818987, 2.955957286763669 ], [ 101.27233493640999, 2.955709826712669 ] ] ], [ [ [ 101.302427082134798, 2.975931431941687 ], [ 101.302962904207675, 2.975800487690188 ], [ 101.30349834309294, 2.975800589866094 ], [ 101.304164128862837, 2.975800716740487 ], [ 101.304468409949109, 2.97572801147802 ], [ 101.304627628432613, 2.975393365046636 ], [ 101.304598911712475, 2.974913064912965 ], [ 101.304396289087478, 2.974374538299733 ], [ 101.303932983033107, 2.973763199108171 ], [ 101.303426464362616, 2.973166331583237 ], [ 101.303035870130799, 2.972685961837108 ], [ 101.302572575786016, 2.972016428842149 ], [ 101.302413550868252, 2.97133238335714 ], [ 101.302210929084538, 2.970793857181601 ], [ 101.301935971511199, 2.970051505968154 ], [ 101.301632256291882, 2.969047236501182 ], [ 101.301530858458634, 2.968290438611149 ], [ 101.301444182362204, 2.967751933900723 ], [ 101.301328778012035, 2.966805892394762 ], [ 101.301213037513151, 2.965728894947911 ], [ 101.301054039364885, 2.964913802502098 ], [ 101.300837040868515, 2.964244316544923 ], [ 101.300475384346129, 2.963094508560068 ], [ 101.300200428858915, 2.962352156075388 ], [ 101.299722779734509, 2.961464238719894 ], [ 101.299259505930792, 2.960721940933803 ], [ 101.298796592530223, 2.959979642991523 ], [ 101.298593987701167, 2.959368261847072 ], [ 101.298449327963397, 2.958902509804488 ], [ 101.298015339300576, 2.957548966642818 ], [ 101.297725997359308, 2.956733848083183 ], [ 101.297277450306126, 2.95619527256316 ], [ 101.29617747605765, 2.954084728823787 ], [ 101.295859286085943, 2.953502556335332 ], [ 101.295714690237745, 2.952716608035551 ], [ 101.29604742648678, 2.952556575279301 ], [ 101.296192221387074, 2.952323741713366 ], [ 101.296192267018597, 2.952090879463043 ], [ 101.295975225174956, 2.95166873582107 ], [ 101.295859706758065, 2.951334035948949 ], [ 101.295743846582326, 2.950911910693567 ], [ 101.295613576513801, 2.950518925439162 ], [ 101.295440101573575, 2.95011136053229 ], [ 101.295295409874939, 2.949820277068235 ], [ 101.295136352070884, 2.949339950694455 ], [ 101.294875770586955, 2.948772270433322 ], [ 101.294484859233322, 2.948131890678015 ], [ 101.294369319435418, 2.947913486338781 ], [ 101.294137819746126, 2.947782484186191 ], [ 101.294065502973581, 2.947491415854132 ], [ 101.294036376683721, 2.947287599002103 ], [ 101.293877282303072, 2.946996512474416 ], [ 101.29334168921234, 2.946021336420003 ], [ 101.29297992801628, 2.945468206458383 ], [ 101.292748465786772, 2.945147964012691 ], [ 101.292517001609838, 2.944842292549292 ], [ 101.292444647760178, 2.944740372462673 ], [ 101.292314352150029, 2.944492913773203 ], [ 101.292198429293236, 2.944391075760848 ], [ 101.291923425435073, 2.943939777636725 ], [ 101.291561653115451, 2.943444930523452 ], [ 101.291185482336843, 2.942935419327267 ], [ 101.29091050254334, 2.942367825282935 ], [ 101.290809369414646, 2.942134943337284 ], [ 101.290447603996938, 2.941610863803896 ], [ 101.290143447580121, 2.941101456124212 ], [ 101.289810833718334, 2.940650237436781 ], [ 101.289636994531236, 2.940286293875092 ], [ 101.2892172765102, 2.939674956864782 ], [ 101.288913455296452, 2.939296506457502 ], [ 101.288566077235373, 2.938859853811641 ], [ 101.288247856123789, 2.938466830075595 ], [ 101.287944003073889, 2.938248387356463 ], [ 101.286279424852111, 2.936399725169565 ], [ 101.285816713981362, 2.934740546607157 ], [ 101.284846932564932, 2.933575948380188 ], [ 101.284051184882287, 2.931814795214469 ], [ 101.283703938472783, 2.930752319507742 ], [ 101.282850025748715, 2.929966223030608 ], [ 101.281981860685434, 2.928452396580458 ], [ 101.281952754287602, 2.92816133661572 ], [ 101.281808128451004, 2.927579105965223 ], [ 101.281301659049831, 2.926894986082508 ], [ 101.280954344499094, 2.926181758354756 ], [ 101.2807517427063, 2.925628657406879 ], [ 101.280505867294352, 2.925395744010814 ], [ 101.280202070972649, 2.924929958533862 ], [ 101.280100590027914, 2.924653452580968 ], [ 101.279811192461949, 2.924202239438186 ], [ 101.279550969439015, 2.923707320132454 ], [ 101.279435077323043, 2.923474433295013 ], [ 101.27916010786798, 2.922906747338775 ], [ 101.278914287650807, 2.922411920984848 ], [ 101.278639284152845, 2.922004332867318 ], [ 101.278537777049564, 2.921858784336909 ], [ 101.278393037876029, 2.921829611439205 ], [ 101.278277515171965, 2.921553103942193 ], [ 101.278248399204827, 2.921320236325311 ], [ 101.277915831736252, 2.920694344501434 ], [ 101.277481758641201, 2.919922903966511 ], [ 101.27717760434291, 2.919457116037921 ], [ 101.276960544648119, 2.919180496669374 ], [ 101.276960541560641, 2.919195066870942 ], [ 101.276772620013602, 2.919049500442814 ], [ 101.276511999442661, 2.918743819629248 ], [ 101.276425224779601, 2.918743800985095 ], [ 101.276251349707309, 2.918583666512099 ], [ 101.27599109226729, 2.918263414593417 ], [ 101.275585797811331, 2.917622936315226 ], [ 101.27526723565218, 2.917186286845161 ], [ 101.274413418101503, 2.916021796006328 ], [ 101.273718987555995, 2.915424877484055 ], [ 101.272980641080622, 2.914784417662236 ], [ 101.272401745137515, 2.914405904778123 ], [ 101.271706929281294, 2.913940031773626 ], [ 101.271330776006337, 2.913430514311655 ], [ 101.270969040979608, 2.912848327291472 ], [ 101.27080994527266, 2.912615430947914 ], [ 101.270115149339219, 2.912062223357715 ], [ 101.269174494320339, 2.911232387378601 ], [ 101.268537688161643, 2.910591855535944 ], [ 101.268146749909747, 2.91019890121906 ], [ 101.267828539592756, 2.909820353050459 ], [ 101.267191717358074, 2.909267155796012 ], [ 101.266728413788172, 2.908845042846753 ], [ 101.266265467952891, 2.908437410760773 ], [ 101.266062771550537, 2.908364601995884 ], [ 101.265860084016268, 2.908248171794764 ], [ 101.265585009444081, 2.908204399597027 ], [ 101.265367875536597, 2.908291686220727 ], [ 101.264875581304509, 2.90872815805727 ], [ 101.264774331699016, 2.909062902977237 ], [ 101.264238829806558, 2.909499366414984 ], [ 101.264079266584204, 2.909761333891294 ], [ 101.263847675745083, 2.910096049315666 ], [ 101.263572546323275, 2.91029970815173 ], [ 101.262921126504551, 2.910634330080801 ], [ 101.262631617528399, 2.910736169939876 ], [ 101.262400051382997, 2.910954409356483 ], [ 101.262342027591259, 2.911201828553818 ], [ 101.26241431867652, 2.911565662991514 ], [ 101.262501067475029, 2.911682067526038 ], [ 101.262674888155971, 2.91207506700871 ], [ 101.262660100938902, 2.912191539367666 ], [ 101.262920551573359, 2.913239429422612 ], [ 101.262992853550145, 2.913559640780449 ], [ 101.263209866438729, 2.914025412611448 ], [ 101.263238590875403, 2.914389327169039 ], [ 101.263528252984244, 2.915233504386783 ], [ 101.263528201701533, 2.915466365709531 ], [ 101.263788303730493, 2.916470633312715 ], [ 101.263889715790853, 2.917038285172972 ], [ 101.263874834275498, 2.917576767938009 ], [ 101.264005093950203, 2.917955186382649 ], [ 101.264005032989914, 2.918231669088152 ], [ 101.264120863738313, 2.918726559925878 ], [ 101.264062765057901, 2.919308745960406 ], [ 101.264048346585767, 2.919381506954956 ], [ 101.264091415867625, 2.920007337238202 ], [ 101.264236389944273, 2.920604049243732 ], [ 101.264337464649159, 2.921069794712102 ], [ 101.264337432978763, 2.921215321569225 ], [ 101.264409760119534, 2.921419057992212 ], [ 101.264496538227021, 2.921404596577584 ], [ 101.264670441266006, 2.921433686960428 ], [ 101.264597959902773, 2.921928535297474 ], [ 101.264612308602977, 2.922175970878056 ], [ 101.264583004698622, 2.922801785631882 ], [ 101.264568519654489, 2.923180171355157 ], [ 101.264626383807865, 2.92366047803928 ], [ 101.264698552102431, 2.92459194037204 ], [ 101.264640510927663, 2.924912123044255 ], [ 101.264741933737326, 2.925436061734767 ], [ 101.264683909578963, 2.92568348097964 ], [ 101.264726735791328, 2.927415336849053 ], [ 101.264741440258433, 2.927677342640895 ], [ 101.26471221086824, 2.927968389769781 ], [ 101.264639767155842, 2.928288569983303 ], [ 101.264654106133136, 2.928579718594603 ], [ 101.264625239730194, 2.928856195562146 ], [ 101.264581575423534, 2.929292767082644 ], [ 101.264552674024443, 2.929729431918689 ], [ 101.264480169982747, 2.930326095581664 ], [ 101.264378849718454, 2.930966464930652 ], [ 101.263841215762639, 2.939349359214078 ], [ 101.263768783997349, 2.939611346049944 ], [ 101.26384110880646, 2.93982965267841 ], [ 101.263884596852918, 2.940193480383988 ], [ 101.264043620531993, 2.94076114435778 ], [ 101.264159336551486, 2.941779949917931 ], [ 101.264304009413976, 2.942114749363405 ], [ 101.265142950147265, 2.943832302164508 ], [ 101.26538912515943, 2.944341701542141 ], [ 101.266604630530082, 2.946379533028392 ], [ 101.26669127318722, 2.94699080259352 ], [ 101.26687946487273, 2.947558472717501 ], [ 101.266908209465484, 2.94783496178689 ], [ 101.266951711626831, 2.948140596989503 ], [ 101.267183096063746, 2.948781040183039 ], [ 101.267313310798343, 2.949377839277049 ], [ 101.267559124065897, 2.949901809189538 ], [ 101.267660596692224, 2.950207457332849 ], [ 101.267863192779302, 2.950775129705786 ], [ 101.268036638471671, 2.951269942956377 ], [ 101.268108996937698, 2.951342722528862 ], [ 101.268210170302908, 2.951371885524709 ], [ 101.268398443744985, 2.951575647563056 ], [ 101.26851434505366, 2.951764913260671 ], [ 101.268904968701435, 2.95201243176728 ], [ 101.269382733591399, 2.952245398469702 ], [ 101.26971574221335, 2.952507384028058 ], [ 101.269932830970475, 2.952667530033687 ], [ 101.270193143666575, 2.952754921370292 ], [ 101.270236542401577, 2.95354085074856 ], [ 101.270511599472343, 2.953715578848593 ], [ 101.270699529012418, 2.953846576252433 ], [ 101.270988945177962, 2.954225029105633 ], [ 101.271582619065271, 2.954618118323342 ], [ 101.272103597588995, 2.954836613286343 ], [ 101.272653759602861, 2.954967689117757 ], [ 101.273218281918986, 2.955302578722761 ], [ 101.273898372548615, 2.955710165881568 ], [ 101.274737875607997, 2.95658360149652 ], [ 101.27541835546424, 2.956860322015164 ], [ 101.276214378194538, 2.957326216189101 ], [ 101.277227452065432, 2.958141403485 ], [ 101.277791977320817, 2.958476290849553 ], [ 101.278356475128049, 2.95894213457671 ], [ 101.278804999524368, 2.959553480068237 ], [ 101.279253941823228, 2.959888341949573 ], [ 101.280064340348844, 2.960499764213359 ], [ 101.280628894334669, 2.960703602696671 ], [ 101.281236645375401, 2.960965734153441 ], [ 101.28203310313603, 2.961096857589291 ], [ 101.282524908420797, 2.961373534073343 ], [ 101.282973837416094, 2.961781067900962 ], [ 101.283827866389487, 2.962116013146186 ], [ 101.284768646046174, 2.962581931705195 ], [ 101.28576735577758, 2.963266152638986 ], [ 101.286389857061749, 2.963601047802418 ], [ 101.28712794490788, 2.963935966540373 ], [ 101.28756212719766, 2.964270732128148 ], [ 101.288025436092923, 2.96480940367276 ], [ 101.288705525975985, 2.965275266133339 ], [ 101.289328026305085, 2.965624640694291 ], [ 101.289834560570682, 2.966090466927896 ], [ 101.290341091496316, 2.966570863960308 ], [ 101.290732014548439, 2.9671676228861 ], [ 101.291180588997037, 2.967575244328229 ], [ 101.291875444494195, 2.968041107048674 ], [ 101.291759471372885, 2.968186612107902 ], [ 101.291918491432, 2.968856177126969 ], [ 101.291947536990207, 2.969467435000814 ], [ 101.292338113703437, 2.970006000117024 ], [ 101.292671064776002, 2.970617317703939 ], [ 101.293119599866941, 2.971228658506441 ], [ 101.293713196590602, 2.972102031623219 ], [ 101.294103760605736, 2.972713360404806 ], [ 101.294624661753616, 2.973382908376665 ], [ 101.295391856007001, 2.97406716627748 ], [ 101.295898369940815, 2.974663946531771 ], [ 101.297201390337108, 2.975202690303157 ], [ 101.298301368017533, 2.975537673363195 ], [ 101.299271382204878, 2.975741583137574 ], [ 101.300139815561664, 2.976149282428148 ], [ 101.300819941697313, 2.976484180998631 ], [ 101.301413737462624, 2.976353248787084 ], [ 101.302427082134798, 2.975931431941687 ] ] ], [ [ [ 101.305915608426531, 2.977445653939059 ], [ 101.305611774405619, 2.977052636034791 ], [ 101.305206389632573, 2.976703311803484 ], [ 101.304525902233664, 2.976368415056176 ], [ 101.303976085785322, 2.976237353904608 ], [ 101.303440273870578, 2.976310015375929 ], [ 101.302745295473116, 2.976440839977053 ], [ 101.301862302706695, 2.976848200510672 ], [ 101.301094919585609, 2.977124536920033 ], [ 101.30028435610059, 2.977255426641149 ], [ 101.299936864620491, 2.977328123080919 ], [ 101.299357856315112, 2.977328010627269 ], [ 101.298836845097654, 2.97719695256639 ], [ 101.298228710019998, 2.976993022853692 ], [ 101.297577357773662, 2.976832797317147 ], [ 101.297041652663893, 2.976352397705547 ], [ 101.296578661109606, 2.975988487908955 ], [ 101.296057739608017, 2.975406276101233 ], [ 101.295493247194557, 2.974838534737468 ], [ 101.294914350787423, 2.974270791034933 ], [ 101.294595750129133, 2.973921480349039 ], [ 101.29406038519744, 2.973557465023575 ], [ 101.293669434257311, 2.973077092040422 ], [ 101.293264058378881, 2.972713193338687 ], [ 101.292801129718114, 2.972043656438486 ], [ 101.292453749933998, 2.97156329264195 ], [ 101.292091943432709, 2.971199401487683 ], [ 101.291860503437334, 2.970748111321443 ], [ 101.291788199728643, 2.970384278673456 ], [ 101.29148403612308, 2.96987487216999 ], [ 101.291252608325408, 2.969365389470899 ], [ 101.290847309056147, 2.968623100089893 ], [ 101.290746179608661, 2.96836107612728 ], [ 101.290456739398678, 2.968055392428948 ], [ 101.290138132229075, 2.967749702732577 ], [ 101.289327701589869, 2.96724010219725 ], [ 101.289023879883686, 2.966832599730681 ], [ 101.288806815256805, 2.966526840432842 ], [ 101.288488220795756, 2.966162957045041 ], [ 101.287793382698922, 2.965624327177301 ], [ 101.28666470092115, 2.964852747424316 ], [ 101.28556444848482, 2.964168506981775 ], [ 101.284261868721458, 2.963324124432171 ], [ 101.283581379765167, 2.963061979362532 ], [ 101.282770961521351, 2.9625233238197 ], [ 101.282394746940241, 2.962217618992917 ], [ 101.281989314714721, 2.962159341859425 ], [ 101.281670642278741, 2.96218832653791 ], [ 101.281294300806792, 2.9624938732153 ], [ 101.281149514438894, 2.962668510582303 ], [ 101.281135029238726, 2.963061467470873 ], [ 101.281221721867354, 2.963469016843771 ], [ 101.281294018697253, 2.963847420287015 ], [ 101.281641352581786, 2.964516937288361 ], [ 101.281887587177351, 2.964793562858125 ], [ 101.282133407356042, 2.965332101624953 ], [ 101.282422844597519, 2.96563778742163 ], [ 101.282625498430292, 2.965972596885749 ], [ 101.282929270712827, 2.966612961477505 ], [ 101.283175505251663, 2.966889587603061 ], [ 101.283421347659413, 2.967326219822239 ], [ 101.283681974040448, 2.967661041275023 ], [ 101.283899022382215, 2.96803947575792 ], [ 101.284174025590204, 2.968505255946824 ], [ 101.284434283622801, 2.968883700231321 ], [ 101.284593743467084, 2.969145736045653 ], [ 101.284796023709305, 2.969553308518695 ], [ 101.28512899071778, 2.970062723619548 ], [ 101.285461931017011, 2.970703184464081 ], [ 101.285982838848341, 2.971314542297224 ], [ 101.286619685629105, 2.971955066790053 ], [ 101.287155387970472, 2.972420900286713 ], [ 101.288038154905081, 2.973134237456603 ], [ 101.288848603130816, 2.973570984745247 ], [ 101.289774895946522, 2.97451719079162 ], [ 101.290151470521295, 2.974852034488481 ], [ 101.290469708115793, 2.975215917407601 ], [ 101.290875081854054, 2.975594388143288 ], [ 101.29123690022486, 2.97590008729902 ], [ 101.291671074511854, 2.976307704837778 ], [ 101.292105278268338, 2.976569797014704 ], [ 101.292583022627085, 2.976977332991706 ], [ 101.293089588579321, 2.977312201189222 ], [ 101.293900128561603, 2.977312363493519 ], [ 101.294377962532195, 2.977268837145405 ], [ 101.295130901340272, 2.977210703700289 ], [ 101.295608361884135, 2.977239939388217 ], [ 101.296317668165855, 2.977502083903082 ], [ 101.296578311333633, 2.977778619188269 ], [ 101.296766599961444, 2.977953324611339 ], [ 101.297287589703743, 2.97818628913304 ], [ 101.297605856156579, 2.978419213394931 ], [ 101.297895320009133, 2.978622990651675 ], [ 101.298242713588834, 2.9790597314187 ], [ 101.298995562972337, 2.979467318837955 ], [ 101.299618052619692, 2.97993316434262 ], [ 101.30005227652552, 2.98010791817625 ], [ 101.30035615350198, 2.980268074581334 ], [ 101.300920701515849, 2.980573810169611 ], [ 101.301600831383837, 2.980908708317283 ], [ 101.30225251298468, 2.981243601320756 ], [ 101.302483992650465, 2.98152013046498 ], [ 101.303034172154767, 2.981651192451292 ], [ 101.303453647461154, 2.981753177888999 ], [ 101.304090613092271, 2.981855204017957 ], [ 101.304539648104225, 2.981782526532467 ], [ 101.304915989888258, 2.981476972007689 ], [ 101.305118748559664, 2.981302341754254 ], [ 101.305509529485519, 2.980807550631456 ], [ 101.306016227944113, 2.980458398281202 ], [ 101.306204594180272, 2.980225571819821 ], [ 101.306378570990077, 2.979919979135161 ], [ 101.306479828957038, 2.979512467181467 ], [ 101.306479915432163, 2.97904674360558 ], [ 101.306494389332002, 2.978668355586602 ], [ 101.30643650601148, 2.978188050003681 ], [ 101.306176236495574, 2.977824092516637 ], [ 101.305915608426531, 2.977445653939059 ] ] ], [ [ [ 101.311241989022648, 2.982948091811876 ], [ 101.309953851672859, 2.98166706735252 ], [ 101.309476047860315, 2.981536021513315 ], [ 101.308737838939223, 2.981768746405728 ], [ 101.308013717325665, 2.981754040259294 ], [ 101.307246485202015, 2.983151068002818 ], [ 101.307086729598566, 2.98443182451409 ], [ 101.30804230213694, 2.984897727445093 ], [ 101.308867183263217, 2.98526170044873 ], [ 101.310054245086064, 2.98597507743148 ], [ 101.310647596771645, 2.986324435741983 ], [ 101.311965094968755, 2.986572111333182 ], [ 101.313297038271358, 2.986586925793791 ], [ 101.314049800701667, 2.985539139021453 ], [ 101.313717231115675, 2.984724106647031 ], [ 101.311241989022648, 2.982948091811876 ] ] ], [ [ [ 101.317017306454332, 2.987198850715052 ], [ 101.315005393798089, 2.985903221304481 ], [ 101.314136433281803, 2.986354216408496 ], [ 101.313991491756966, 2.987402114508161 ], [ 101.315294483465848, 2.988231894430793 ], [ 101.316727592847187, 2.988363108839944 ], [ 101.317306461946686, 2.989178275463673 ], [ 101.319332886245391, 2.989906273385164 ], [ 101.320519941085777, 2.990721546402994 ], [ 101.322068919797431, 2.991318498850189 ], [ 101.322662336868788, 2.99133317386532 ], [ 101.322445286088509, 2.990867411384208 ], [ 101.321605632588415, 2.990503445881862 ], [ 101.320911151254151, 2.989804737582583 ], [ 101.319260756988953, 2.988494608602504 ], [ 101.317017306454332, 2.987198850715052 ] ] ], [ [ [ 101.356145709317332, 2.995569720884992 ], [ 101.357768679223113, 2.995424964389405 ], [ 101.357904274445815, 2.995483546425387 ], [ 101.358380125485468, 2.995479197628501 ], [ 101.358590237285028, 2.995421278652466 ], [ 101.35890485199198, 2.995382578327868 ], [ 101.359597337403699, 2.995195427677822 ], [ 101.359979423916641, 2.995046988159994 ], [ 101.360403702597665, 2.994783371305251 ], [ 101.360734681743679, 2.994721261258507 ], [ 101.362036965575669, 2.994677066726212 ], [ 101.362849165585601, 2.994496174671225 ], [ 101.362922005015562, 2.994479984181447 ], [ 101.364264957142566, 2.994363273877716 ], [ 101.364648292594055, 2.994272200152154 ], [ 101.364740058236251, 2.994221020651434 ], [ 101.365517033494811, 2.993969950627676 ], [ 101.365923537584749, 2.99393743363271 ], [ 101.367557307232104, 2.99353921446297 ], [ 101.368476949114608, 2.993433212944511 ], [ 101.368716364666838, 2.993347396747006 ], [ 101.369298629717335, 2.993382894792793 ], [ 101.369785374962504, 2.99329916486975 ], [ 101.370039360013166, 2.993230624437681 ], [ 101.37003941519049, 2.993412751232071 ], [ 101.370039919427569, 2.99323175673161 ], [ 101.37049668572628, 2.993112905335588 ], [ 101.371011209188907, 2.992942215747155 ], [ 101.371582477453728, 2.992886691939204 ], [ 101.372153746486845, 2.992830883728464 ], [ 101.372782070309228, 2.992775231339028 ], [ 101.373296127470681, 2.992776913794993 ], [ 101.373809877452999, 2.992893041774709 ], [ 101.374266724605889, 2.992951930989817 ], [ 101.374780783498551, 2.99295333194717 ], [ 101.375351741269071, 2.993012531906026 ], [ 101.375865801012907, 2.993013929874894 ], [ 101.376551459733861, 2.992958714552862 ], [ 101.377236838261481, 2.992903215519136 ], [ 101.377865288614856, 2.992904924315871 ], [ 101.378664595208718, 2.993022107567983 ], [ 101.379292608908571, 2.993081461276581 ], [ 101.37992121264125, 2.993025804779361 ], [ 101.380263515419529, 2.993141745747799 ], [ 101.380662719908926, 2.993314923150733 ], [ 101.381005612705167, 2.993316137319105 ], [ 101.381462770915775, 2.993260014502486 ], [ 101.381748019051201, 2.993375516886866 ], [ 101.382204587521244, 2.993434404430994 ], [ 101.382661744076898, 2.993378281112256 ], [ 101.383175804000388, 2.993379676464587 ], [ 101.38368939975858, 2.993553444708267 ], [ 101.384717517307138, 2.993556517480454 ], [ 101.385688733768248, 2.99350207055525 ], [ 101.386528823085371, 2.993504348994821 ], [ 101.386602459730824, 2.993504548203895 ], [ 101.38728827193242, 2.993391962024603 ], [ 101.387859695758991, 2.993278783131792 ], [ 101.388660079999184, 2.992994130305175 ], [ 101.389003307893745, 2.992765321432055 ], [ 101.38946077266921, 2.99259446868975 ], [ 101.389804461019921, 2.992193849674194 ], [ 101.389859393002084, 2.992029904622921 ], [ 101.389919775528497, 2.991849693817928 ], [ 101.389863642200467, 2.99150507475956 ], [ 101.389864718895311, 2.991103246809156 ], [ 101.389808919822087, 2.9905291721082 ], [ 101.389468153665732, 2.989839597097761 ], [ 101.389127081522759, 2.989264467754091 ], [ 101.388614102299002, 2.988861247239409 ], [ 101.387930755197345, 2.988055734193188 ], [ 101.387361184333685, 2.987479985424475 ], [ 101.386668326608785, 2.986867449644769 ], [ 101.386449339094526, 2.986673853284456 ], [ 101.38570799020529, 2.986327094717788 ], [ 101.384966360832451, 2.985980617271817 ], [ 101.384567032044984, 2.98574979650166 ], [ 101.384536479434772, 2.985749712960349 ], [ 101.384452922251839, 2.98574948714219 ], [ 101.384509515168688, 2.985922014981584 ], [ 101.384509269163274, 2.986013836554036 ], [ 101.384508898923215, 2.98615146980653 ], [ 101.3843374536347, 2.986151004100749 ], [ 101.384167060306766, 2.985863439451373 ], [ 101.384053132014984, 2.9856910385167 ], [ 101.383710985864838, 2.98551773708223 ], [ 101.383425123081778, 2.985631689197954 ], [ 101.383254449945127, 2.985344124402813 ], [ 101.382968895031468, 2.985343348986575 ], [ 101.382797731637581, 2.985342883867196 ], [ 101.382626749157012, 2.985170328838315 ], [ 101.382512360121666, 2.985169735171528 ], [ 101.381599721576166, 2.984765428606734 ], [ 101.38120039639395, 2.984534606605275 ], [ 101.38051625904815, 2.984130920173309 ], [ 101.379888898102024, 2.983727104128384 ], [ 101.378862926191033, 2.983035385678776 ], [ 101.377608796570598, 2.982113308841169 ], [ 101.376639757618605, 2.981364380863802 ], [ 101.376381938851182, 2.980979819907769 ], [ 101.376251056576891, 2.980979465728421 ], [ 101.376180588406626, 2.980837410688137 ], [ 101.376099155041359, 2.980704097475738 ], [ 101.375989819054439, 2.980593302426927 ], [ 101.37587004772756, 2.980491530003861 ], [ 101.37574887004304, 2.980390323279773 ], [ 101.375635037320038, 2.980281504476398 ], [ 101.375528231628905, 2.98016648750249 ], [ 101.375418616466419, 2.980054278482327 ], [ 101.375293221312774, 2.97995983480399 ], [ 101.375174854850783, 2.979857781522193 ], [ 101.375060740471326, 2.979748962655063 ], [ 101.374950562691282, 2.979636206020576 ], [ 101.374849696482826, 2.979516666525639 ], [ 101.374761763791113, 2.979386726030204 ], [ 101.374682580783698, 2.979249456764154 ], [ 101.374607895430884, 2.979109097100373 ], [ 101.374532928318672, 2.978969586434403 ], [ 101.374452620720589, 2.978835707382419 ], [ 101.374359309810202, 2.978713378112099 ], [ 101.374211635196232, 2.978648254478974 ], [ 101.374053899750734, 2.978658849219637 ], [ 101.373962305466378, 2.97874045585618 ], [ 101.373937228717111, 2.978762798926534 ], [ 101.373913772590086, 2.978916182269 ], [ 101.373917021045671, 2.979071899923849 ], [ 101.3739266983698, 2.979229330546949 ], [ 101.373940627658541, 2.979387611886964 ], [ 101.373957333553136, 2.979545626504869 ], [ 101.373975199392135, 2.979702794608798 ], [ 101.374000372307208, 2.979858851175359 ], [ 101.37403563217525, 2.98001464442324 ], [ 101.374066709092261, 2.980169586953509 ], [ 101.374079514701236, 2.980322496736218 ], [ 101.374070814898687, 2.980347254086792 ], [ 101.374024855453513, 2.980478049240794 ], [ 101.373888826288436, 2.98056528694584 ], [ 101.37370958016939, 2.980631764653214 ], [ 101.373567794796401, 2.980664441983504 ], [ 101.37357777884398, 2.980621238577061 ], [ 101.373710506149791, 2.980501116714224 ], [ 101.37372938069997, 2.980484034432371 ], [ 101.373787377531215, 2.980337809502664 ], [ 101.373789391619766, 2.9802913346633 ], [ 101.373794284268001, 2.980178453982032 ], [ 101.37377979224263, 2.980022699834022 ], [ 101.373758307795597, 2.97986666230999 ], [ 101.373733977751812, 2.979710605749888 ], [ 101.373710207963299, 2.979554550022604 ], [ 101.373690691805564, 2.979397948446117 ], [ 101.373678729152402, 2.979241081041103 ], [ 101.373673830415129, 2.979082819645819 ], [ 101.373678172484517, 2.978924876344759 ], [ 101.37369660450733, 2.978769780057251 ], [ 101.373732199327179, 2.978698403688073 ], [ 101.373769780531575, 2.978623045767354 ], [ 101.373764310953064, 2.978576500621902 ], [ 101.373753037495192, 2.978480573420739 ], [ 101.37366401666587, 2.978342702699793 ], [ 101.373574114285987, 2.978213891886668 ], [ 101.373482527056424, 2.978086477608824 ], [ 101.373402500617999, 2.9779509029466 ], [ 101.373317659471283, 2.977818701111963 ], [ 101.373229199708391, 2.977688478857861 ], [ 101.373129423156669, 2.977567827580596 ], [ 101.373018683878044, 2.977456465656514 ], [ 101.372901758807728, 2.977351320045279 ], [ 101.372783392888962, 2.977246157056493 ], [ 101.372663656773128, 2.977140710756769 ], [ 101.372539949521453, 2.977044573728294 ], [ 101.37240632917262, 2.976972155872224 ], [ 101.37224550446858, 2.97697651489674 ], [ 101.372098059228321, 2.977029820014562 ], [ 101.371966843387384, 2.977115928581719 ], [ 101.371857445529429, 2.977229505492637 ], [ 101.371740247052429, 2.977333471477619 ], [ 101.371611245810072, 2.977422123753713 ], [ 101.371479467181544, 2.977507683866701 ], [ 101.371341714528057, 2.977607055094992 ], [ 101.371200587033428, 2.977718014203798 ], [ 101.371198522902645, 2.977652165756284 ], [ 101.371248656938633, 2.977544424459015 ], [ 101.371276269388233, 2.977485084445878 ], [ 101.371373654519275, 2.977342079565048 ], [ 101.371481331502125, 2.977224810981805 ], [ 101.371597476170493, 2.977112383844327 ], [ 101.371714429126371, 2.977001368965584 ], [ 101.37182351152066, 2.976888338797436 ], [ 101.371916887336781, 2.976770185424758 ], [ 101.371942189794666, 2.976654141110213 ], [ 101.371947616032926, 2.976629256537876 ], [ 101.371886777468134, 2.976470847245432 ], [ 101.371814060068502, 2.976331899676775 ], [ 101.371725002578259, 2.97620082910909 ], [ 101.371627231577733, 2.976078198911546 ], [ 101.371523238657872, 2.975960656040088 ], [ 101.371416750905922, 2.975845073762888 ], [ 101.371311072343516, 2.975728643307319 ], [ 101.371209644995631, 2.9756088210124 ], [ 101.371112118086401, 2.975485927315963 ], [ 101.371016595631957, 2.975361036660386 ], [ 101.370921353321805, 2.975236164996379 ], [ 101.370826111854484, 2.975111292498056 ], [ 101.370731150536571, 2.974986119374917 ], [ 101.370637032904298, 2.974860399523523 ], [ 101.37053532475835, 2.974740878607661 ], [ 101.370427959049636, 2.974626425199556 ], [ 101.370320873490755, 2.974511690159723 ], [ 101.370218604333886, 2.974392715938645 ], [ 101.370055275601501, 2.974189092675356 ], [ 101.370028645594886, 2.974156255134892 ], [ 101.369542575235215, 2.973434902855885 ], [ 101.36899462701767, 2.9727221458343 ], [ 101.368564853208071, 2.971972700104117 ], [ 101.368098498658455, 2.971240100673995 ], [ 101.367657553565181, 2.970470569732361 ], [ 101.367365246683434, 2.969924954764771 ], [ 101.367222893144657, 2.96975247385642 ], [ 101.366986138414063, 2.969466407442102 ], [ 101.366789323527797, 2.969272317821882 ], [ 101.366670546134401, 2.969112045511536 ], [ 101.366625901571865, 2.968993802204328 ], [ 101.366457115709068, 2.96862400498291 ], [ 101.366160105107625, 2.968049563817544 ], [ 101.365744499549777, 2.967263132582027 ], [ 101.365692303893951, 2.967120849291176 ], [ 101.365438353065812, 2.966428955153773 ], [ 101.365019863881756, 2.965668240719005 ], [ 101.364559210144932, 2.964907113891433 ], [ 101.364284250302077, 2.96419454964395 ], [ 101.364042839822261, 2.963541409147758 ], [ 101.363700251421818, 2.962772138118688 ], [ 101.363444984080118, 2.961949130496267 ], [ 101.363138974149479, 2.961171474118881 ], [ 101.362987203470155, 2.960752839828712 ], [ 101.362827156598129, 2.960475754957105 ], [ 101.36261966530104, 2.959748946215109 ], [ 101.362383617568042, 2.959200388592629 ], [ 101.362277216505802, 2.95872817203981 ], [ 101.362181941006739, 2.958103135283574 ], [ 101.361960172362927, 2.957458526952597 ], [ 101.361735792599788, 2.956644071649653 ], [ 101.361474906739545, 2.955823871367451 ], [ 101.36121409609791, 2.954967231430176 ], [ 101.360927634449979, 2.954129999832966 ], [ 101.36069486016379, 2.953307064733704 ], [ 101.360403093726134, 2.952461637615018 ], [ 101.360130855393024, 2.951680965067551 ], [ 101.359858412496692, 2.950852548171145 ], [ 101.359608847356014, 2.95000129698252 ], [ 101.359420797606603, 2.949481113137426 ], [ 101.359055652023869, 2.948742870824253 ], [ 101.358792033820237, 2.947885931195803 ], [ 101.358629319681469, 2.947351407271686 ], [ 101.358300793308999, 2.946582171152578 ], [ 101.35792451633931, 2.945810261858306 ], [ 101.3575677081474, 2.945015534674526 ], [ 101.357239368362698, 2.944175646449003 ], [ 101.356846264978898, 2.943392111990988 ], [ 101.356562691604253, 2.94253822448955 ], [ 101.356245411230617, 2.941768742768287 ], [ 101.355885964078638, 2.941016671774114 ], [ 101.355484562913418, 2.940283969641931 ], [ 101.355220844170162, 2.939673444390685 ], [ 101.354757055774769, 2.938830374905632 ], [ 101.354436935173823, 2.938282722991195 ], [ 101.353468335341319, 2.937000848940881 ], [ 101.353145662793352, 2.936531120252709 ], [ 101.352801803124521, 2.935979193151968 ], [ 101.352352300460183, 2.935263598935915 ], [ 101.351883125206442, 2.934533835860785 ], [ 101.351326771094207, 2.933837742521416 ], [ 101.351096494721901, 2.933540687795622 ], [ 101.35078454895887, 2.933093927409437 ], [ 101.349677268268891, 2.931863093908864 ], [ 101.349005618501252, 2.931274639230534 ], [ 101.348724374934463, 2.931121847376454 ], [ 101.347897027884557, 2.930833887943541 ], [ 101.347712955661706, 2.930788996873863 ], [ 101.347475090561119, 2.930740900166795 ], [ 101.347240662560537, 2.930732635036137 ], [ 101.346632903951573, 2.930539397605946 ], [ 101.345910466102254, 2.930547024949813 ], [ 101.345688686542616, 2.930543601307966 ], [ 101.345052205540512, 2.93046047106104 ], [ 101.344688209587375, 2.930353801298122 ], [ 101.344061282060451, 2.930067246876261 ], [ 101.343894389066833, 2.930039667200663 ], [ 101.34343221911908, 2.929962674443 ], [ 101.343129071469093, 2.929904763476338 ], [ 101.343008560943474, 2.929864861759223 ], [ 101.341670658870996, 2.929302265564146 ], [ 101.340672370814914, 2.928834411322707 ], [ 101.340288213689163, 2.928685859575335 ], [ 101.339497539025274, 2.928264066231649 ], [ 101.339337542524277, 2.928178005434458 ], [ 101.339234290049575, 2.92809917610377 ], [ 101.339018580392832, 2.927934399544175 ], [ 101.33892435751558, 2.927849373167074 ], [ 101.338844957819902, 2.927795170216982 ], [ 101.338248555004242, 2.927354702443473 ], [ 101.337587541818294, 2.926888330042972 ], [ 101.337251616091493, 2.926590142764296 ], [ 101.336633755929242, 2.925869853360541 ], [ 101.336243466188392, 2.925187486560031 ], [ 101.336051477300074, 2.924779775518653 ], [ 101.33573237696163, 2.923863067707347 ], [ 101.335583673340835, 2.923246640751145 ], [ 101.335541109135363, 2.922670342722537 ], [ 101.335554272798021, 2.921644900130714 ], [ 101.335553536021138, 2.92119306296428 ], [ 101.335456182340792, 2.920924057558665 ], [ 101.335324687084679, 2.920799371031335 ], [ 101.334811814818394, 2.920539978607578 ], [ 101.334640966782104, 2.920423375482004 ], [ 101.334431422323448, 2.920159720369871 ], [ 101.334495718243318, 2.920182498878579 ], [ 101.334770515184985, 2.920307367559249 ], [ 101.335205167448308, 2.920504874493139 ], [ 101.33531482999561, 2.920485692039256 ], [ 101.335441860348666, 2.920393069612065 ], [ 101.335532500760834, 2.920238179650583 ], [ 101.335539776845934, 2.920120783245835 ], [ 101.335544583450783, 2.920043234738757 ], [ 101.335551515079331, 2.919758137045347 ], [ 101.335598229079736, 2.919657820955539 ], [ 101.335764160118003, 2.919301493508421 ], [ 101.335984711024011, 2.918395593200446 ], [ 101.336218263543657, 2.917693472585799 ], [ 101.33629035320061, 2.917538526338941 ], [ 101.336334389289789, 2.917470830803503 ], [ 101.336413934277132, 2.917262226468162 ], [ 101.336449670307815, 2.917094613584942 ], [ 101.336514427302873, 2.916790887493503 ], [ 101.33652176100918, 2.916774181880642 ], [ 101.336639449425434, 2.916506109146497 ], [ 101.336792919007749, 2.916086052507398 ], [ 101.336841245845179, 2.915989814639044 ], [ 101.336926449161069, 2.915770206459492 ], [ 101.337210299128444, 2.915178134335545 ], [ 101.337564030178868, 2.914609141336745 ], [ 101.338236168182803, 2.913760997784004 ], [ 101.338657341424224, 2.913310869356379 ], [ 101.338846226833027, 2.913107367083376 ], [ 101.33890424225379, 2.91306401413444 ], [ 101.33931115295276, 2.912584456122774 ], [ 101.340403287529696, 2.911603780507333 ], [ 101.341575993999086, 2.910566824097893 ], [ 101.341692134843342, 2.910450707389441 ], [ 101.34175612907103, 2.910370915757442 ], [ 101.341895673275204, 2.910232830701329 ], [ 101.342112913209377, 2.91003081563033 ], [ 101.342186743606604, 2.909960087623777 ], [ 101.342386908653225, 2.909752382275412 ], [ 101.342977345033447, 2.909168215885024 ], [ 101.343123111377494, 2.909006692364863 ], [ 101.343443466199815, 2.908621563159522 ], [ 101.344389687874212, 2.907548377809763 ], [ 101.344619419394817, 2.907212725766017 ], [ 101.344855373013658, 2.906857611982265 ], [ 101.345406056443665, 2.906117348299516 ], [ 101.345760060450331, 2.905552026876053 ], [ 101.345937457010194, 2.905334355699065 ], [ 101.346697765812877, 2.904300775423472 ], [ 101.347264796724616, 2.903015468982582 ], [ 101.347310479419278, 2.902968387083266 ], [ 101.347439265183439, 2.902636994690138 ], [ 101.347761222718859, 2.902067637770968 ], [ 101.348116756559691, 2.901355941835468 ], [ 101.348366341037305, 2.900517090622311 ], [ 101.348594671813515, 2.899652166265621 ], [ 101.348804338008563, 2.898831572935785 ], [ 101.348801709860879, 2.898820392034922 ], [ 101.348697066096364, 2.898375197595455 ], [ 101.348470489290179, 2.898068834678182 ], [ 101.348166313629704, 2.897657700658437 ], [ 101.347774158273353, 2.897252840873081 ], [ 101.347667287993573, 2.897174278112383 ], [ 101.347192463219912, 2.896986201996579 ], [ 101.346638218505419, 2.896655768508079 ], [ 101.346079424832084, 2.896441202687595 ], [ 101.345467972577325, 2.896166274881947 ], [ 101.344557355626421, 2.895821885627127 ], [ 101.343974372588008, 2.895717161934576 ], [ 101.343061850619534, 2.895660979037631 ], [ 101.342569566416856, 2.895692998147795 ], [ 101.342236786613512, 2.895786755971439 ], [ 101.341984564429268, 2.895929893315744 ], [ 101.341186887041289, 2.896640938500353 ], [ 101.340270483820788, 2.897607122988922 ], [ 101.33982439630428, 2.898128660326532 ], [ 101.339638641117403, 2.898323703480782 ], [ 101.339535356913416, 2.898468947830415 ], [ 101.339453132181362, 2.898521287855772 ], [ 101.339269476406614, 2.898772833830374 ], [ 101.339048887924676, 2.89906046013858 ], [ 101.338920022679915, 2.899211016196499 ], [ 101.338267513536508, 2.900189764920554 ], [ 101.337579532772295, 2.901292482432547 ], [ 101.337200025007974, 2.902038014386493 ], [ 101.337075005816629, 2.90231600992339 ], [ 101.336865656853675, 2.902612151963288 ], [ 101.335676906336232, 2.904486892638504 ], [ 101.335655882262245, 2.904568509523613 ], [ 101.335547364875879, 2.904688300336295 ], [ 101.335210820676579, 2.905021955011244 ], [ 101.335065405956527, 2.905169629943256 ], [ 101.334597260463724, 2.905840590982415 ], [ 101.334282244361248, 2.906225452797791 ], [ 101.333775383252828, 2.906864666288295 ], [ 101.333742760049404, 2.906971664418909 ], [ 101.33360581515683, 2.907108053050219 ], [ 101.333197610750474, 2.907545217225032 ], [ 101.333043765855237, 2.907678459980596 ], [ 101.332006557255127, 2.908812416760032 ], [ 101.331666205224423, 2.909208506854704 ], [ 101.331265005887005, 2.909552712571756 ], [ 101.330949555121649, 2.909785264878366 ], [ 101.330432757876196, 2.910359458612927 ], [ 101.330332464829539, 2.910453832774677 ], [ 101.33019331108585, 2.910558852168792 ], [ 101.329277523655179, 2.911276631303587 ], [ 101.329079694042164, 2.911369629177424 ], [ 101.328694292325139, 2.911578519666334 ], [ 101.328081602001205, 2.911967639980944 ], [ 101.327538829393305, 2.912165658653922 ], [ 101.327225774092398, 2.912352428020321 ], [ 101.327108094263579, 2.912415960809054 ], [ 101.326955277649844, 2.912481657928875 ], [ 101.325975060243252, 2.912918089622786 ], [ 101.325736401086374, 2.913022277781041 ], [ 101.325139767196958, 2.913191318607745 ], [ 101.324560357616122, 2.913318571266883 ], [ 101.323606989224047, 2.913503588022156 ], [ 101.322893370012224, 2.913572546946819 ], [ 101.319722142052868, 2.913875505281994 ], [ 101.318955132779124, 2.913849652844544 ], [ 101.318778404267732, 2.913825989320285 ], [ 101.318076197841236, 2.913732501390923 ], [ 101.317745021654773, 2.913654725994062 ], [ 101.317195144885716, 2.913468690546323 ], [ 101.316951219097803, 2.913345942121635 ], [ 101.316516810961232, 2.913084206771346 ], [ 101.316352039362684, 2.912996445247158 ], [ 101.316213202277524, 2.912891220447484 ], [ 101.31608907652388, 2.912844815117224 ], [ 101.315898930482447, 2.912790892412018 ], [ 101.31573515205244, 2.912652827184935 ], [ 101.315497149832936, 2.912417637409645 ], [ 101.314920137551098, 2.912290290426732 ], [ 101.314646305375476, 2.912009224460858 ], [ 101.314347607336146, 2.911860606856048 ], [ 101.314059045013366, 2.911624719672182 ], [ 101.313753227610988, 2.911405167213609 ], [ 101.313409444628277, 2.911100718824264 ], [ 101.313205601933404, 2.911018495883673 ], [ 101.313043283635537, 2.910968039163149 ], [ 101.312633108318948, 2.910588812290321 ], [ 101.31235717942549, 2.910437727157051 ], [ 101.312158658173118, 2.910270175040679 ], [ 101.311799380329404, 2.909968814736519 ], [ 101.311276022659612, 2.909449675914082 ], [ 101.311165613278533, 2.909325326690383 ], [ 101.311135405249146, 2.909278055208541 ], [ 101.310327185504946, 2.908274102293725 ], [ 101.31006178936741, 2.907987684118329 ], [ 101.309824855689683, 2.907679015313758 ], [ 101.309565438475914, 2.907352785781925 ], [ 101.309238521482058, 2.907051219680545 ], [ 101.309155582818832, 2.906959709306248 ], [ 101.309047931151525, 2.906746073922486 ], [ 101.308875311853043, 2.906350851239216 ], [ 101.308825430343973, 2.906299283704112 ], [ 101.308716728533327, 2.906057650798128 ], [ 101.308507585844652, 2.905763488687695 ], [ 101.308308937870976, 2.905525850691829 ], [ 101.307550002889471, 2.904602007519057 ], [ 101.307339830128456, 2.904372826385174 ], [ 101.307251554210424, 2.904269711013006 ], [ 101.307233264354167, 2.90417895593291 ], [ 101.306950220786291, 2.903756581468446 ], [ 101.30681775649245, 2.90358526145967 ], [ 101.306624729210014, 2.90335046710233 ], [ 101.30642295403824, 2.90312441486243 ], [ 101.305904119558122, 2.902495109499355 ], [ 101.305661887718557, 2.902160722305192 ], [ 101.305359559077303, 2.901715664816294 ], [ 101.305145435965542, 2.901378809391958 ], [ 101.304455782631408, 2.90051817581882 ], [ 101.304191739073303, 2.90014699113955 ], [ 101.304004692462485, 2.899884237376584 ], [ 101.303864079993104, 2.899698484122563 ], [ 101.303593739928587, 2.899369390759084 ], [ 101.303214527458408, 2.898973863311512 ], [ 101.30307071095271, 2.898830483270634 ], [ 101.302904516853999, 2.898661329011941 ], [ 101.302433041322061, 2.898072269339303 ], [ 101.302311146799539, 2.897943076248465 ], [ 101.302230626434522, 2.897888323947779 ], [ 101.30220632458952, 2.897825810204204 ], [ 101.300976460273901, 2.896651695553433 ], [ 101.300801761559654, 2.896496651360296 ], [ 101.29999050170278, 2.895690483326108 ], [ 101.299164263148711, 2.895129826091364 ], [ 101.298502189695625, 2.89486830534605 ], [ 101.298321157046189, 2.894772307564631 ], [ 101.297545798912367, 2.894012015193547 ], [ 101.295033215033797, 2.892372051317993 ], [ 101.294800988906772, 2.89228946683556 ], [ 101.294402847303303, 2.892240888978412 ], [ 101.294103099928378, 2.892298756505273 ], [ 101.29361080900695, 2.892186163737224 ], [ 101.293200568104027, 2.891657722838406 ], [ 101.292363269791181, 2.890726860565363 ], [ 101.292068422586084, 2.890522017287547 ], [ 101.290701338827503, 2.889881306751048 ], [ 101.290401608219014, 2.889930793912404 ], [ 101.28989342779245, 2.88962693044476 ], [ 101.289931713954857, 2.889483860431374 ], [ 101.287258341493441, 2.888016996254158 ], [ 101.282702644305459, 2.884741019975605 ], [ 101.282220577724104, 2.885094505824709 ], [ 101.281932886807482, 2.885369774057624 ], [ 101.281323480416532, 2.88572496196907 ], [ 101.280525098910445, 2.886125399671779 ], [ 101.279957484787701, 2.88650924149617 ], [ 101.279784674832939, 2.886602573440508 ], [ 101.279744292481723, 2.886672819894081 ], [ 101.279124054264898, 2.887183106164302 ], [ 101.278926289954626, 2.887256306320428 ], [ 101.278891849361301, 2.887312158194437 ], [ 101.278171421028262, 2.887772997669677 ], [ 101.276922118010873, 2.88883310209336 ], [ 101.276164596132986, 2.889493894108304 ], [ 101.275894848458563, 2.889681897316365 ], [ 101.274753994880555, 2.890447018209644 ], [ 101.274216907208952, 2.89066479255364 ], [ 101.274123092527262, 2.89074817065118 ], [ 101.273901484607379, 2.890905789929336 ], [ 101.273462447990894, 2.891334068873091 ], [ 101.273283328643146, 2.891472591374066 ], [ 101.273251016551626, 2.891570834962666 ], [ 101.272486853081872, 2.892494392799692 ], [ 101.272346050693443, 2.892698296721337 ], [ 101.271970268827062, 2.89321801988532 ], [ 101.271715331096772, 2.893536044598471 ], [ 101.271679524987604, 2.893637540915566 ], [ 101.271647911781329, 2.89372715405492 ], [ 101.271610059348689, 2.893997748616966 ], [ 101.27152061675497, 2.895832493367259 ], [ 101.271580783419978, 2.896124553709904 ], [ 101.271655264511523, 2.896221682680152 ], [ 101.272029833149645, 2.89633745160537 ], [ 101.272375530575331, 2.896325701281939 ], [ 101.272818814567486, 2.896188481401865 ], [ 101.272981460149524, 2.896213519073634 ], [ 101.273201092294101, 2.896361067272606 ], [ 101.273339230920755, 2.896507258402856 ], [ 101.273564796621656, 2.89664323736596 ], [ 101.273786159049209, 2.896674938372476 ], [ 101.274432663223678, 2.896826220780234 ], [ 101.274667966133165, 2.896897519935893 ], [ 101.274795865977794, 2.896986885886484 ], [ 101.27610924512858, 2.897442094026818 ], [ 101.276527016831835, 2.897685702416334 ], [ 101.276555879297987, 2.89781604762067 ], [ 101.276592766675719, 2.89799162552132 ], [ 101.276820485085466, 2.898161802186268 ], [ 101.277481405123481, 2.898485489640179 ], [ 101.277774111941326, 2.898631262791688 ], [ 101.277935388337966, 2.89874389266006 ], [ 101.278015187176933, 2.898849513475815 ], [ 101.278047157819373, 2.898974215702809 ], [ 101.27801562576704, 2.899397415101501 ], [ 101.278107153771472, 2.899831130193738 ], [ 101.278154585413958, 2.900055057036768 ], [ 101.278171561789591, 2.900416791650983 ], [ 101.278288973786275, 2.900638935693257 ], [ 101.278678726520894, 2.901054551117691 ], [ 101.278858955420475, 2.901224028997502 ], [ 101.27897842499786, 2.901313371373901 ], [ 101.279002395425479, 2.901384363218361 ], [ 101.279120785704137, 2.901558473161762 ], [ 101.279187647235702, 2.901768324707054 ], [ 101.279202484648422, 2.902090777681455 ], [ 101.279273445891235, 2.902241584851424 ], [ 101.279598939704087, 2.90262226385987 ], [ 101.279978101869645, 2.903006484412365 ], [ 101.280157980541603, 2.903201393443376 ], [ 101.280304583415017, 2.903336304694266 ], [ 101.280364296066807, 2.903489623045198 ], [ 101.280475859683108, 2.904096045005387 ], [ 101.280637121776266, 2.904214326023641 ], [ 101.280717969799426, 2.904246481268838 ], [ 101.280957999837128, 2.904538196761643 ], [ 101.281230456995431, 2.905093355937439 ], [ 101.281803992580905, 2.905816636390706 ], [ 101.281954415392946, 2.906093124602452 ], [ 101.282082022207305, 2.906388766126732 ], [ 101.282117268867609, 2.906649109742313 ], [ 101.282125160824435, 2.907245353417323 ], [ 101.282479158489025, 2.907988083619908 ], [ 101.282680897754787, 2.908406283895494 ], [ 101.283027076049379, 2.90872796459136 ], [ 101.283374950664921, 2.908945100265338 ], [ 101.283519729228246, 2.909029144063756 ], [ 101.283552394337164, 2.909106093721578 ], [ 101.283786439102215, 2.909428874459203 ], [ 101.283904229133, 2.909617111411422 ], [ 101.284079578732687, 2.909924753130965 ], [ 101.284438511059435, 2.910712709336152 ], [ 101.28488919040791, 2.911756364504394 ], [ 101.285453390134208, 2.91270539302507 ], [ 101.285618924486783, 2.912905347703085 ], [ 101.285715611917652, 2.913002256514173 ], [ 101.286118964712657, 2.91388528109308 ], [ 101.286077620492136, 2.914300543075997 ], [ 101.286101837456783, 2.914585723954525 ], [ 101.286146104724907, 2.914735609058999 ], [ 101.286314229931335, 2.914812653666532 ], [ 101.286636350060149, 2.9149949610729 ], [ 101.286667058373794, 2.91506851444053 ], [ 101.286818329790549, 2.915142686668673 ], [ 101.286893518572711, 2.915289832640924 ], [ 101.286917430213649, 2.915583771954009 ], [ 101.286871538907832, 2.915815351643982 ], [ 101.286878849636892, 2.916015713723932 ], [ 101.286967797047794, 2.916267732248961 ], [ 101.287418518298537, 2.916591682468267 ], [ 101.287524519171996, 2.916775648184719 ], [ 101.287592872508824, 2.917157307597948 ], [ 101.287560408075194, 2.917410966828684 ], [ 101.2875581114196, 2.917428478618895 ], [ 101.287599153009069, 2.917626392534731 ], [ 101.287914524254489, 2.918113574920835 ], [ 101.28792733660174, 2.91835662071507 ], [ 101.287993207650288, 2.918721319567472 ], [ 101.288048789766862, 2.919450223937335 ], [ 101.288106568303618, 2.919693395190756 ], [ 101.288125437973093, 2.919779914621691 ], [ 101.288170114798334, 2.919984620069069 ], [ 101.288244277998118, 2.920298480843597 ], [ 101.288413629061523, 2.920742870896713 ], [ 101.288527981126578, 2.920955117120632 ], [ 101.28877057467146, 2.921337544491872 ], [ 101.288884331949191, 2.92166310078666 ], [ 101.288961853772747, 2.921880896070049 ], [ 101.288958102619915, 2.922117962628962 ], [ 101.288901897263969, 2.922722225572692 ], [ 101.288951064169098, 2.923030363999443 ], [ 101.289062567352389, 2.923257014120511 ], [ 101.28922918792064, 2.923672857204501 ], [ 101.289791075921613, 2.924850482590601 ], [ 101.29012817099715, 2.925510093097085 ], [ 101.290455730567913, 2.926364652885133 ], [ 101.29058073019182, 2.926690240563301 ], [ 101.290683710147945, 2.926848766094354 ], [ 101.290792664192679, 2.926982160560285 ], [ 101.290858692142152, 2.927088591978837 ], [ 101.291409017765432, 2.927979092820789 ], [ 101.291540240409887, 2.928188842764095 ], [ 101.292102086274994, 2.929383423224808 ], [ 101.292459633431037, 2.929865073013121 ], [ 101.292495297885509, 2.930077100603298 ], [ 101.292798556813466, 2.930677279438905 ], [ 101.293245448544241, 2.931269662674926 ], [ 101.293421310144211, 2.93149649217948 ], [ 101.294023703146166, 2.932462585100484 ], [ 101.294453561608165, 2.933117086772635 ], [ 101.295232525577575, 2.934157141043855 ], [ 101.295434036998657, 2.934559519362913 ], [ 101.295750421951851, 2.935190534489919 ], [ 101.296165259975425, 2.935991932214688 ], [ 101.296421802441444, 2.9364139610349 ], [ 101.296454979335849, 2.936510127820731 ], [ 101.296600508588824, 2.936629495540958 ], [ 101.297083352782025, 2.937332182596936 ], [ 101.297242307641696, 2.937575919232886 ], [ 101.297635096061427, 2.938323284602984 ], [ 101.297741092082404, 2.93851007804526 ], [ 101.298254962133257, 2.939173574121165 ], [ 101.298444721928078, 2.939456956262425 ], [ 101.298586933099955, 2.939657979221437 ], [ 101.298796757676214, 2.939901856059008 ], [ 101.299028220200782, 2.940247520413121 ], [ 101.299225143585602, 2.940785239082488 ], [ 101.300081109541196, 2.942235238462113 ], [ 101.300239784113046, 2.942580701828389 ], [ 101.300267183864818, 2.942733366614982 ], [ 101.300375732816718, 2.942911688952478 ], [ 101.300570879069667, 2.943279858677919 ], [ 101.300757830745383, 2.943563233611189 ], [ 101.301051946411874, 2.944321628702959 ], [ 101.301659098561856, 2.945502211119394 ], [ 101.30195793484873, 2.945876603542554 ], [ 101.302318232941445, 2.946383693472251 ], [ 101.302381753609623, 2.946584497552932 ], [ 101.302487993666475, 2.946683975884018 ], [ 101.302872499090455, 2.947380456259851 ], [ 101.302955895283759, 2.947609855533272 ], [ 101.302986786271646, 2.94761841819858 ], [ 101.303092416902132, 2.947836293183903 ], [ 101.303508486143201, 2.948400334921614 ], [ 101.304034869063429, 2.949419627528568 ], [ 101.304218964281901, 2.94971994877737 ], [ 101.304450399987616, 2.950076916717028 ], [ 101.304606893063678, 2.950297759540621 ], [ 101.305115224927576, 2.951543061074347 ], [ 101.305368448283289, 2.952049853689815 ], [ 101.305636756640567, 2.952387144244859 ], [ 101.305703113029836, 2.952478317508534 ], [ 101.305793046980469, 2.952580010974087 ], [ 101.305860254677185, 2.952667795700052 ], [ 101.306452032473302, 2.953518007698186 ], [ 101.306676433326913, 2.954182680031671 ], [ 101.307051933510422, 2.954986797983597 ], [ 101.307871879737718, 2.956360407239306 ], [ 101.308602331147014, 2.957575525989002 ], [ 101.308638195869335, 2.957716912946996 ], [ 101.308797593804172, 2.957904137070587 ], [ 101.309499818472432, 2.959164390107956 ], [ 101.30962791967363, 2.959387979560445 ], [ 101.310323668491662, 2.960247241273571 ], [ 101.310395678440074, 2.960428288770234 ], [ 101.310507839561637, 2.960521850169018 ], [ 101.310692024241433, 2.96079108997865 ], [ 101.310725164242385, 2.960901385533665 ], [ 101.310864999269057, 2.961048994562943 ], [ 101.311648209571985, 2.962397071326994 ], [ 101.311935750285699, 2.962793756695352 ], [ 101.312081098294215, 2.96298094221348 ], [ 101.312474992141617, 2.963437545156761 ], [ 101.313233288745934, 2.964141564327984 ], [ 101.313584894340622, 2.964646088239649 ], [ 101.313766006577964, 2.965011111452187 ], [ 101.313880095144881, 2.965220817223132 ], [ 101.314237650772924, 2.965708120053606 ], [ 101.314803821318733, 2.966575217747495 ], [ 101.314839576835041, 2.966756165887446 ], [ 101.315086868356246, 2.967378517443481 ], [ 101.315195703704575, 2.967557123326841 ], [ 101.315502569546908, 2.967979294148993 ], [ 101.315650502672682, 2.96824843410335 ], [ 101.315723170237618, 2.968293847579056 ], [ 101.315963467186364, 2.968599978282167 ], [ 101.316134150045428, 2.968773104330267 ], [ 101.316458504753129, 2.969071272393185 ], [ 101.316981335650723, 2.969655392636373 ], [ 101.317081748331674, 2.969831150146415 ], [ 101.317140379117831, 2.969870873112941 ], [ 101.317238058990313, 2.970018365454843 ], [ 101.317604790983211, 2.970339257615247 ], [ 101.318258866290563, 2.971028575869411 ], [ 101.318376135745709, 2.971206923490045 ], [ 101.318457498521639, 2.971258295260173 ], [ 101.318937636918037, 2.971935546535957 ], [ 101.31915009526503, 2.972145523985412 ], [ 101.319299779979971, 2.972290052065274 ], [ 101.319425990911938, 2.972385629454199 ], [ 101.319614893206364, 2.972576890842839 ], [ 101.319827133877766, 2.972764261291086 ], [ 101.320034456316392, 2.972901037050635 ], [ 101.320781702751432, 2.973540032943038 ], [ 101.321503563601183, 2.974212584003553 ], [ 101.322273477696484, 2.974786648654154 ], [ 101.322665562957496, 2.975087829392675 ], [ 101.323171872415315, 2.975550678252923 ], [ 101.324067543702256, 2.976283615002679 ], [ 101.324543509286102, 2.976641543083164 ], [ 101.324927420100309, 2.976849732396964 ], [ 101.325296415663971, 2.977269249808009 ], [ 101.325371754351735, 2.977365816279411 ], [ 101.325617810599567, 2.977623923543281 ], [ 101.326368562143728, 2.97811598825896 ], [ 101.326404936280653, 2.978175429047573 ], [ 101.326632042296978, 2.978272697840259 ], [ 101.327141737791891, 2.978630718410435 ], [ 101.327298378424842, 2.978800980293674 ], [ 101.327357377332433, 2.97880962151445 ], [ 101.327572821497327, 2.978957720828655 ], [ 101.328315268024383, 2.97940454774984 ], [ 101.328354436666885, 2.979469649223968 ], [ 101.328570318756476, 2.979560952481987 ], [ 101.329012622539025, 2.9798964631981 ], [ 101.329346259783861, 2.980092644871607 ], [ 101.333121736219795, 2.982434328098117 ], [ 101.333201319157226, 2.982623027153334 ], [ 101.333354654113464, 2.982872400886311 ], [ 101.333567872181433, 2.983115158194401 ], [ 101.333761003710549, 2.983303887738755 ], [ 101.333930757515191, 2.983510355186366 ], [ 101.334262704882875, 2.983913379043849 ], [ 101.334511777326611, 2.984098307247541 ], [ 101.334678305695903, 2.984149065148902 ], [ 101.334777805240066, 2.984249936684142 ], [ 101.335043694415802, 2.984451583102006 ], [ 101.335359245639822, 2.984787590472295 ], [ 101.335492373476143, 2.98482158451454 ], [ 101.335592103121826, 2.984838530708339 ], [ 101.335741492313105, 2.984989839543837 ], [ 101.335774340309371, 2.985207515500253 ], [ 101.335923914342615, 2.985291852741563 ], [ 101.336156588845242, 2.985409764429378 ], [ 101.336422524523172, 2.98559473761854 ], [ 101.336754842025869, 2.985863820896463 ], [ 101.33705399476753, 2.986132529198853 ], [ 101.33731914417892, 2.986502024771092 ], [ 101.337601388652942, 2.986787641228739 ], [ 101.337933614889138, 2.987090067474484 ], [ 101.338182924472122, 2.987291666941851 ], [ 101.338449090678239, 2.987392998480143 ], [ 101.338698124744141, 2.987695196000014 ], [ 101.338996813721806, 2.98803115613586 ], [ 101.339246026509002, 2.988165784607057 ], [ 101.339545225565061, 2.988418103442114 ], [ 101.339711336892194, 2.988519159247425 ], [ 101.340044116155568, 2.988620390175471 ], [ 101.340210553604578, 2.988704774670933 ], [ 101.340426319904196, 2.988839311358599 ], [ 101.340725797382859, 2.988990750080056 ], [ 101.341008363919372, 2.989159096253878 ], [ 101.341191155321312, 2.989327167921944 ], [ 101.341373894532197, 2.989411597554597 ], [ 101.341557052442027, 2.989445446871555 ], [ 101.341756701897353, 2.989512967246997 ], [ 101.342072898292628, 2.989614434698713 ], [ 101.342372094423737, 2.989766154587441 ], [ 101.342671335709909, 2.989900920695776 ], [ 101.343037469880571, 2.990036152865376 ], [ 101.343353111168412, 2.990237934006211 ], [ 101.3437949427191, 2.990442041026288 ], [ 101.344105616444821, 2.990610465206396 ], [ 101.344314809218943, 2.990785674716386 ], [ 101.344502658478831, 2.990851749643562 ], [ 101.344697715665944, 2.990954296597642 ], [ 101.344994333993711, 2.991020669871997 ], [ 101.345261743847189, 2.99107961639078 ], [ 101.345464208305643, 2.991145448105346 ], [ 101.345652017685296, 2.991226217749555 ], [ 101.345876504402497, 2.991255939408457 ], [ 101.346057165885483, 2.991278194974783 ], [ 101.34622345323919, 2.991315104393824 ], [ 101.346389642257719, 2.991388466554961 ], [ 101.346526920431913, 2.99144705584215 ], [ 101.346642836474601, 2.991403573549212 ], [ 101.347040438548973, 2.991543129928346 ], [ 101.347148530108029, 2.991688955908864 ], [ 101.3473001460289, 2.99184959408442 ], [ 101.347437066949936, 2.99203901531109 ], [ 101.347668342919462, 2.992258650036692 ], [ 101.347921326905464, 2.992453760146778 ], [ 101.348186778419617, 2.992612450930374 ], [ 101.348464066464302, 2.992759023927005 ], [ 101.348777530678319, 2.992832789276799 ], [ 101.349019009086064, 2.992918509012342 ], [ 101.349296432152883, 2.993016477833798 ], [ 101.349585938547563, 2.993114480058064 ], [ 101.349754524250997, 2.993236452375851 ], [ 101.349875214416073, 2.993297537288138 ], [ 101.350092108232971, 2.993431792978155 ], [ 101.350285080732633, 2.993578134554999 ], [ 101.350441778904298, 2.993627167766374 ], [ 101.35058680706851, 2.993627566841053 ], [ 101.350816184520824, 2.993616044777847 ], [ 101.351045712276303, 2.993652845016826 ], [ 101.351178206527422, 2.993714244858689 ], [ 101.351347040181139, 2.993848086514731 ], [ 101.351539697044004, 2.994006859033896 ], [ 101.351793048089675, 2.99406831003145 ], [ 101.352070537414193, 2.994141693304756 ], [ 101.352154903997373, 2.994227264129116 ], [ 101.352335609184479, 2.994336835020484 ], [ 101.352588777274249, 2.99456839766217 ], [ 101.35286573626658, 2.994836478226554 ], [ 101.353154979050274, 2.995031684966121 ], [ 101.353371809562262, 2.995190244057272 ], [ 101.353624977242077, 2.99542180480805 ], [ 101.353841641655848, 2.995641115667318 ], [ 101.354070688677382, 2.995751102428263 ], [ 101.354239622714431, 2.995848772497073 ], [ 101.354539492132162, 2.995960931839862 ], [ 101.35454748422606, 2.996019447471565 ], [ 101.354807074199627, 2.996163427516115 ], [ 101.355104109216043, 2.996182043937383 ], [ 101.35540880772011, 2.995965858183414 ], [ 101.355989913658306, 2.995704650390639 ], [ 101.356145709317332, 2.995569720884992 ] ] ], [ [ [ 101.252382429595741, 3.01654800815526 ], [ 101.253366998690609, 3.01622805008182 ], [ 101.254814571368826, 3.016228396532895 ], [ 101.254452983732165, 3.014932958171907 ], [ 101.255871822886562, 3.014613190341012 ], [ 101.256754693335864, 3.014933505213837 ], [ 101.25749316663844, 3.015253874534467 ], [ 101.258520759223373, 3.015734408864112 ], [ 101.259273601619455, 3.016214879622666 ], [ 101.260258167574818, 3.015894914354149 ], [ 101.26043221570275, 3.013799204455711 ], [ 101.260374502837593, 3.012664026894644 ], [ 101.260447216520134, 3.011208592790655 ], [ 101.260519852886077, 3.010088016494006 ], [ 101.260317383336428, 3.00895271433863 ], [ 101.260100584561528, 3.00749730442418 ], [ 101.259912839520695, 3.006536674180992 ], [ 101.260202907532786, 3.004120795686378 ], [ 101.259971780045888, 3.002345186252107 ], [ 101.259450744546058, 3.000729607668664 ], [ 101.258799681989544, 2.999274095236717 ], [ 101.25787347590439, 2.997993096563448 ], [ 101.256672093010152, 2.997017658273142 ], [ 101.255036446434787, 2.996056776064007 ], [ 101.254283979953982, 2.995576304585544 ], [ 101.253415130315872, 2.99541600094781 ], [ 101.250868018788012, 2.993334211794525 ], [ 101.249044214290763, 2.991718225204843 ], [ 101.2474229465234, 2.990917434050014 ], [ 101.246829644090724, 2.990436996505226 ], [ 101.246062501476345, 2.989621749973006 ], [ 101.245150641359743, 2.988661032480169 ], [ 101.244687691063959, 2.988180625881439 ], [ 101.243819209223702, 2.988020314975249 ], [ 101.242848984807722, 2.988675036939893 ], [ 101.241329028348417, 2.988849237569094 ], [ 101.240258070870837, 2.987670095047938 ], [ 101.239983316091326, 2.986258380469212 ], [ 101.241199713380624, 2.984643137125791 ], [ 101.240997226872182, 2.983668021212576 ], [ 101.240519595006418, 2.982867415099169 ], [ 101.239347287960328, 2.982386829843591 ], [ 101.23844976347327, 2.981746215054384 ], [ 101.237668348788347, 2.980450758581807 ], [ 101.236351253331208, 2.980130231285642 ], [ 101.236886892982454, 2.979329878453372 ], [ 101.236843847102904, 2.978674998091196 ], [ 101.236235830473177, 2.978034454030529 ], [ 101.23517923631519, 2.97707360222546 ], [ 101.23488973305426, 2.977073528540944 ], [ 101.234021261265383, 2.976913211172917 ], [ 101.233123783875243, 2.97611258486728 ], [ 101.232240950031425, 2.975792164119316 ], [ 101.230402221823056, 2.976432082490317 ], [ 101.229880896116839, 2.977567110026234 ], [ 101.22849111817969, 2.977057407000085 ], [ 101.229200881929174, 2.975471187798493 ], [ 101.230330212827567, 2.974991187244644 ], [ 101.230590995285979, 2.974656488681918 ], [ 101.230996607690301, 2.974016292607454 ], [ 101.230953200176742, 2.973375892231746 ], [ 101.230243845700741, 2.973375709779645 ], [ 101.230345235193823, 2.972560677528632 ], [ 101.229867975181747, 2.971760158165047 ], [ 101.228738689449074, 2.97208006178457 ], [ 101.228507635915037, 2.97021702486078 ], [ 101.228869777904137, 2.969183861599864 ], [ 101.228073660273267, 2.967728207753767 ], [ 101.226235967598498, 2.96579208097686 ], [ 101.225599323613267, 2.964511225791923 ], [ 101.224542709162407, 2.96371046301816 ], [ 101.223906030182036, 2.962575134294728 ], [ 101.222892862591962, 2.962254673126889 ], [ 101.221155496804585, 2.962268694296532 ], [ 101.219404264661122, 2.961613358909446 ], [ 101.217420841295265, 2.962107602211927 ], [ 101.216450582721976, 2.962922398119692 ], [ 101.215567075148428, 2.965178002417822 ], [ 101.215045741034018, 2.96631302176656 ], [ 101.215421545535747, 2.968088763860213 ], [ 101.215942192522419, 2.969529689393176 ], [ 101.215985500612291, 2.970504855648277 ], [ 101.216187925092242, 2.971625500661401 ], [ 101.217128420967484, 2.973081200586684 ], [ 101.217214769011619, 2.974696676366815 ], [ 101.217706699004253, 2.975817400286781 ], [ 101.218647200105721, 2.977273098297905 ], [ 101.219008740249819, 2.978553883157564 ], [ 101.219370235480199, 2.980009426294382 ], [ 101.219601698783563, 2.981624941718492 ], [ 101.220947429273266, 2.982585884597136 ], [ 101.222250522137088, 2.982746329124117 ], [ 101.222829258373437, 2.983794310174325 ], [ 101.222018691437412, 2.983881429285032 ], [ 101.220845988330097, 2.983560921934084 ], [ 101.220455129932546, 2.984201206745754 ], [ 101.220642881842878, 2.985001742403306 ], [ 101.220845307335154, 2.986136958487457 ], [ 101.22162670598496, 2.987432425987387 ], [ 101.221843498242976, 2.988713262200624 ], [ 101.221756418832854, 2.989848399103743 ], [ 101.222045204919496, 2.992584611052695 ], [ 101.222406748323252, 2.993880056762237 ], [ 101.223419986291844, 2.994040423265226 ], [ 101.224404589122088, 2.993545821511997 ], [ 101.225201074838651, 2.99225077296299 ], [ 101.226750326589624, 2.991610790713362 ], [ 101.227749200634676, 2.991611051914756 ], [ 101.22866104709351, 2.992571784054824 ], [ 101.229384817849322, 2.992571971954912 ], [ 101.228718728787825, 2.993707051268415 ], [ 101.227748492376705, 2.994347188049948 ], [ 101.226633498710029, 2.995001765134413 ], [ 101.225113284186335, 2.996122045924043 ], [ 101.223809854699013, 2.998552210504419 ], [ 101.224417513340967, 2.999192671381172 ], [ 101.224287035926523, 2.999672928068811 ], [ 101.224359114710865, 3.000808198971039 ], [ 101.224691944281261, 3.00176877982273 ], [ 101.225560475945059, 3.001769009794645 ], [ 101.22560383323497, 3.002584079109992 ], [ 101.226211453212144, 3.003384725682954 ], [ 101.226964231568985, 3.004025222724358 ], [ 101.2276593279867, 3.003545204113458 ], [ 101.227948838187629, 3.003545280083657 ], [ 101.228686936594556, 3.003865577377836 ], [ 101.229034174030744, 3.004826252553776 ], [ 101.22939568673381, 3.006281703691857 ], [ 101.230741773326642, 3.007402735289106 ], [ 101.231871136959043, 3.006922735960599 ], [ 101.233550143004877, 3.008698721008123 ], [ 101.233853936582278, 3.009179091430755 ], [ 101.234838548620317, 3.008684571699531 ], [ 101.23569276329043, 3.008364595313955 ], [ 101.235576652399089, 3.009004955419125 ], [ 101.23520011137947, 3.009979923855755 ], [ 101.235648662017638, 3.010460330858895 ], [ 101.236691003842679, 3.010940888990128 ], [ 101.238428042431693, 3.011101427268442 ], [ 101.239021351912143, 3.011581779557361 ], [ 101.240078019989554, 3.012382533097491 ], [ 101.241250717626954, 3.012863119794376 ], [ 101.242683881609835, 3.012863478622876 ], [ 101.24258213454965, 3.013678511649744 ], [ 101.243190212092301, 3.014158864616622 ], [ 101.243769239739365, 3.014159009311806 ], [ 101.244782498544708, 3.01431935864227 ], [ 101.246085596762001, 3.014625304043764 ], [ 101.247286666148668, 3.015440657464082 ], [ 101.248893642824939, 3.015921343325314 ], [ 101.249921269856969, 3.016241788982411 ], [ 101.251079648915265, 3.016402166883253 ], [ 101.252382429595741, 3.01654800815526 ] ] ], [ [ [ 101.265383091399372, 3.007073153297445 ], [ 101.264948859232462, 3.006912956568851 ], [ 101.26423944610697, 3.007072891962074 ], [ 101.263862898247055, 3.008193489892351 ], [ 101.263847617927908, 3.010463815975526 ], [ 101.264339572323053, 3.011744711425518 ], [ 101.264845926302954, 3.013040089296331 ], [ 101.265366937829882, 3.014815854797178 ], [ 101.266205802733978, 3.017071895340424 ], [ 101.267450608644296, 3.018833164231971 ], [ 101.26907196613459, 3.019473921611435 ], [ 101.269752326456683, 3.018833683995485 ], [ 101.26939072121958, 3.017538339917506 ], [ 101.269260940599423, 3.01496226508125 ], [ 101.26914581843748, 3.012866487165335 ], [ 101.268480045489525, 3.011090690601624 ], [ 101.266757948917615, 3.008514255529664 ], [ 101.265383091399372, 3.007073153297445 ] ] ], [ [ [ 101.260515385364968, 3.061752952596823 ], [ 101.261775193272882, 3.061098289049314 ], [ 101.263801840891077, 3.061258861756495 ], [ 101.265249796940594, 3.061419295911028 ], [ 101.266943532331709, 3.060764726765403 ], [ 101.267942506564367, 3.060604948778367 ], [ 101.26863758952554, 3.060270343225223 ], [ 101.268898451990424, 3.059630011524071 ], [ 101.268449830584146, 3.059309713066124 ], [ 101.267870382995682, 3.059469678042748 ], [ 101.267277035612807, 3.058989249478985 ], [ 101.267523494519992, 3.058348914823614 ], [ 101.269810966783467, 3.058014761839628 ], [ 101.271085095052001, 3.057694856140988 ], [ 101.272199805894829, 3.056880048887368 ], [ 101.272634702849643, 3.054144005160767 ], [ 101.273431506817502, 3.053009018662482 ], [ 101.274517472270517, 3.051874096335872 ], [ 101.275357341498122, 3.051393989842313 ], [ 101.276066820056499, 3.051059381439443 ], [ 101.276298612291953, 3.049938747647692 ], [ 101.276516037972939, 3.048643532877266 ], [ 101.277573326915302, 3.046868209572606 ], [ 101.277921176125773, 3.045252826762086 ], [ 101.278239924781644, 3.043317152212961 ], [ 101.278196564048642, 3.042342075339344 ], [ 101.277719243575717, 3.041541481741566 ], [ 101.27728496152163, 3.041541386239678 ], [ 101.277212860076673, 3.040260678812704 ], [ 101.276677451239223, 3.038324907056118 ], [ 101.275620805584026, 3.037189417923959 ], [ 101.274969666188667, 3.035908582210061 ], [ 101.274709034221843, 3.035544616598912 ], [ 101.27431842574272, 3.035093377928492 ], [ 101.273594768816821, 3.034452825854061 ], [ 101.272682850622033, 3.03349212714844 ], [ 101.271901363915902, 3.032196598907042 ], [ 101.271134174023274, 3.03139602800358 ], [ 101.270424781294977, 3.031395868353241 ], [ 101.268962856301854, 3.031075342710476 ], [ 101.268586593216526, 3.02929961162496 ], [ 101.267544616797608, 3.028659074597136 ], [ 101.266400875122343, 3.02899348991484 ], [ 101.26634315591231, 3.027858311044469 ], [ 101.26479453457199, 3.025602107462207 ], [ 101.263752527374223, 3.025121574516336 ], [ 101.26341962178526, 3.024321009132423 ], [ 101.262059119868681, 3.023025431531833 ], [ 101.260090529298893, 3.021263988030896 ], [ 101.258310165057736, 3.019968217892181 ], [ 101.256674484554893, 3.019007336145166 ], [ 101.254734962386053, 3.017726093747192 ], [ 101.252997551949463, 3.017565580134189 ], [ 101.251839531206585, 3.017405204264432 ], [ 101.250536753071387, 3.017244791311159 ], [ 101.245368256771584, 3.017578291290865 ], [ 101.243877388089047, 3.016457239088412 ], [ 101.241966934892417, 3.015656275073284 ], [ 101.24093895089824, 3.015335912802795 ], [ 101.240041759402331, 3.014695297536976 ], [ 101.23927460823738, 3.013880045998034 ], [ 101.23842047042497, 3.013879829315715 ], [ 101.23784139909192, 3.014054350177824 ], [ 101.236890908272031, 3.013452816314342 ], [ 101.235901236031467, 3.012581032907808 ], [ 101.235178281886348, 3.012147525885907 ], [ 101.234881965861817, 3.011994683011896 ], [ 101.234547831192231, 3.011876944428469 ], [ 101.234240705162989, 3.011753240150772 ], [ 101.23309213867482, 3.011265412376752 ], [ 101.232383236345981, 3.010810911769155 ], [ 101.231463341809274, 3.010275808203855 ], [ 101.231043885981251, 3.010078676865188 ], [ 101.230082888058021, 3.009758956161609 ], [ 101.229112961624068, 3.00914745538602 ], [ 101.226883957445224, 3.007938855330301 ], [ 101.225928477399464, 3.007181828467255 ], [ 101.224495500603425, 3.006497437276974 ], [ 101.221050161811107, 3.006511087724001 ], [ 101.220007830938187, 3.006030515962362 ], [ 101.219008900126099, 3.006190342583122 ], [ 101.217662092555287, 3.007805429570635 ], [ 101.217198451491271, 3.009901046612692 ], [ 101.217560000753153, 3.01116735158941 ], [ 101.21796448772669, 3.01345244324248 ], [ 101.219425957690547, 3.016669174795599 ], [ 101.219801821312544, 3.018284818702845 ], [ 101.220800031461948, 3.020861124193782 ], [ 101.222391941432221, 3.023815975155189 ], [ 101.224576453180191, 3.028604726472375 ], [ 101.225444766207659, 3.030875370014892 ], [ 101.227195696107302, 3.033102536331632 ], [ 101.227817859255737, 3.03480557795662 ], [ 101.228859861827303, 3.036654166923366 ], [ 101.229887092853843, 3.038546464070077 ], [ 101.231058981144812, 3.040846235232541 ], [ 101.232738036468234, 3.0426076546015 ], [ 101.234011494119585, 3.044863918883909 ], [ 101.235270594592777, 3.04695999078311 ], [ 101.236182125296793, 3.047935290945134 ], [ 101.237658745065119, 3.048576060876383 ], [ 101.237861198515716, 3.049696703053191 ], [ 101.238338849861805, 3.05051188333893 ], [ 101.239540372886069, 3.051079816722956 ], [ 101.241060558364808, 3.050337910196027 ], [ 101.240148008398151, 3.051953221504774 ], [ 101.241248041655425, 3.053729052923495 ], [ 101.241841373853461, 3.054209495340604 ], [ 101.243129870141772, 3.054049724085051 ], [ 101.244649515943706, 3.055490892523647 ], [ 101.248355208903291, 3.057587563132941 ], [ 101.24981748431685, 3.058068217049919 ], [ 101.251004560651907, 3.058868996054772 ], [ 101.252191356480608, 3.05934957897358 ], [ 101.252611279139472, 3.059189583227576 ], [ 101.253147314155157, 3.058374656353556 ], [ 101.254073557775897, 3.059670140641984 ], [ 101.25554980530184, 3.060470986017704 ], [ 101.257084202550431, 3.062072330363595 ], [ 101.259371645267365, 3.061912778624445 ], [ 101.260515385364968, 3.061752952596823 ] ] ], [ [ [ 101.321259284918099, 3.06804669498612 ], [ 101.32138965980532, 3.067959383787929 ], [ 101.323242782507478, 3.06797428575096 ], [ 101.323517550930276, 3.067945283753049 ], [ 101.323836255646995, 3.067901628305349 ], [ 101.324111395607403, 3.067814342149148 ], [ 101.32450211931598, 3.067785360180393 ], [ 101.324979992564991, 3.067741731375635 ], [ 101.325428704326342, 3.067654476785985 ], [ 101.326109357424741, 3.067392682629922 ], [ 101.326152575675579, 3.067363548951453 ], [ 101.326674054094795, 3.067130778005573 ], [ 101.327296382734829, 3.066781638673606 ], [ 101.327919057631746, 3.066519744168856 ], [ 101.32845492214625, 3.066388880195204 ], [ 101.328642916877229, 3.066287006967077 ], [ 101.328990432428554, 3.066228874737957 ], [ 101.329279982206629, 3.066097876665339 ], [ 101.329468329294187, 3.066039717160382 ], [ 101.329540733445739, 3.065908772909743 ], [ 101.329960622786814, 3.065894274016224 ], [ 101.330061818854986, 3.06586514917274 ], [ 101.330583273787838, 3.065763424509452 ], [ 101.330858051993687, 3.065676136565252 ], [ 101.331133211827719, 3.06545789200583 ], [ 101.331292742371147, 3.065443348657666 ], [ 101.331538711377746, 3.065356055668148 ], [ 101.331958617384728, 3.065239650589246 ], [ 101.332161383590474, 3.065094157815286 ], [ 101.332523329163934, 3.064875928255968 ], [ 101.332682526225753, 3.064701286090508 ], [ 101.332784089153137, 3.064628539646598 ], [ 101.332827322348564, 3.064512160498869 ], [ 101.332812930258186, 3.064439394709923 ], [ 101.333420844050494, 3.064133871486266 ], [ 101.33392805538584, 3.063056890981684 ], [ 101.334782327748599, 3.062474924405185 ], [ 101.335781418033378, 3.061558212661693 ], [ 101.336056313508976, 3.060743196166372 ], [ 101.336085652897737, 3.059695366528692 ], [ 101.336361388724171, 3.055940479023544 ], [ 101.336694379452069, 3.054383261795528 ], [ 101.33656489243107, 3.051254128719361 ], [ 101.335884518769618, 3.049885894771072 ], [ 101.336203076028951, 3.048503346445672 ], [ 101.336348378136961, 3.047397252247611 ], [ 101.335827222029366, 3.045723510407287 ], [ 101.334814278995708, 3.043380150699992 ], [ 101.334655545980311, 3.040745877456764 ], [ 101.335090120487138, 3.03895581651562 ], [ 101.33407720093598, 3.036510551334947 ], [ 101.333541510307768, 3.035680918937624 ], [ 101.333454908774087, 3.034574787288752 ], [ 101.333093251940397, 3.03310479038186 ], [ 101.333469722296314, 3.032086070790602 ], [ 101.333889733434759, 3.031256597302052 ], [ 101.334758361963225, 3.030805497318451 ], [ 101.335250709515265, 3.030223468302071 ], [ 101.335511495780651, 3.029757786773731 ], [ 101.33629355444198, 3.027982352747705 ], [ 101.336452825126955, 3.027312842646015 ], [ 101.336568861351921, 3.02678894481493 ], [ 101.336612126891936, 3.026454184253242 ], [ 101.336597739691442, 3.026352366446787 ], [ 101.337046699769317, 3.024605927824926 ], [ 101.337510385271855, 3.023092353455674 ], [ 101.337785845401442, 3.02092387497867 ], [ 101.337612094947389, 3.019832299454999 ], [ 101.337424355566185, 3.018406044738323 ], [ 101.337612545103255, 3.017023382226804 ], [ 101.337916777666535, 3.015058718287984 ], [ 101.338003955317006, 3.014840351115495 ], [ 101.338235575230271, 3.014331040980523 ], [ 101.338423990746833, 3.013778013215455 ], [ 101.338568899271849, 3.012832016629914 ], [ 101.338800541591382, 3.012177178609066 ], [ 101.33893102686342, 3.011347566130371 ], [ 101.339090280978425, 3.010750909669394 ], [ 101.339104714360943, 3.010561671993327 ], [ 101.339032349781434, 3.010474325914033 ], [ 101.339148476561292, 3.009353745595895 ], [ 101.339177340286994, 3.009004411457768 ], [ 101.339032612811351, 3.008815239122717 ], [ 101.339191808196361, 3.008596972590267 ], [ 101.33929344979542, 3.007985646581832 ], [ 101.339452738533822, 3.007170699634002 ], [ 101.339496416519609, 3.006486690060258 ], [ 101.339481692475047, 3.00623925446496 ], [ 101.339511008470993, 3.005293239093306 ], [ 101.339539898722904, 3.004769325951341 ], [ 101.339612342602578, 3.004347235242811 ], [ 101.339670395427262, 3.003852378752377 ], [ 101.339786399063485, 3.003503148446476 ], [ 101.339858840461417, 3.003095627911047 ], [ 101.339873331775237, 3.002542570375045 ], [ 101.33972871294641, 3.001669291518885 ], [ 101.339699663704849, 3.000927077859013 ], [ 101.33967090917983, 3.000592305452671 ], [ 101.339497417568637, 3.000141124229629 ], [ 101.339164403010173, 2.999718968715309 ], [ 101.338816972428944, 2.999384236131117 ], [ 101.338643438281565, 2.999209538455445 ], [ 101.334401922617644, 2.997302331057438 ], [ 101.334242786429698, 2.997171258131222 ], [ 101.334025679877314, 2.997011124437154 ], [ 101.333620253639353, 2.996821907622286 ], [ 101.333388736899778, 2.996705392830437 ], [ 101.332867722934566, 2.996516157436878 ], [ 101.332447900224622, 2.996283226363848 ], [ 101.332129241651643, 2.996181267893714 ], [ 101.329465777918898, 2.995627763362576 ], [ 101.326642999732314, 2.993880773472708 ], [ 101.324269052623904, 2.993327397640293 ], [ 101.322618958616971, 2.992308327469932 ], [ 101.321084388999978, 2.991667664419832 ], [ 101.318913042514311, 2.991871001879384 ], [ 101.319057919282542, 2.991172441039953 ], [ 101.317885330130679, 2.990007921968127 ], [ 101.316452281717289, 2.989527370283783 ], [ 101.314179542781957, 2.988915707821052 ], [ 101.312746497386044, 2.988435151343368 ], [ 101.310850088937698, 2.987605259224002 ], [ 101.310025267169351, 2.986906520810155 ], [ 101.306218105791118, 2.984999199804165 ], [ 101.30348240127725, 2.983936274966042 ], [ 101.30255608996201, 2.982990078391301 ], [ 101.300066444889481, 2.981330422536991 ], [ 101.296519911692585, 2.97996169809885 ], [ 101.294725130357932, 2.978840655919848 ], [ 101.292669458121352, 2.978709288346015 ], [ 101.289296911578091, 2.977093143845131 ], [ 101.286300866063399, 2.974458287215854 ], [ 101.284911323139937, 2.972696920570572 ], [ 101.28326135533058, 2.971386740667561 ], [ 101.28020706716255, 2.9701781687716 ], [ 101.278426615519379, 2.969551968425698 ], [ 101.277804179915734, 2.968896873127641 ], [ 101.277254351994799, 2.967150247936905 ], [ 101.276559965737562, 2.966204172821612 ], [ 101.276168894639056, 2.96633504480525 ], [ 101.275720292614864, 2.966087516095033 ], [ 101.275749248229872, 2.965388937062728 ], [ 101.275517818287696, 2.964923164351141 ], [ 101.274808571882431, 2.964442717440163 ], [ 101.274345689014538, 2.963627646398603 ], [ 101.27415769387332, 2.962113960739395 ], [ 101.273216946616699, 2.961517076695348 ], [ 101.272160331559519, 2.960570829561731 ], [ 101.271002660229058, 2.959056931254544 ], [ 101.269512080282269, 2.956829894046093 ], [ 101.266776172021906, 2.9555194528954 ], [ 101.266182823473599, 2.9552864589835 ], [ 101.265574664744051, 2.955271751623832 ], [ 101.26447448724771, 2.955970089399851 ], [ 101.263793484006044, 2.958051118285612 ], [ 101.263358688249511, 2.960496109630518 ], [ 101.262953290961534, 2.96189318637557 ], [ 101.262923994029876, 2.962475287528722 ], [ 101.263387228711821, 2.96329045225761 ], [ 101.263907762871526, 2.965502799155548 ], [ 101.26292318345493, 2.966084683914411 ], [ 101.263111137454445, 2.967714756322074 ], [ 101.263153745287539, 2.970392716298045 ], [ 101.263660107151267, 2.97318716758568 ], [ 101.263528869047931, 2.977145781010528 ], [ 101.26313763840092, 2.977960751956456 ], [ 101.264439825721979, 2.982167122037908 ], [ 101.267912904230613, 2.986621322327496 ], [ 101.268694178345513, 2.9887318200982 ], [ 101.270401720523878, 2.991890443941907 ], [ 101.271950285541109, 2.994263023331413 ], [ 101.273281891110898, 2.995878866505308 ], [ 101.273932856234183, 2.997858286389202 ], [ 101.274960087845628, 2.999968834904474 ], [ 101.275626286533466, 2.99979431096343 ], [ 101.276595635340698, 3.001497406455678 ], [ 101.276088867486052, 3.002079404633899 ], [ 101.276624227097699, 3.004175273326652 ], [ 101.278274285833632, 3.00523812356702 ], [ 101.278636072872118, 3.005718404824275 ], [ 101.28058970754094, 3.008411347240332 ], [ 101.281110600346608, 3.010856459063458 ], [ 101.282543686100297, 3.011220672746759 ], [ 101.282094424416897, 3.014014915140637 ], [ 101.283078234290315, 3.015543249574061 ], [ 101.284264996973008, 3.017755729007745 ], [ 101.285205447383802, 3.020026350333901 ], [ 101.285596301028562, 3.021030641664236 ], [ 101.28614600208266, 3.023548521343677 ], [ 101.286319317676217, 3.024756578427638 ], [ 101.286898203648789, 3.025469854427223 ], [ 101.287983891523069, 3.02547008135466 ], [ 101.289270590970801, 3.033867934295673 ], [ 101.289834911785888, 3.035396176904557 ], [ 101.290515237340173, 3.03667710024119 ], [ 101.290587378068864, 3.037841422726658 ], [ 101.291412558092091, 3.038671134228374 ], [ 101.291629555769489, 3.039369763435762 ], [ 101.292193597048339, 3.040534186472694 ], [ 101.29261311628224, 3.042295350780161 ], [ 101.293061926954692, 3.043459749801865 ], [ 101.293872280504658, 3.044624223735758 ], [ 101.294407757717835, 3.046385320003086 ], [ 101.295044240485581, 3.049063401140014 ], [ 101.296375923722607, 3.048961766314627 ], [ 101.295970573902011, 3.050125991618593 ], [ 101.29630312401531, 3.051057504988135 ], [ 101.297128317323882, 3.051887303192694 ], [ 101.29746086728629, 3.052818816219011 ], [ 101.29812678440689, 3.054216120025639 ], [ 101.299342834038086, 3.054347319661222 ], [ 101.299907318184424, 3.055162493167066 ], [ 101.300225373731692, 3.056574296363975 ], [ 101.300427861145451, 3.057855030139096 ], [ 101.301122707086876, 3.058670228708241 ], [ 101.308505269660145, 3.064289487860983 ], [ 101.308707602872119, 3.064536868269784 ], [ 101.309199758798769, 3.06513373248879 ], [ 101.309518410785188, 3.06536665452083 ], [ 101.309735529853555, 3.065512223822778 ], [ 101.311023893084922, 3.066080096718621 ], [ 101.311299023890868, 3.066036436870064 ], [ 101.311849273636653, 3.066021969496562 ], [ 101.312095212143802, 3.06610935055329 ], [ 101.312645440500816, 3.066211359124014 ], [ 101.314165412518847, 3.066473646907256 ], [ 101.314585273132224, 3.066619252606479 ], [ 101.315960482671088, 3.066881420351416 ], [ 101.317060916633011, 3.06721638977506 ], [ 101.318349345544576, 3.067449487517849 ], [ 101.319435023775753, 3.067740739693643 ], [ 101.320361542467694, 3.067988340172237 ], [ 101.320911776053975, 3.068061203325756 ], [ 101.321259284918099, 3.06804669498612 ] ] ], [ [ [ 101.473099866277764, 3.160578269566447 ], [ 101.472910609996902, 3.160391651197276 ], [ 101.471394200801441, 3.158852637711268 ], [ 101.471126327194781, 3.158583412653667 ], [ 101.470523125332633, 3.158228842066458 ], [ 101.469125621646086, 3.15813977354538 ], [ 101.468653527579789, 3.157959630480633 ], [ 101.467369804664202, 3.157168964305032 ], [ 101.46528309787972, 3.155414328435723 ], [ 101.463541914081148, 3.153939046519031 ], [ 101.46317054224761, 3.153476077756596 ], [ 101.462131416297964, 3.152169714887655 ], [ 101.461410100589447, 3.151268898405328 ], [ 101.460874471267616, 3.150604949927987 ], [ 101.458895472761412, 3.148124924338085 ], [ 101.458014219718635, 3.147019620826333 ], [ 101.457097339538819, 3.14481417166097 ], [ 101.456661550115044, 3.143767806590088 ], [ 101.455595824010146, 3.141208903494009 ], [ 101.454895991734517, 3.139528536328151 ], [ 101.454504843383376, 3.138589347436545 ], [ 101.454086929974608, 3.137585890691397 ], [ 101.451512595835709, 3.137675775975982 ], [ 101.451101904420881, 3.13627604623827 ], [ 101.451348151948054, 3.134287662617337 ], [ 101.455057904310792, 3.134312558321805 ], [ 101.45506330450452, 3.129361047333045 ], [ 101.455064579544469, 3.126865147036041 ], [ 101.455071516784912, 3.123602641939725 ], [ 101.455074986476191, 3.121987540329874 ], [ 101.455074902855074, 3.120646707049938 ], [ 101.45507483093958, 3.11949310587137 ], [ 101.452821884002475, 3.119622453467947 ], [ 101.452857514163099, 3.118387795870973 ], [ 101.452893133895444, 3.116980860738142 ], [ 101.45290739599514, 3.11665425042658 ], [ 101.45282884541551, 3.116639898744852 ], [ 101.452814499771151, 3.115577521630091 ], [ 101.452882290796083, 3.114791501351461 ], [ 101.452953635091745, 3.11372194076045 ], [ 101.450216294455643, 3.113555209886325 ], [ 101.450259057134048, 3.112124346795277 ], [ 101.444827237903297, 3.111923658653812 ], [ 101.44483784555365, 3.109950242645156 ], [ 101.442056481310146, 3.1097942599605 ], [ 101.443580275482958, 3.097058702747213 ], [ 101.443847749600948, 3.094940406069114 ], [ 101.444346531048652, 3.092896146982735 ], [ 101.44622097160844, 3.092906814653722 ], [ 101.448677380802096, 3.092910268106936 ], [ 101.451597937272822, 3.09291727760923 ], [ 101.454447086322858, 3.092920694339081 ], [ 101.458178114796453, 3.09292404609021 ], [ 101.459595548496324, 3.092923952460042 ], [ 101.460916582422897, 3.092923863485368 ], [ 101.468735676189681, 3.092937659484719 ], [ 101.468757004383647, 3.091677878445714 ], [ 101.473223230977368, 3.087980743986388 ], [ 101.476300661021611, 3.085432223288501 ], [ 101.476378906244662, 3.081724660962345 ], [ 101.4765603520176, 3.073864483162759 ], [ 101.470273245649295, 3.069243230249469 ], [ 101.46811905715073, 3.067640253462985 ], [ 101.470475319297606, 3.066036937235693 ], [ 101.471236944569966, 3.065606184795607 ], [ 101.472153254172383, 3.064828471833264 ], [ 101.472807750406176, 3.064146488471348 ], [ 101.473402718033341, 3.063165416368055 ], [ 101.475306510243229, 3.058810469271349 ], [ 101.480317907366569, 3.060426457790443 ], [ 101.480354352171133, 3.059385670942147 ], [ 101.480625702158406, 3.059514855908573 ], [ 101.48151115847709, 3.059913171551647 ], [ 101.481725349885295, 3.059636791049108 ], [ 101.481703648582737, 3.056374286233374 ], [ 101.479690032373, 3.056367280530745 ], [ 101.479657751034765, 3.054587081405554 ], [ 101.481175100711795, 3.054586951869644 ], [ 101.481096396769686, 3.052720617992953 ], [ 101.480132429068291, 3.052648918079086 ], [ 101.479568326118951, 3.052566416220022 ], [ 101.47893995319771, 3.052412137118654 ], [ 101.478029514539173, 3.052038944973142 ], [ 101.477269025080602, 3.051654972343244 ], [ 101.476512096532687, 3.051148968877677 ], [ 101.476083651000266, 3.050915711140642 ], [ 101.474223463238729, 3.049620189185883 ], [ 101.473887832943802, 3.049239769332596 ], [ 101.473605745201453, 3.048719369554535 ], [ 101.473491456092063, 3.048177421785441 ], [ 101.473480708272334, 3.047700069970969 ], [ 101.474033947936007, 3.04587316533653 ], [ 101.474155296358433, 3.045381446577489 ], [ 101.474215928417053, 3.044599014071755 ], [ 101.474176626639377, 3.044222159806587 ], [ 101.474126623015991, 3.043956569041081 ], [ 101.473912353248693, 3.043217227684875 ], [ 101.470709419156961, 3.036997533521713 ], [ 101.471467524374788, 3.034534917316533 ], [ 101.472710776361453, 3.030742622586069 ], [ 101.47708075524487, 3.032499418262633 ], [ 101.477962699696306, 3.032188943706927 ], [ 101.478252974070315, 3.030982975951872 ], [ 101.478662213615806, 3.029298449106219 ], [ 101.479237999856309, 3.02690086996851 ], [ 101.480951407776715, 3.023799727115502 ], [ 101.481422594993603, 3.022967011439632 ], [ 101.484611438449917, 3.017549558163011 ], [ 101.487809765830761, 3.012069883705809 ], [ 101.488704530131272, 3.010533659129381 ], [ 101.492821374990044, 3.003556027164937 ], [ 101.493459122115851, 3.002450517617627 ], [ 101.49542471496386, 2.999114839794437 ], [ 101.496609772624126, 2.9970665331237 ], [ 101.499084577504249, 2.992783271452883 ], [ 101.503167962308908, 2.985690754436737 ], [ 101.50387707659614, 2.984460808981354 ], [ 101.507022861106392, 2.979009800134791 ], [ 101.509502363447396, 2.974870080829363 ], [ 101.511267979268169, 2.971855026379236 ], [ 101.512857494672119, 2.969079263708803 ], [ 101.515027595301689, 2.965255410137589 ], [ 101.515651024776787, 2.964192959668275 ], [ 101.517730694214507, 2.960589244213131 ], [ 101.519691376979125, 2.957186529886844 ], [ 101.52045756346746, 2.955860858054754 ], [ 101.523774508798724, 2.950093942659085 ], [ 101.524041004448961, 2.949624932115153 ], [ 101.521662228938567, 2.949821434499036 ], [ 101.519127628063288, 2.950029903877338 ], [ 101.507268421339177, 2.949887668033265 ], [ 101.499628682382621, 2.949793370366673 ], [ 101.494845173667784, 2.949738180817298 ], [ 101.48869068438691, 2.949832068530486 ], [ 101.478887766779707, 2.949990828106885 ], [ 101.470227212781651, 2.950147025136439 ], [ 101.46942769635092, 2.952099567135966 ], [ 101.452044650543087, 2.952024124337719 ], [ 101.445152286895791, 2.950550560349319 ], [ 101.441725170677259, 2.950225314389599 ], [ 101.434813858750687, 2.950378757329882 ], [ 101.427483664575135, 2.950168473528037 ], [ 101.423066514946029, 2.950206901831945 ], [ 101.421676629984617, 2.95001552345288 ], [ 101.423790084421157, 2.952484778887335 ], [ 101.425922566339111, 2.954303201060786 ], [ 101.433214831502141, 2.957633643737182 ], [ 101.436089841246954, 2.958456631494723 ], [ 101.436667620326716, 2.959328255132859 ], [ 101.437854709407418, 2.960434459353953 ], [ 101.438245330975192, 2.961336797604838 ], [ 101.438433591320887, 2.962195499367054 ], [ 101.438462351565306, 2.962879610962048 ], [ 101.438245157857253, 2.9639128644796 ], [ 101.437897633969868, 2.964669715010255 ], [ 101.43752130116107, 2.965455522948637 ], [ 101.43649355764731, 2.966721674678361 ], [ 101.435190352089705, 2.968002376679644 ], [ 101.434090245229683, 2.96900651563665 ], [ 101.432063258343547, 2.970563647079624 ], [ 101.429501161764705, 2.972469983361174 ], [ 101.429208039167463, 2.972689351689129 ], [ 101.429195654142788, 2.972698621015969 ], [ 101.428409548428419, 2.973286929373184 ], [ 101.428361058091397, 2.973323218714973 ], [ 101.42751773644946, 2.973954344688603 ], [ 101.425056455568139, 2.975758863155235 ], [ 101.422595587903771, 2.976821164137591 ], [ 101.422551865209996, 2.976834684335242 ], [ 101.422528401587144, 2.976841939598522 ], [ 101.422134479162224, 2.976963749315514 ], [ 101.421425071262377, 2.977183114817362 ], [ 101.420901729306152, 2.977344942712493 ], [ 101.420047606175032, 2.977504969403505 ], [ 101.419396217774988, 2.977548536344 ], [ 101.419288569428872, 2.977536934014823 ], [ 101.419287726590696, 2.97753684319098 ], [ 101.418180239794339, 2.977417475315816 ], [ 101.417427328088579, 2.977228168132637 ], [ 101.416645620524093, 2.97693704392285 ], [ 101.41577714632983, 2.97650038265516 ], [ 101.414517654640875, 2.975757969230818 ], [ 101.413055820867442, 2.974768190528563 ], [ 101.411810764143127, 2.97372014764986 ], [ 101.410797597304068, 2.972686787085527 ], [ 101.410001540808821, 2.971857075759303 ], [ 101.409161945237798, 2.9707218228691 ], [ 101.409113738887072, 2.970636438254168 ], [ 101.408858374574095, 2.970184126128896 ], [ 101.408804499936892, 2.970088699698053 ], [ 101.408574686074772, 2.969681646219648 ], [ 101.40855387509275, 2.969644784156518 ], [ 101.408474125872857, 2.96945909170567 ], [ 101.408278835404488, 2.969004362667826 ], [ 101.408162659836435, 2.968533390421555 ], [ 101.408091297030012, 2.968244087550329 ], [ 101.408038396434961, 2.96802962663902 ], [ 101.408038140138444, 2.968029756307009 ], [ 101.407833285158929, 2.967199476335716 ], [ 101.407831258455062, 2.967191262144263 ], [ 101.407714811347788, 2.966719299604474 ], [ 101.407222758833583, 2.96491454090917 ], [ 101.406796683038422, 2.963720280583678 ], [ 101.406745066327559, 2.963575600026217 ], [ 101.406586524540671, 2.963189835351949 ], [ 101.406525855274211, 2.96304221313282 ], [ 101.405124027750929, 2.959631249831495 ], [ 101.404139821899108, 2.957200617142136 ], [ 101.403546579554558, 2.955585087324708 ], [ 101.402388730079508, 2.954129600279589 ], [ 101.400622973970357, 2.950156178275695 ], [ 101.400555217418358, 2.950046072305019 ], [ 101.400513526961973, 2.949978325582381 ], [ 101.400279468712782, 2.949597978453625 ], [ 101.400279447354563, 2.949597943766787 ], [ 101.398625630907347, 2.946910461024567 ], [ 101.395947682027384, 2.944508694925118 ], [ 101.392792310859562, 2.94193229265732 ], [ 101.391272618636876, 2.940491326107532 ], [ 101.389361983674561, 2.938264299668454 ], [ 101.38856596936759, 2.937405613488852 ], [ 101.387321160740356, 2.934698360730186 ], [ 101.387149300057985, 2.933901585795358 ], [ 101.387149282807783, 2.93390150733647 ], [ 101.38708790657455, 2.933616953404389 ], [ 101.387061945023717, 2.933496593312703 ], [ 101.38706060854409, 2.933490394233212 ], [ 101.387059526821346, 2.93342434094269 ], [ 101.387038463231036, 2.932138510586279 ], [ 101.387017693731124, 2.930870611770871 ], [ 101.387010641183963, 2.929793145870026 ], [ 101.387006255110279, 2.929123156569586 ], [ 101.386989017995504, 2.926489922793186 ], [ 101.38677234268232, 2.922531133806932 ], [ 101.385889927252762, 2.918470546082435 ], [ 101.385311189779728, 2.916345570084632 ], [ 101.384558489028592, 2.914715441571071 ], [ 101.383589049358406, 2.912954240495203 ], [ 101.382301012777219, 2.910741935922281 ], [ 101.38127324081951, 2.909068061275478 ], [ 101.38026019064732, 2.90775809801232 ], [ 101.379319487011088, 2.906681005451078 ], [ 101.377987743412717, 2.905778535529206 ], [ 101.376554804651988, 2.905050631503226 ], [ 101.375353349802424, 2.904599329211331 ], [ 101.374151859028544, 2.904453653662878 ], [ 101.372458137844148, 2.904584399398173 ], [ 101.370721146326233, 2.905210007004163 ], [ 101.367956091678764, 2.906606830888109 ], [ 101.364959474295802, 2.908309244490698 ], [ 101.362816923155947, 2.909880807461575 ], [ 101.360761122108642, 2.911583334508479 ], [ 101.358366284245321, 2.914106358309982 ], [ 101.358357744406334, 2.914115356071784 ], [ 101.356519312321609, 2.916487441722991 ], [ 101.354550053440988, 2.919689051022313 ], [ 101.352980509293445, 2.922509618727078 ], [ 101.352776447640736, 2.922876329719835 ], [ 101.351652648321306, 2.924589514778953 ], [ 101.351631671007965, 2.924621493085316 ], [ 101.351532976741396, 2.924771948281604 ], [ 101.351542818287086, 2.924775248014634 ], [ 101.352212828814615, 2.924999901401381 ], [ 101.357689213797556, 2.926151221639837 ], [ 101.357771638044767, 2.926677174255483 ], [ 101.357878145433958, 2.927111223289258 ], [ 101.358028260486563, 2.927523922801954 ], [ 101.358364468387194, 2.928349681186554 ], [ 101.358740813497249, 2.929104916768275 ], [ 101.359161987450193, 2.92989954638271 ], [ 101.359569140657825, 2.930698942457158 ], [ 101.359774277331667, 2.931132686671247 ], [ 101.359860371209081, 2.931320263441554 ], [ 101.360100849021308, 2.931788030762859 ], [ 101.360532609139256, 2.932521371353299 ], [ 101.360999053720803, 2.933220043739836 ], [ 101.36142037660278, 2.933963803052237 ], [ 101.361805046570268, 2.934764274673144 ], [ 101.362043751557408, 2.935369918518451 ], [ 101.362119410373651, 2.935561714287885 ], [ 101.362422528052818, 2.936364787709079 ], [ 101.362779298741884, 2.937179313175957 ], [ 101.363127466122734, 2.937957064239004 ], [ 101.363263920466196, 2.938336943751168 ], [ 101.363424644753067, 2.938782161866965 ], [ 101.363531328116878, 2.939243905454134 ], [ 101.363745393945521, 2.939922106261886 ], [ 101.363949607871248, 2.940182927972161 ], [ 101.364326691683502, 2.940455219243911 ], [ 101.364504797520112, 2.940573760497684 ], [ 101.364406162799526, 2.940570206187246 ], [ 101.364275894311177, 2.940628525468669 ], [ 101.364203510471924, 2.940744939449969 ], [ 101.364218797117005, 2.940806517607774 ], [ 101.364152879998471, 2.940910284162336 ], [ 101.364241624272921, 2.941257251867392 ], [ 101.364457421575878, 2.942128173938319 ], [ 101.364754996006511, 2.942902984004508 ], [ 101.365041423156995, 2.943743023607359 ], [ 101.365307891708312, 2.944591485050542 ], [ 101.365526540497285, 2.945442660906437 ], [ 101.365782009427576, 2.946304933217464 ], [ 101.366054228587757, 2.946989234707701 ], [ 101.366332297360401, 2.947809490565414 ], [ 101.366624141650107, 2.94862383000104 ], [ 101.366825960669559, 2.949469297536499 ], [ 101.366991410006165, 2.950354502465453 ], [ 101.367198816284599, 2.951202814362285 ], [ 101.367313947344101, 2.951559181662759 ], [ 101.367440077808979, 2.951915303051968 ], [ 101.367560646479234, 2.952345149201468 ], [ 101.367562489817416, 2.952345937955204 ], [ 101.367609904385347, 2.952561151484559 ], [ 101.367603861529162, 2.952571793689779 ], [ 101.367615125105189, 2.952628496527495 ], [ 101.367563266971004, 2.952726917594965 ], [ 101.367737149803943, 2.953603397083472 ], [ 101.367936086727667, 2.954474299828135 ], [ 101.368135304949604, 2.955342358191462 ], [ 101.368390498073936, 2.956199278055091 ], [ 101.368645690608446, 2.957064675533088 ], [ 101.369005224128671, 2.957791609039493 ], [ 101.369109112091479, 2.958156418085698 ], [ 101.36932802353158, 2.958911223280274 ], [ 101.369583579229598, 2.959425939258107 ], [ 101.369584764588964, 2.95942668587688 ], [ 101.369583014796106, 2.959430954006481 ], [ 101.369839876641677, 2.959910601323829 ], [ 101.369856431502313, 2.959916927872358 ], [ 101.370092125783501, 2.960461854159727 ], [ 101.370192167365744, 2.960684809454437 ], [ 101.370258699501719, 2.960827411586373 ], [ 101.3703255109575, 2.960969731266969 ], [ 101.370392288750111, 2.961112050942708 ], [ 101.370459382828514, 2.961254088993584 ], [ 101.370527039632435, 2.961395842120155 ], [ 101.370593289264249, 2.961538728329396 ], [ 101.370658660761549, 2.961681896145647 ], [ 101.370725473957137, 2.961824497426403 ], [ 101.370794817312259, 2.961965404034148 ], [ 101.370868657430464, 2.962103785989037 ], [ 101.370948120552029, 2.96223907757929 ], [ 101.371032679292583, 2.962371561246878 ], [ 101.371121137589654, 2.962501784531232 ], [ 101.37121216219947, 2.962630047205046 ], [ 101.37130430979272, 2.962757180908091 ], [ 101.371398145543026, 2.962882900719612 ], [ 101.371493949570663, 2.96300720664378 ], [ 101.371591158340593, 2.963130684221674 ], [ 101.371689491733235, 2.963253312801531 ], [ 101.371788106098123, 2.963375360781539 ], [ 101.371887600279749, 2.963497142006284 ], [ 101.371988463073151, 2.963617228532485 ], [ 101.372090768397157, 2.963736484233856 ], [ 101.372193037598677, 2.963855723407448 ], [ 101.372294463988055, 2.963975526636153 ], [ 101.372394519353193, 2.964096460467692 ], [ 101.372491728321464, 2.964219655513072 ], [ 101.37258696987152, 2.964344527061583 ], [ 101.372681367787237, 2.964469965144455 ], [ 101.372776328429282, 2.96459541974498 ], [ 101.372872973948134, 2.964719161481935 ], [ 101.372972152927943, 2.964840660976641 ], [ 101.37307417588417, 2.964959898411824 ], [ 101.373177851675905, 2.96507774259761 ], [ 101.373282685771713, 2.965194737783081 ], [ 101.373387802478533, 2.965311451336587 ], [ 101.373492883880473, 2.96542842833593 ], [ 101.373598280759893, 2.965544576969487 ], [ 101.373703924101804, 2.965660724770414 ], [ 101.373810164681117, 2.965776307665832 ], [ 101.373916124336262, 2.965892172998754 ], [ 101.374021803071116, 2.966008037491642 ], [ 101.374126883790936, 2.96612446852146 ], [ 101.374231720549119, 2.966241445446037 ], [ 101.374336237777555, 2.966358442177417 ], [ 101.374440792811754, 2.966475720525148 ], [ 101.374545627996568, 2.966592414967622 ], [ 101.374650428697691, 2.966709410846652 ], [ 101.374755263926104, 2.966826123438352 ], [ 101.374860380119074, 2.966942836023533 ], [ 101.374965461014384, 2.967059266146337 ], [ 101.375071139965328, 2.96717539647125 ], [ 101.375177662598077, 2.967290695958943 ], [ 101.375285870929702, 2.967404318916114 ], [ 101.375396610263735, 2.967515380832825 ], [ 101.375507911508492, 2.967626177636969 ], [ 101.375617245330616, 2.967738950742157 ], [ 101.375719234332507, 2.967858189580066 ], [ 101.375815601153363, 2.967982495954693 ], [ 101.375920717572882, 2.968098644359554 ], [ 101.37602949041235, 2.968211964976531 ], [ 101.376139103651184, 2.968324174780707 ], [ 101.376249281262375, 2.96843638458043 ], [ 101.376358615242339, 2.968548858641584 ], [ 101.376466507547192, 2.968662744934062 ], [ 101.37657218762763, 2.968778894108184 ], [ 101.376675897823901, 2.968896736308608 ], [ 101.376778449755662, 2.96901569177557 ], [ 101.376880755267962, 2.96913464723002 ], [ 101.376983869135728, 2.969253055949595 ], [ 101.377086737405662, 2.969371445661385 ], [ 101.377189569549486, 2.969490136809997 ], [ 101.377292437860177, 2.969608809779874 ], [ 101.377395550994066, 2.969727217634313 ], [ 101.377499543954997, 2.969844759963513 ], [ 101.377603782560669, 2.96996203800296 ], [ 101.377708337454919, 2.970079315209746 ], [ 101.377813173320277, 2.970196029157584 ], [ 101.377919379431376, 2.970311893276207 ], [ 101.378027028089207, 2.970425780236686 ], [ 101.378136923512074, 2.970537971672483 ], [ 101.378249350761834, 2.970647355122225 ], [ 101.378364060924326, 2.970754760594423 ], [ 101.378480142165046, 2.970860206249039 ], [ 101.378597383357572, 2.970964520443521 ], [ 101.378716276574579, 2.971066556857576 ], [ 101.378836610686463, 2.971167498152151 ], [ 101.37895694400143, 2.971268138812349 ], [ 101.379076715445692, 2.971369346009299 ], [ 101.379195081354126, 2.971472530342786 ], [ 101.37931116357008, 2.971577956087681 ], [ 101.379425276717612, 2.971685644720346 ], [ 101.379538862496659, 2.971793897414067 ], [ 101.379653258277528, 2.971901303573537 ], [ 101.37976962070384, 2.972006747441239 ], [ 101.379887986744365, 2.972109930873458 ], [ 101.380006915511373, 2.972213681678614 ], [ 101.380127213703716, 2.972316582648988 ], [ 101.380249233756118, 2.972415810921383 ], [ 101.380374101923508, 2.972509404207775 ], [ 101.3805048732915, 2.972593973935997 ], [ 101.380661898462407, 2.972638467911602 ], [ 101.38080814568481, 2.972603264966584 ], [ 101.380947755631965, 2.972535262036808 ], [ 101.381086031580949, 2.97245452397418 ], [ 101.381224798738756, 2.97237549877745 ], [ 101.381242222180546, 2.972377030088069 ], [ 101.381136702328504, 2.972483099870877 ], [ 101.381049843691557, 2.972614189884854 ], [ 101.381049834052845, 2.972697243087425 ], [ 101.38100985166146, 2.972758107016059 ], [ 101.381009445506663, 2.972918327354618 ], [ 101.381092038855869, 2.97304598871735 ], [ 101.381225023344484, 2.973137339695131 ], [ 101.381357202042139, 2.973221061150253 ], [ 101.381491066440077, 2.973302538678932 ], [ 101.381625809019454, 2.97338315232431 ], [ 101.381759955224297, 2.973464329200858 ], [ 101.381892976017838, 2.973547203241627 ], [ 101.382024872216562, 2.973632619324763 ], [ 101.382156207368439, 2.973718035388413 ], [ 101.382287540074373, 2.973803734713796 ], [ 101.382418875265117, 2.973889416679945 ], [ 101.382549927887027, 2.973975397598018 ], [ 101.38268098052923, 2.974061379326232 ], [ 101.382812034011621, 2.974147644316341 ], [ 101.382942771243449, 2.974234455197129 ], [ 101.383072980285718, 2.974321567506402 ], [ 101.383203190168388, 2.974408961426002 ], [ 101.383332838178291, 2.97449718616472 ], [ 101.38346192349681, 2.974585711506234 ], [ 101.3835906925638, 2.974675066842625 ], [ 101.383718933438828, 2.974765268690573 ], [ 101.383846578762316, 2.974856054419289 ], [ 101.38397397683876, 2.974947670143655 ], [ 101.384100777720974, 2.97503985075385 ], [ 101.38422705205474, 2.975132878702157 ], [ 101.384353009318843, 2.97522618991211 ], [ 101.384478720980553, 2.975320066009916 ], [ 101.384604116394215, 2.975414224543552 ], [ 101.384729230061794, 2.975508666339326 ], [ 101.384854344571067, 2.975603390572429 ], [ 101.384979493603765, 2.975698096621879 ], [ 101.385104608155729, 2.975792820000297 ], [ 101.385229440962775, 2.975887544189257 ], [ 101.385354590880894, 2.975982267539024 ], [ 101.385479704676371, 2.976076709248469 ], [ 101.385604819314594, 2.97617114929171 ], [ 101.385729933151822, 2.976265856080543 ], [ 101.385855083977617, 2.976360297746904 ], [ 101.385980197857478, 2.976455021024597 ], [ 101.386105030813695, 2.976549745112981 ], [ 101.386230180881242, 2.976644468361993 ], [ 101.386355013879424, 2.976739475699215 ], [ 101.386479847721162, 2.976834181575149 ], [ 101.386604399816335, 2.976929470508935 ], [ 101.386729268202146, 2.977024476977416 ], [ 101.386853820340107, 2.977119765056716 ], [ 101.386978372499456, 2.977215053121748 ], [ 101.387102643734551, 2.97731060793195 ], [ 101.387227230438285, 2.977406178420233 ], [ 101.387351220770967, 2.977501749719126 ], [ 101.387475492069854, 2.977597603456009 ], [ 101.387599482444571, 2.977693722286449 ], [ 101.387723191895475, 2.97778985927179 ], [ 101.38784693504779, 2.977886543803022 ], [ 101.387969519936419, 2.977984939546893 ], [ 101.388091507631515, 2.978084451043228 ], [ 101.388212966315891, 2.978185108849911 ], [ 101.388334144898153, 2.978286030925164 ], [ 101.388455043378173, 2.978387518715946 ], [ 101.388575941059017, 2.978488724041553 ], [ 101.388697119707601, 2.978589382619649 ], [ 101.388818579324038, 2.978688891556271 ], [ 101.388940601675088, 2.978786989046573 ], [ 101.389063467705995, 2.978883407504605 ], [ 101.389187458362073, 2.978977847960714 ], [ 101.389312328020722, 2.979069726515806 ], [ 101.389443663553948, 2.979150055917622 ], [ 101.389603573389181, 2.979169415362116 ], [ 101.389659682012578, 2.979165010905457 ], [ 101.389763557144221, 2.979156857738976 ], [ 101.390093584061717, 2.979597518510757 ], [ 101.390074075694145, 2.979725695447439 ], [ 101.390086603382855, 2.979878605875689 ], [ 101.390147761810894, 2.98002231923411 ], [ 101.390237945572451, 2.980157363273682 ], [ 101.390337125360702, 2.980278295446265 ], [ 101.390449273853719, 2.980388807438004 ], [ 101.390563108043565, 2.980498190434941 ], [ 101.390666258925805, 2.980616013951065 ], [ 101.390753351563703, 2.980746235624955 ], [ 101.390831974775196, 2.980882655550826 ], [ 101.39091116071981, 2.98101907629568 ], [ 101.390940925389899, 2.981012629409897 ], [ 101.39154572540464, 2.981867094198394 ], [ 101.391886798164407, 2.982441938762693 ], [ 101.392284594403137, 2.983245829079821 ], [ 101.39268287579236, 2.983763747634562 ], [ 101.392852786485534, 2.984338129928563 ], [ 101.393136652014448, 2.984970467228996 ], [ 101.39325014647784, 2.985200512968648 ], [ 101.393592269844106, 2.985488258036836 ], [ 101.393819541704687, 2.985948350228709 ], [ 101.393873203593628, 2.986166648808109 ], [ 101.393988865649305, 2.98663745973717 ], [ 101.394101721260114, 2.987211971722121 ], [ 101.394106204131731, 2.987218777796 ], [ 101.394546365223604, 2.989023166995662 ], [ 101.394496813088523, 2.989000671039472 ], [ 101.394486409470787, 2.989272103012805 ], [ 101.394452901860831, 2.989438386271666 ], [ 101.394424263487537, 2.98949583394165 ], [ 101.39430847090253, 2.989495821284747 ], [ 101.39419270353261, 2.989262839673817 ], [ 101.394033494355355, 2.989204609936253 ], [ 101.393917682846208, 2.989379356360349 ], [ 101.393917676511705, 2.989433867054184 ], [ 101.393867077400515, 2.989509858335924 ], [ 101.393865696243139, 2.990026414533411 ], [ 101.393749003584034, 2.990886843728134 ], [ 101.393745780204611, 2.992092330060474 ], [ 101.393744398167641, 2.992608887059354 ], [ 101.393689829675452, 2.992932961739505 ], [ 101.393555284373079, 2.993282603573117 ], [ 101.393533301637831, 2.993359979721546 ], [ 101.393513747119755, 2.993411926952733 ], [ 101.393398561123405, 2.9938134481152 ], [ 101.393283376686412, 2.994214969262608 ], [ 101.392994464448904, 2.995362601066677 ], [ 101.39294904024743, 2.995632359881848 ], [ 101.392758788238055, 2.995976916840295 ], [ 101.392237503576737, 2.996792443034229 ], [ 101.391716344619667, 2.997593416927355 ], [ 101.391542511470817, 2.997753602912962 ], [ 101.391583369325332, 2.997803357252413 ], [ 101.391502855033465, 2.997884002325829 ], [ 101.391776591058431, 2.998206605213276 ], [ 101.391812664549363, 2.998249248711947 ], [ 101.391368707174806, 2.998787710700103 ], [ 101.391079184878123, 2.999137195585366 ], [ 101.39121284250659, 2.999051629839117 ], [ 101.391208623326406, 2.999056547974109 ], [ 101.390746127969379, 2.999355575833528 ], [ 101.390727624804327, 2.999461036852205 ], [ 101.390630314073675, 2.999545000277227 ], [ 101.39057241359555, 2.999574099479898 ], [ 101.390553023199274, 2.999681345227187 ], [ 101.390412599629315, 2.999774917824818 ], [ 101.39012719454206, 2.999716778520566 ], [ 101.389898075978593, 2.999945615721689 ], [ 101.389726011730929, 3.00017460563094 ], [ 101.389617170455082, 3.000446321658488 ], [ 101.389611130014089, 3.000461398961225 ], [ 101.386667242504828, 3.001968939664109 ], [ 101.386336796607878, 3.002033148710914 ], [ 101.38606558652765, 3.001998357712572 ], [ 101.38555152175752, 3.001996682091408 ], [ 101.385037150145479, 3.002110013580569 ], [ 101.384579678266689, 3.002280864433068 ], [ 101.384575201928399, 3.002282847356807 ], [ 101.382450549142234, 3.002340320287506 ], [ 101.380409273990892, 3.002587721093183 ], [ 101.378498411155121, 3.002674928823779 ], [ 101.376992740358929, 3.002456198938932 ], [ 101.375212192876234, 3.002164668618808 ], [ 101.373938244279074, 3.001887877951466 ], [ 101.371202221775263, 3.001028158620228 ], [ 101.368220131807163, 3.00024128950625 ], [ 101.366859368439293, 2.999760488651576 ], [ 101.365802529468183, 2.999541929953762 ], [ 101.36490499150031, 2.999629124325999 ], [ 101.364383758518187, 2.999891254944291 ], [ 101.360980776308452, 3.006517566923677 ], [ 101.359948879002047, 3.010144482499482 ], [ 101.359808836436144, 3.010435029670394 ], [ 101.359629801764598, 3.01094911962134 ], [ 101.359534430591722, 3.01139477266196 ], [ 101.359537989040248, 3.011588672420041 ], [ 101.359402050260655, 3.012066469300168 ], [ 101.359176469136472, 3.013708945035233 ], [ 101.359124892910458, 3.013878954637323 ], [ 101.359093985154999, 3.014309517232168 ], [ 101.358920585749274, 3.015572047473716 ], [ 101.35882593083906, 3.015906224587621 ], [ 101.358787548939461, 3.016540695447405 ], [ 101.358691951434523, 3.017236742418894 ], [ 101.358683034554161, 3.019785567767369 ], [ 101.358614552796865, 3.020137592041164 ], [ 101.358558811225578, 3.020685930346285 ], [ 101.358556424932772, 3.021560677500647 ], [ 101.35678030528797, 3.02175134087539 ], [ 101.356794011661094, 3.027125704223199 ], [ 101.357155695371418, 3.029266645559124 ], [ 101.357474097066003, 3.029543444118778 ], [ 101.358521615512856, 3.029400910701904 ], [ 101.358520780456402, 3.029473572544382 ], [ 101.358467562006354, 3.029817611725445 ], [ 101.358329566981951, 3.030224435286535 ], [ 101.358295687578888, 3.030691169585972 ], [ 101.358213238145112, 3.031137705561426 ], [ 101.358223961316966, 3.031430773154931 ], [ 101.358301357454323, 3.03159997036983 ], [ 101.358341498539517, 3.031625995862412 ], [ 101.357748575997178, 3.034204133191561 ], [ 101.357762563127906, 3.037626795210468 ], [ 101.358165768053809, 3.037823457461094 ], [ 101.358171820749192, 3.037862220369783 ], [ 101.35806132228754, 3.041268175954129 ], [ 101.357931322572682, 3.042553575254078 ], [ 101.3579974596299, 3.043036973657322 ], [ 101.358050520398777, 3.043265730225615 ], [ 101.358167203960903, 3.04376650578713 ], [ 101.358397683878877, 3.044385715120357 ], [ 101.358484637723606, 3.044760377743954 ], [ 101.358483502979396, 3.045175207878402 ], [ 101.358483474760092, 3.045185381080997 ], [ 101.35840864516652, 3.045413784618328 ], [ 101.358412142147728, 3.046293478565976 ], [ 101.358293650859395, 3.047583712825053 ], [ 101.358277771385772, 3.049175465121309 ], [ 101.35838577781945, 3.049560641794148 ], [ 101.358539210221792, 3.049883209710782 ], [ 101.359143445103726, 3.050533683246615 ], [ 101.359872625848197, 3.052981454486331 ], [ 101.359842912025655, 3.053670878472222 ], [ 101.359939572833795, 3.053888169571116 ], [ 101.360449242618884, 3.054275862612548 ], [ 101.360496662194166, 3.054409090871109 ], [ 101.360521469190871, 3.054691461063736 ], [ 101.360511876767887, 3.055629615328789 ], [ 101.36048238829342, 3.055825648119894 ], [ 101.36036191025913, 3.056094902723077 ], [ 101.360384452121522, 3.056383200196669 ], [ 101.360583341826342, 3.057043017494642 ], [ 101.360594150501413, 3.05864049859852 ], [ 101.360650971623443, 3.059035992180168 ], [ 101.360649793683166, 3.05946664774315 ], [ 101.360599137090432, 3.059796850090127 ], [ 101.360568099954989, 3.061792097341408 ], [ 101.360327436778661, 3.06232467335921 ], [ 101.360274666070069, 3.062503122486508 ], [ 101.360279454623836, 3.062910340508584 ], [ 101.360356682386865, 3.063141708154392 ], [ 101.360411193140052, 3.063456940077905 ], [ 101.360450564093881, 3.063758284404198 ], [ 101.360490126446805, 3.064092126317152 ], [ 101.360489146688224, 3.06445044046552 ], [ 101.360455974435979, 3.06475949821514 ], [ 101.36040684844545, 3.065044209391979 ], [ 101.360381880864267, 3.065231494535549 ], [ 101.360324781025156, 3.065451188850694 ], [ 101.360227012351729, 3.06563799135761 ], [ 101.360121350846299, 3.065833249833367 ], [ 101.359937595146761, 3.066113634650644 ], [ 101.359792330328688, 3.066605498003808 ], [ 101.359743672250829, 3.066924119815226 ], [ 101.359535373143558, 3.067544105222305 ], [ 101.359520429818403, 3.067971332097745 ], [ 101.359579156491975, 3.068594595372724 ], [ 101.359577980580141, 3.069023839423113 ], [ 101.359484411229332, 3.069626901542423 ], [ 101.359374594882937, 3.069902119928806 ], [ 101.359248865791344, 3.070034590154202 ], [ 101.359072278173556, 3.070160136397706 ], [ 101.358895141430622, 3.070383739412697 ], [ 101.358776079487697, 3.070647346411724 ], [ 101.358756039021401, 3.070780106989745 ], [ 101.358788288843556, 3.071217920483893 ], [ 101.358892052805786, 3.071509834272425 ], [ 101.35908873137808, 3.071746051630586 ], [ 101.358799532198461, 3.073473267154049 ], [ 101.358586593109777, 3.073734355799467 ], [ 101.35844586550833, 3.073800375126614 ], [ 101.358279614069744, 3.073949122985844 ], [ 101.358170352951888, 3.074430912979178 ], [ 101.357951236354509, 3.074689440253428 ], [ 101.357825668452648, 3.07476256746877 ], [ 101.357608485536858, 3.07482837630631 ], [ 101.357265970506674, 3.074881123351983 ], [ 101.356966259280711, 3.075008591480382 ], [ 101.356145120946707, 3.075545501868269 ], [ 101.355565528528913, 3.075743410141992 ], [ 101.355468874393935, 3.075830744785049 ], [ 101.355494177495871, 3.075931132198979 ], [ 101.356180068900926, 3.077661035738711 ], [ 101.356094364570978, 3.078059811164211 ], [ 101.355954642125269, 3.078169351608069 ], [ 101.355410697357414, 3.07838487774296 ], [ 101.355342168211351, 3.078466355289184 ], [ 101.355324426458353, 3.078580471596546 ], [ 101.355437463000527, 3.078873824658803 ], [ 101.355414484348998, 3.079154934673851 ], [ 101.355306118154914, 3.079309774745035 ], [ 101.354931880231007, 3.079450036088873 ], [ 101.354812088918919, 3.079568674092115 ], [ 101.354744470746169, 3.079727300430358 ], [ 101.354686684835627, 3.079990794088903 ], [ 101.354616589417674, 3.080130480418736 ], [ 101.354428493110461, 3.080249211954671 ], [ 101.35425317848744, 3.08021707945594 ], [ 101.354023206814404, 3.080230574194717 ], [ 101.353766615211143, 3.080316054220485 ], [ 101.353686346610132, 3.080372915068204 ], [ 101.353336998626546, 3.08076305012204 ], [ 101.353143535079937, 3.081095119392187 ], [ 101.352945734067546, 3.081267233593392 ], [ 101.35282538852934, 3.081485057113736 ], [ 101.352469377269003, 3.081844653055002 ], [ 101.35238579672577, 3.081879464328913 ], [ 101.352018987667677, 3.082280853420015 ], [ 101.351801589862703, 3.082423806525808 ], [ 101.351578146006872, 3.08261817290813 ], [ 101.351377176700183, 3.082715675000891 ], [ 101.35131534782542, 3.08281356193078 ], [ 101.351211655125823, 3.082904267981796 ], [ 101.350988462420744, 3.083007360414933 ], [ 101.350777727361319, 3.083282299976242 ], [ 101.350462503464442, 3.08352869078141 ], [ 101.350112767872275, 3.083650366494207 ], [ 101.349975644437137, 3.083733915761513 ], [ 101.349872963012643, 3.083865598597944 ], [ 101.349868399876129, 3.084297094521054 ], [ 101.349549208906396, 3.08465679238516 ], [ 101.349441269328921, 3.084656494334851 ], [ 101.349247451157098, 3.084708519175904 ], [ 101.348866397313941, 3.084871930806303 ], [ 101.348663798427467, 3.085049963907141 ], [ 101.348565621668072, 3.085280848230807 ], [ 101.348239902425036, 3.085561120517842 ], [ 101.347987629687353, 3.085709910444721 ], [ 101.347541262417081, 3.085909310915842 ], [ 101.346949192773934, 3.086346245938082 ], [ 101.346316261743297, 3.086922099474214 ], [ 101.345703220699875, 3.087420013453974 ], [ 101.34509206740465, 3.088048488085124 ], [ 101.344489876006847, 3.088790020780287 ], [ 101.343733021156027, 3.089654896658896 ], [ 101.343361295068988, 3.090204626187111 ], [ 101.342924587159175, 3.090771695395514 ], [ 101.342582966894824, 3.091311052885871 ], [ 101.342281240968248, 3.091654406697018 ], [ 101.341572944288842, 3.092238241824639 ], [ 101.341496932566542, 3.092381302326069 ], [ 101.341490121135053, 3.09270936641021 ], [ 101.341434243830676, 3.092788617005342 ], [ 101.34130638732249, 3.092874451563033 ], [ 101.341024254874952, 3.092943750753392 ], [ 101.340792804813674, 3.093083270171899 ], [ 101.340620123811078, 3.093418786817613 ], [ 101.340236856230447, 3.093871555476199 ], [ 101.34009321792729, 3.094174654270113 ], [ 101.339903402743602, 3.094403869304094 ], [ 101.339813490920108, 3.094592670396599 ], [ 101.339334991150508, 3.095124580824991 ], [ 101.339168735454464, 3.095271064286395 ], [ 101.339126587086923, 3.095366744633471 ], [ 101.339151464576602, 3.095620010209834 ], [ 101.339095010321714, 3.09590696040929 ], [ 101.339104516351981, 3.096229135040365 ], [ 101.338956481928491, 3.096394319728629 ], [ 101.338738240641661, 3.096433275182479 ], [ 101.338659057159035, 3.096503136726795 ], [ 101.338533545557496, 3.096554218835424 ], [ 101.338328782819929, 3.096800912599166 ], [ 101.337970559716027, 3.097040398870288 ], [ 101.337928484755352, 3.097109231457232 ], [ 101.337890871166962, 3.097292243831767 ], [ 101.337764843598691, 3.097528700385071 ], [ 101.337608962438409, 3.097684537181097 ], [ 101.337323941000804, 3.097882120812636 ], [ 101.336928034939092, 3.098329201377349 ], [ 101.336852742079628, 3.098718679375462 ], [ 101.336572505972669, 3.098914014984674 ], [ 101.336469611508505, 3.099120298993289 ], [ 101.336366241276167, 3.099194614770945 ], [ 101.336213398421791, 3.099470841683103 ], [ 101.336096070594778, 3.099510077478487 ], [ 101.335821967349034, 3.099520900855771 ], [ 101.335759122631359, 3.099578091519945 ], [ 101.335750786125857, 3.099644475333609 ], [ 101.335651359185903, 3.099918024880185 ], [ 101.335569455534511, 3.100157430122594 ], [ 101.335483137400303, 3.100367152179187 ], [ 101.335340234905672, 3.100404055126692 ], [ 101.335222737075696, 3.10050432912587 ], [ 101.335122827857191, 3.100547004664397 ], [ 101.334991123090276, 3.100701777729383 ], [ 101.334814902673884, 3.100994330041212 ], [ 101.33460703686535, 3.101142956232306 ], [ 101.334441842634192, 3.101210317180876 ], [ 101.334228884022991, 3.101370798537722 ], [ 101.334179676001014, 3.101578361906997 ], [ 101.333907530033542, 3.101794630776415 ], [ 101.333879539369732, 3.101852766302695 ], [ 101.333853248152877, 3.102108150955558 ], [ 101.333821644984383, 3.102151298220924 ], [ 101.333696147578024, 3.102196445786021 ], [ 101.333560536218442, 3.10213898630414 ], [ 101.333212270757642, 3.102132081692194 ], [ 101.333092667088039, 3.102180918703395 ], [ 101.332867083478888, 3.102332039405943 ], [ 101.332668972109559, 3.102611531351748 ], [ 101.332590928419592, 3.102675460182819 ], [ 101.332426058333397, 3.102727562692577 ], [ 101.331864059689678, 3.103259237079995 ], [ 101.33168464724254, 3.103486218748593 ], [ 101.331605654164534, 3.103890945137529 ], [ 101.331437214118338, 3.103912516990067 ], [ 101.331377974670843, 3.103986954426365 ], [ 101.331200140897565, 3.10405088840802 ], [ 101.331094031548517, 3.104199798617747 ], [ 101.33108510984421, 3.104475295134851 ], [ 101.331058217709042, 3.104542758126962 ], [ 101.330980422066389, 3.104618557216886 ], [ 101.330872464555299, 3.104623907905362 ], [ 101.330811017207679, 3.104583044922688 ], [ 101.330696014382198, 3.10459431015434 ], [ 101.330375017381812, 3.104788399658293 ], [ 101.33031802645678, 3.104862842937995 ], [ 101.330375852123453, 3.104892111219689 ], [ 101.330652206277293, 3.104881295193173 ], [ 101.330683497883754, 3.104950051429326 ], [ 101.330677401305081, 3.105018985630953 ], [ 101.33047163086934, 3.105121272618841 ], [ 101.330087577071779, 3.105448001423343 ], [ 101.330062082203725, 3.105518012304727 ], [ 101.329773316570069, 3.105745819966923 ], [ 101.329686392723588, 3.105768749743689 ], [ 101.329555214735706, 3.105733625089792 ], [ 101.329373014062753, 3.105750637794999 ], [ 101.329281212192186, 3.105808594476299 ], [ 101.329263448746701, 3.105928643357227 ], [ 101.327310901336105, 3.110660754576057 ], [ 101.327154344838348, 3.110855301967545 ], [ 101.327033751132049, 3.110854966147056 ], [ 101.326847750847037, 3.110923114989982 ], [ 101.326604770763282, 3.111061469269388 ], [ 101.326518972861706, 3.111083270687296 ], [ 101.326404868246627, 3.111175357726023 ], [ 101.326346625201879, 3.111295294277402 ], [ 101.326334147646619, 3.111535457694403 ], [ 101.325945378045617, 3.111938187822094 ], [ 101.325671570966875, 3.111941943932812 ], [ 101.325425566634621, 3.111855067972044 ], [ 101.325282782325488, 3.111848735541477 ], [ 101.325071465242871, 3.111923030371603 ], [ 101.324779540901432, 3.112072549600761 ], [ 101.324517091770929, 3.112135963522148 ], [ 101.324339457806488, 3.112127555034267 ], [ 101.32399728037521, 3.112052843791453 ], [ 101.323625825445305, 3.11209390985311 ], [ 101.322871750977413, 3.112348390390977 ], [ 101.321789007674994, 3.112623143691072 ], [ 101.321068010916903, 3.112709859158792 ], [ 101.320401439559561, 3.112835157004933 ], [ 101.319914603551425, 3.11302171434244 ], [ 101.319744643406764, 3.113183442550373 ], [ 101.319600783802599, 3.113561139959973 ], [ 101.319304356649525, 3.114112199967365 ], [ 101.319214272925166, 3.114359211233824 ], [ 101.31914158451967, 3.114717892472676 ], [ 101.319093126680443, 3.114956541166026 ], [ 101.318907593611257, 3.11525810692731 ], [ 101.318480270957977, 3.115873512901747 ], [ 101.318207096389074, 3.116452614373073 ], [ 101.318403307536727, 3.11645316361957 ], [ 101.317329403233813, 3.118981844298975 ], [ 101.314311144220127, 3.12587526922456 ], [ 101.313740949926427, 3.12710970217109 ], [ 101.313510462091415, 3.127699943874681 ], [ 101.313594154458386, 3.127927661344266 ], [ 101.315582650636898, 3.128755855331526 ], [ 101.315530226003361, 3.129104420575839 ], [ 101.315456436208805, 3.129353172674066 ], [ 101.314152693625687, 3.128935804427166 ], [ 101.313835890365439, 3.129830149341401 ], [ 101.313578043262908, 3.130552846847536 ], [ 101.313346761194637, 3.131424543058282 ], [ 101.313215535724268, 3.131704500771392 ], [ 101.313066728034485, 3.131939194877275 ], [ 101.313012244906758, 3.132119897388809 ], [ 101.313002868325086, 3.132354983199585 ], [ 101.312988801283382, 3.132657876646569 ], [ 101.312965661651916, 3.132888403422863 ], [ 101.312857358844795, 3.133014698029639 ], [ 101.312762639464623, 3.133208851150107 ], [ 101.312807043490366, 3.133412156105427 ], [ 101.31292387165125, 3.133552647509953 ], [ 101.313148378543517, 3.133688638277822 ], [ 101.313363889839081, 3.133824602742621 ], [ 101.313466879174214, 3.13398766270709 ], [ 101.313484668362918, 3.134159526137214 ], [ 101.313385180769956, 3.134349144062209 ], [ 101.313254606036551, 3.134497983585654 ], [ 101.313060984700272, 3.13457430300546 ], [ 101.312817963497636, 3.134623637304305 ], [ 101.312534500985748, 3.134659294495726 ], [ 101.3122732734587, 3.134884629592984 ], [ 101.312146979028782, 3.135010873234772 ], [ 101.312070146136989, 3.13524124900206 ], [ 101.312069649315816, 3.135417581578559 ], [ 101.312046854490163, 3.135625501553879 ], [ 101.311938486363516, 3.135774402831475 ], [ 101.311834807111424, 3.135855495644884 ], [ 101.311690750623328, 3.135900305407417 ], [ 101.311551574591789, 3.135909239327245 ], [ 101.311331055279666, 3.135953831920066 ], [ 101.311227387778558, 3.136030687912579 ], [ 101.311164036662362, 3.136166151287437 ], [ 101.311109871956191, 3.13633300783335 ], [ 101.311010614034103, 3.136441524204962 ], [ 101.31083505948979, 3.136490766454324 ], [ 101.310623598986567, 3.136513060840281 ], [ 101.310578544606287, 3.13663953338325 ], [ 101.31063218704422, 3.136756957600631 ], [ 101.310789252420918, 3.136883998699062 ], [ 101.310946394636375, 3.136983628029796 ], [ 101.311157523632502, 3.137078889175628 ], [ 101.311400021561184, 3.137215213673644 ], [ 101.3115797936197, 3.13736464262655 ], [ 101.311711872745931, 3.137480309374948 ], [ 101.311812902020733, 3.137640820685609 ], [ 101.311942995024353, 3.137862452492069 ], [ 101.312036976173914, 3.138030008007337 ], [ 101.312189238317899, 3.138265266776564 ], [ 101.31249925636665, 3.138482883980681 ], [ 101.312633770151251, 3.138632185543898 ], [ 101.312633476674193, 3.138736176079493 ], [ 101.312588103487784, 3.138876212095313 ], [ 101.312475505986896, 3.139029623227561 ], [ 101.312371979096852, 3.139056742422728 ], [ 101.312214618870257, 3.139033692915066 ], [ 101.311980668225615, 3.139055925612717 ], [ 101.311832151917955, 3.139186628118593 ], [ 101.311822658515609, 3.139362936062148 ], [ 101.311889807844338, 3.13947587669549 ], [ 101.312024664985032, 3.139503385159463 ], [ 101.312024422067154, 3.139589290597118 ], [ 101.311952291914366, 3.139647865675113 ], [ 101.311723184482929, 3.139647503446818 ], [ 101.31148923371191, 3.139669452753592 ], [ 101.311304567352138, 3.139759643118117 ], [ 101.311119761728435, 3.139899287071457 ], [ 101.310953087553074, 3.14008871716242 ], [ 101.310822140488213, 3.140269203992312 ], [ 101.310727290149202, 3.140508570434734 ], [ 101.310677290897218, 3.140793278525379 ], [ 101.31061827061022, 3.1409875323651 ], [ 101.31051009241979, 3.141168084458782 ], [ 101.310401787619909, 3.141294377935701 ], [ 101.310239125221472, 3.141655633139295 ], [ 101.310107424001188, 3.142202350034604 ], [ 101.310021593548854, 3.142432700960486 ], [ 101.309894824386902, 3.142726235102386 ], [ 101.309790709429194, 3.143060525600066 ], [ 101.309763071256597, 3.143390226733741 ], [ 101.309744351266332, 3.143647893736976 ], [ 101.309635981003865, 3.143896265227178 ], [ 101.309545525494357, 3.144072345593703 ], [ 101.309473241093315, 3.144284647913332 ], [ 101.309427661111911, 3.144596496280132 ], [ 101.309422218900195, 3.144930782720835 ], [ 101.309358634699521, 3.145247101006554 ], [ 101.309299650910674, 3.145527262662991 ], [ 101.309289760185251, 3.145843732895607 ], [ 101.309195087962323, 3.146019800507065 ], [ 101.30909543208233, 3.146268196540999 ], [ 101.309094932898304, 3.146543717939152 ], [ 101.309076353476897, 3.146851121820367 ], [ 101.309021482998205, 3.147167465516169 ], [ 101.309021113767741, 3.147397773357598 ], [ 101.309078932347447, 3.147628527530727 ], [ 101.309137009067896, 3.147868325918966 ], [ 101.309113982216658, 3.148057876544703 ], [ 101.308987913609684, 3.148202489761244 ], [ 101.308906580901393, 3.148333381139503 ], [ 101.308789086025314, 3.148527470086929 ], [ 101.308752579917197, 3.148811932950515 ], [ 101.308828671888065, 3.149042739751252 ], [ 101.308940607080231, 3.1492236290734 ], [ 101.308962405393018, 3.149467846416557 ], [ 101.309007115600068, 3.149662392222889 ], [ 101.309029030447348, 3.14986563524858 ], [ 101.308902896611173, 3.150032854392525 ], [ 101.308772163312284, 3.150136478020833 ], [ 101.308632269465349, 3.150298854761936 ], [ 101.308559867908556, 3.150551849665775 ], [ 101.308572989358254, 3.150782477326384 ], [ 101.308626171152895, 3.151062672383096 ], [ 101.308670765673241, 3.151297910886573 ], [ 101.308697241329313, 3.151478559875337 ], [ 101.30872821422669, 3.15175897371162 ], [ 101.308727368895433, 3.152057385106144 ], [ 101.308758675390408, 3.15221996093587 ], [ 101.308811959464308, 3.152464268252112 ], [ 101.308766659275207, 3.152676646063163 ], [ 101.308631070857885, 3.152906856669754 ], [ 101.308644372228727, 3.153073903235347 ], [ 101.308733843982225, 3.153245968795059 ], [ 101.308769032617477, 3.153526395337344 ], [ 101.308719185024373, 3.15375656469296 ], [ 101.308745557705024, 3.153973666299958 ], [ 101.308817292719453, 3.154154725120731 ], [ 101.308816589262207, 3.1544031188216 ], [ 101.308686034173391, 3.154543197541398 ], [ 101.308519253586866, 3.154669325986152 ], [ 101.308428859182214, 3.15492226989814 ], [ 101.308414738298254, 3.155143780196411 ], [ 101.308306352968145, 3.155396673138852 ], [ 101.30819809544208, 3.155504881219634 ], [ 101.30808981336628, 3.155622132657763 ], [ 101.308044794182251, 3.155735040787318 ], [ 101.308039643696276, 3.15596561827274 ], [ 101.308111021392818, 3.156272993596411 ], [ 101.308105741398094, 3.156648255924655 ], [ 101.307988180383475, 3.156864952319147 ], [ 101.30787984546285, 3.157099760114877 ], [ 101.307851986948862, 3.157406854290692 ], [ 101.307941445100141, 3.157682912894794 ], [ 101.308048947700769, 3.157841183617302 ], [ 101.308142916133093, 3.15811273326007 ], [ 101.308074909487488, 3.158302441340204 ], [ 101.307971251868778, 3.158473963249621 ], [ 101.307925657571644, 3.158690579374152 ], [ 101.307934038116088, 3.159007102964063 ], [ 101.307956040788227, 3.159178978287207 ], [ 101.307937663520846, 3.159414039238786 ], [ 101.307873962516524, 3.159671297897872 ], [ 101.307734218138137, 3.159879172114611 ], [ 101.307648155353434, 3.160091152679603 ], [ 101.307679550603694, 3.160222362483008 ], [ 101.30774176564266, 3.160489301248866 ], [ 101.307683151369417, 3.160638343766847 ], [ 101.307543240765426, 3.160805241145366 ], [ 101.307506565243912, 3.161049294452304 ], [ 101.307587142639576, 3.161284351630913 ], [ 101.307676524505851, 3.161488068231391 ], [ 101.307712007591888, 3.161763693130168 ], [ 101.307617102488919, 3.161921674566735 ], [ 101.30751785239336, 3.162124858460942 ], [ 101.30751731418232, 3.162314755976338 ], [ 101.307588830718075, 3.16257267853533 ], [ 101.307565521825083, 3.162861701975701 ], [ 101.307466386548555, 3.16302419235489 ], [ 101.307312852858843, 3.163236548266131 ], [ 101.307262772099307, 3.16354810284273 ], [ 101.307159086802557, 3.163728666352162 ], [ 101.307095294892676, 3.164017857515349 ], [ 101.307113003237518, 3.164216850218729 ], [ 101.30716663309677, 3.164339080365284 ], [ 101.307242662796867, 3.164492741091791 ], [ 101.307219813467569, 3.164619274603128 ], [ 101.306889808672054, 3.16484464381224 ], [ 101.307318245007068, 3.165307673032932 ], [ 101.307868081846692, 3.165777889864106 ], [ 101.308364368084526, 3.166144018031704 ], [ 101.308942787827547, 3.166391711718993 ], [ 101.309589032762787, 3.166858346032681 ], [ 101.309867521691388, 3.167106016054978 ], [ 101.310453088422278, 3.167289105480143 ], [ 101.311417136462993, 3.167526059803762 ], [ 101.311813471478942, 3.167569158899448 ], [ 101.31270256952358, 3.167364645848132 ], [ 101.313305971436066, 3.167802561824373 ], [ 101.314030778189149, 3.168193827866177 ], [ 101.314709176673091, 3.168455882087029 ], [ 101.315116217914508, 3.168585119347363 ], [ 101.315708928894068, 3.168750260786179 ], [ 101.315851750613774, 3.168793340268048 ], [ 101.316016034076881, 3.168294465565471 ], [ 101.316130318959594, 3.167935562604075 ], [ 101.316887340514086, 3.167199848205602 ], [ 101.318762035791607, 3.165373120298382 ], [ 101.320836690759265, 3.163352590005033 ], [ 101.321568710483419, 3.162631226752899 ], [ 101.323054170195022, 3.161192089078364 ], [ 101.324796724447609, 3.15948737089158 ], [ 101.325182371116611, 3.159106948946564 ], [ 101.328452821906865, 3.162649599398534 ], [ 101.343370802860562, 3.162119178823855 ], [ 101.343334875964857, 3.167154702147017 ], [ 101.343309710635339, 3.171045298702246 ], [ 101.343273837892255, 3.174824632017202 ], [ 101.343270251905977, 3.175172775705199 ], [ 101.349704548284549, 3.17512638372513 ], [ 101.351550569982535, 3.175112096301979 ], [ 101.359234590055152, 3.175054922240011 ], [ 101.36939306323886, 3.174979795609871 ], [ 101.369410911544065, 3.1752382120704 ], [ 101.369400183292086, 3.176099598918222 ], [ 101.369386934819644, 3.184317469701712 ], [ 101.369392851919727, 3.186106043990225 ], [ 101.370059380084626, 3.186022310639522 ], [ 101.391786956344248, 3.186118193691732 ], [ 101.400250679145728, 3.18620926022803 ], [ 101.400603050580898, 3.192015243062049 ], [ 101.404421317298144, 3.191984087431268 ], [ 101.409530986533653, 3.191958874463783 ], [ 101.413355204751056, 3.191962380139281 ], [ 101.416408152578825, 3.191983837944356 ], [ 101.421017929037149, 3.192010599558811 ], [ 101.425384890173717, 3.192019450305262 ], [ 101.427741753826481, 3.1919795352842 ], [ 101.429727403266781, 3.19070268167915 ], [ 101.434015367459779, 3.187703944046829 ], [ 101.440037713943568, 3.183492439157244 ], [ 101.446993106913141, 3.178634807292031 ], [ 101.451744253148817, 3.175279906646193 ], [ 101.454138857785637, 3.173595268816003 ], [ 101.455524207775142, 3.172709866412712 ], [ 101.457152348513546, 3.17167609626466 ], [ 101.465961834453893, 3.165486666538272 ], [ 101.466412040737552, 3.165170353553066 ], [ 101.467327633796657, 3.164538930148042 ], [ 101.468355541831301, 3.163851285565822 ], [ 101.469500289096871, 3.162989870179905 ], [ 101.469728167488313, 3.162818375256701 ], [ 101.470997770369266, 3.161971332025065 ], [ 101.471915365309954, 3.161364699287013 ], [ 101.473099866277764, 3.160578269566447 ] ], [ [ 101.391775360860791, 2.998371068040377 ], [ 101.391825807649468, 2.998264786821913 ], [ 101.391827545111624, 2.998266840785914 ], [ 101.391780696440676, 2.998364551818897 ], [ 101.391775360860791, 2.998371068040377 ] ] ] ] } }
]
}